Postleitzahl,bundesland,group,treated,year,operator_type,anzahl_anlagen,netto_kw,brutto_kw,flaeche_km2,post2023,post2024
21029,Hamburg,HH_grenze,1,2015,organisation,1.0,10.0,10.46,6.453903,0,0
21029,Hamburg,HH_grenze,1,2015,privat,1.0,6.76,6.76,6.453903,0,0
21029,Hamburg,HH_grenze,1,2016,organisation,0.0,0.0,0.0,6.453903,0,0
21029,Hamburg,HH_grenze,1,2016,privat,2.0,35.86,36.7,6.453903,0,0
21029,Hamburg,HH_grenze,1,2017,organisation,0.0,0.0,0.0,6.453903,0,0
21029,Hamburg,HH_grenze,1,2017,privat,4.0,24.6,26.79,6.453903,0,0
21029,Hamburg,HH_grenze,1,2018,organisation,0.0,0.0,0.0,6.453903,0,0
21029,Hamburg,HH_grenze,1,2018,privat,0.0,0.0,0.0,6.453903,0,0
21029,Hamburg,HH_grenze,1,2019,organisation,1.0,28.32,28.32,6.453903,0,0
21029,Hamburg,HH_grenze,1,2019,privat,3.0,22.2,23.48,6.453903,0,0
21029,Hamburg,HH_grenze,1,2020,organisation,3.0,66.42,66.42,6.453903,0,0
21029,Hamburg,HH_grenze,1,2020,privat,4.0,76.39,93.44,6.453903,0,0
21029,Hamburg,HH_grenze,1,2021,organisation,3.0,114.75,133.9,6.453903,0,0
21029,Hamburg,HH_grenze,1,2021,privat,7.0,62.14,73.41999999999999,6.453903,0,0
21029,Hamburg,HH_grenze,1,2022,organisation,2.0,38.75,39.980000000000004,6.453903,0,0
21029,Hamburg,HH_grenze,1,2022,privat,11.0,87.13,96.41,6.453903,0,0
21029,Hamburg,HH_grenze,1,2023,organisation,4.0,862.1700000000001,863.5,6.453903,1,0
21029,Hamburg,HH_grenze,1,2023,privat,34.0,290.786,343.585,6.453903,1,0
21029,Hamburg,HH_grenze,1,2024,organisation,1.0,29.99,33.0,6.453903,1,1
21029,Hamburg,HH_grenze,1,2024,privat,43.0,327.066,357.255,6.453903,1,1
21029,Hamburg,HH_grenze,1,2025,organisation,4.0,175.8,189.11,6.453903,1,1
21029,Hamburg,HH_grenze,1,2025,privat,24.0,201.78,229.195,6.453903,1,1
21031,Hamburg,HH_grenze,1,2015,organisation,0.0,0.0,0.0,5.545359,0,0
21031,Hamburg,HH_grenze,1,2015,privat,2.0,16.18,16.18,5.545359,0,0
21031,Hamburg,HH_grenze,1,2016,organisation,1.0,9.2,9.86,5.545359,0,0
21031,Hamburg,HH_grenze,1,2016,privat,2.0,11.61,11.89,5.545359,0,0
21031,Hamburg,HH_grenze,1,2017,organisation,0.0,0.0,0.0,5.545359,0,0
21031,Hamburg,HH_grenze,1,2017,privat,1.0,5.5,5.7,5.545359,0,0
21031,Hamburg,HH_grenze,1,2018,organisation,1.0,165.0,172.8,5.545359,0,0
21031,Hamburg,HH_grenze,1,2018,privat,0.0,0.0,0.0,5.545359,0,0
21031,Hamburg,HH_grenze,1,2019,organisation,1.0,13.8,16.0,5.545359,0,0
21031,Hamburg,HH_grenze,1,2019,privat,3.0,35.32,39.9,5.545359,0,0
21031,Hamburg,HH_grenze,1,2020,organisation,2.0,16.36,19.259999999999998,5.545359,0,0
21031,Hamburg,HH_grenze,1,2020,privat,6.0,41.94,45.370000000000005,5.545359,0,0
21031,Hamburg,HH_grenze,1,2021,organisation,0.0,0.0,0.0,5.545359,0,0
21031,Hamburg,HH_grenze,1,2021,privat,6.0,58.589999999999996,64.86,5.545359,0,0
21031,Hamburg,HH_grenze,1,2022,organisation,0.0,0.0,0.0,5.545359,0,0
21031,Hamburg,HH_grenze,1,2022,privat,14.0,131.6,148.01,5.545359,0,0
21031,Hamburg,HH_grenze,1,2023,organisation,1.0,90.0,95.99,5.545359,1,0
21031,Hamburg,HH_grenze,1,2023,privat,33.0,253.2,291.08,5.545359,1,0
21031,Hamburg,HH_grenze,1,2024,organisation,4.0,165.09,181.48,5.545359,1,1
21031,Hamburg,HH_grenze,1,2024,privat,33.0,272.615,302.625,5.545359,1,1
21031,Hamburg,HH_grenze,1,2025,organisation,6.0,396.8,439.25,5.545359,1,1
21031,Hamburg,HH_grenze,1,2025,privat,28.0,204.23000000000002,231.31,5.545359,1,1
21033,Hamburg,HH_grenze,1,2015,organisation,0.0,0.0,0.0,13.349038,0,0
21033,Hamburg,HH_grenze,1,2015,privat,0.0,0.0,0.0,13.349038,0,0
21033,Hamburg,HH_grenze,1,2016,organisation,0.0,0.0,0.0,13.349038,0,0
21033,Hamburg,HH_grenze,1,2016,privat,2.0,16.33,17.369999999999997,13.349038,0,0
21033,Hamburg,HH_grenze,1,2017,organisation,0.0,0.0,0.0,13.349038,0,0
21033,Hamburg,HH_grenze,1,2017,privat,2.0,6.300000000000001,6.300000000000001,13.349038,0,0
21033,Hamburg,HH_grenze,1,2018,organisation,1.0,4.48,4.48,13.349038,0,0
21033,Hamburg,HH_grenze,1,2018,privat,3.0,12.68,14.56,13.349038,0,0
21033,Hamburg,HH_grenze,1,2019,organisation,2.0,137.5,172.79999999999998,13.349038,0,0
21033,Hamburg,HH_grenze,1,2019,privat,1.0,4.6,4.8,13.349038,0,0
21033,Hamburg,HH_grenze,1,2020,organisation,1.0,33.55,33.55,13.349038,0,0
21033,Hamburg,HH_grenze,1,2020,privat,3.0,28.905,32.365,13.349038,0,0
21033,Hamburg,HH_grenze,1,2021,organisation,0.0,0.0,0.0,13.349038,0,0
21033,Hamburg,HH_grenze,1,2021,privat,7.0,50.805,56.96,13.349038,0,0
21033,Hamburg,HH_grenze,1,2022,organisation,1.0,12.39,13.65,13.349038,0,0
21033,Hamburg,HH_grenze,1,2022,privat,12.0,82.47800000000001,96.58,13.349038,0,0
21033,Hamburg,HH_grenze,1,2023,organisation,2.0,23.6,27.22,13.349038,1,0
21033,Hamburg,HH_grenze,1,2023,privat,34.0,256.604,273.95,13.349038,1,0
21033,Hamburg,HH_grenze,1,2024,organisation,1.0,99.7,99.7,13.349038,1,1
21033,Hamburg,HH_grenze,1,2024,privat,36.0,315.454,355.68,13.349038,1,1
21033,Hamburg,HH_grenze,1,2025,organisation,4.0,104.0,121.64,13.349038,1,1
21033,Hamburg,HH_grenze,1,2025,privat,41.0,368.93,418.065,13.349038,1,1
21035,Hamburg,HH_grenze,1,2015,organisation,2.0,129.87,134.74,10.063058,0,0
21035,Hamburg,HH_grenze,1,2015,privat,2.0,10.649999999999999,11.18,10.063058,0,0
21035,Hamburg,HH_grenze,1,2016,organisation,1.0,9.88,9.88,10.063058,0,0
21035,Hamburg,HH_grenze,1,2016,privat,2.0,4.02,4.02,10.063058,0,0
21035,Hamburg,HH_grenze,1,2017,organisation,1.0,330.0,330.0,10.063058,0,0
21035,Hamburg,HH_grenze,1,2017,privat,5.0,11.649999999999999,17.68,10.063058,0,0
21035,Hamburg,HH_grenze,1,2018,organisation,1.0,9.69,9.69,10.063058,0,0
21035,Hamburg,HH_grenze,1,2018,privat,5.0,32.45,39.400000000000006,10.063058,0,0
21035,Hamburg,HH_grenze,1,2019,organisation,4.0,141.39,166.215,10.063058,0,0
21035,Hamburg,HH_grenze,1,2019,privat,7.0,42.72,46.88,10.063058,0,0
21035,Hamburg,HH_grenze,1,2020,organisation,0.0,0.0,0.0,10.063058,0,0
21035,Hamburg,HH_grenze,1,2020,privat,19.0,116.74499999999999,124.85000000000001,10.063058,0,0
21035,Hamburg,HH_grenze,1,2021,organisation,0.0,0.0,0.0,10.063058,0,0
21035,Hamburg,HH_grenze,1,2021,privat,27.0,186.33,207.085,10.063058,0,0
21035,Hamburg,HH_grenze,1,2022,organisation,1.0,8.0,9.02,10.063058,0,0
21035,Hamburg,HH_grenze,1,2022,privat,39.0,288.985,332.075,10.063058,0,0
21035,Hamburg,HH_grenze,1,2023,organisation,4.0,52.19,58.47,10.063058,1,0
21035,Hamburg,HH_grenze,1,2023,privat,102.0,737.847,837.839,10.063058,1,0
21035,Hamburg,HH_grenze,1,2024,organisation,14.0,2166.38,2452.11,10.063058,1,1
21035,Hamburg,HH_grenze,1,2024,privat,107.0,804.864,888.39,10.063058,1,1
21035,Hamburg,HH_grenze,1,2025,organisation,9.0,1256.6,1553.97,10.063058,1,1
21035,Hamburg,HH_grenze,1,2025,privat,105.0,768.505,874.49,10.063058,1,1
21037,Hamburg,HH_grenze,1,2015,organisation,2.0,24.0,25.87,74.305658,0,0
21037,Hamburg,HH_grenze,1,2015,privat,5.0,30.67,32.47,74.305658,0,0
21037,Hamburg,HH_grenze,1,2016,organisation,1.0,3.35,3.35,74.305658,0,0
21037,Hamburg,HH_grenze,1,2016,privat,11.0,64.125,71.745,74.305658,0,0
21037,Hamburg,HH_grenze,1,2017,organisation,0.0,0.0,0.0,74.305658,0,0
21037,Hamburg,HH_grenze,1,2017,privat,5.0,26.700000000000003,28.09,74.305658,0,0
21037,Hamburg,HH_grenze,1,2018,organisation,1.0,29.0,29.75,74.305658,0,0
21037,Hamburg,HH_grenze,1,2018,privat,6.0,33.36,35.879999999999995,74.305658,0,0
21037,Hamburg,HH_grenze,1,2019,organisation,1.0,25.0,29.925,74.305658,0,0
21037,Hamburg,HH_grenze,1,2019,privat,6.0,36.75,40.73,74.305658,0,0
21037,Hamburg,HH_grenze,1,2020,organisation,3.0,707.0,762.83,74.305658,0,0
21037,Hamburg,HH_grenze,1,2020,privat,28.0,245.59,271.79,74.305658,0,0
21037,Hamburg,HH_grenze,1,2021,organisation,5.0,69.78999999999999,82.67,74.305658,0,0
21037,Hamburg,HH_grenze,1,2021,privat,27.0,259.53499999999997,286.655,74.305658,0,0
21037,Hamburg,HH_grenze,1,2022,organisation,3.0,51.855000000000004,54.82,74.305658,0,0
21037,Hamburg,HH_grenze,1,2022,privat,68.0,600.205,655.6750000000001,74.305658,0,0
21037,Hamburg,HH_grenze,1,2023,organisation,6.0,298.57,397.59999999999997,74.305658,1,0
21037,Hamburg,HH_grenze,1,2023,privat,186.0,1770.361,1988.07,74.305658,1,0
21037,Hamburg,HH_grenze,1,2024,organisation,5.0,96.07,107.59,74.305658,1,1
21037,Hamburg,HH_grenze,1,2024,privat,159.0,1641.5430000000001,1844.878,74.305658,1,1
21037,Hamburg,HH_grenze,1,2025,organisation,9.0,304.82,336.02,74.305658,1,1
21037,Hamburg,HH_grenze,1,2025,privat,126.0,1334.995,1465.155,74.305658,1,1
21073,Hamburg,HH_grenze,1,2015,organisation,1.0,17.0,20.4,3.402982,0,0
21073,Hamburg,HH_grenze,1,2015,privat,0.0,0.0,0.0,3.402982,0,0
21073,Hamburg,HH_grenze,1,2016,organisation,2.0,30.78,34.18,3.402982,0,0
21073,Hamburg,HH_grenze,1,2016,privat,4.0,36.2,43.0,3.402982,0,0
21073,Hamburg,HH_grenze,1,2017,organisation,1.0,13.8,15.745,3.402982,0,0
21073,Hamburg,HH_grenze,1,2017,privat,0.0,0.0,0.0,3.402982,0,0
21073,Hamburg,HH_grenze,1,2018,organisation,0.0,0.0,0.0,3.402982,0,0
21073,Hamburg,HH_grenze,1,2018,privat,1.0,8.2,8.32,3.402982,0,0
21073,Hamburg,HH_grenze,1,2019,organisation,0.0,0.0,0.0,3.402982,0,0
21073,Hamburg,HH_grenze,1,2019,privat,0.0,0.0,0.0,3.402982,0,0
21073,Hamburg,HH_grenze,1,2020,organisation,2.0,50.0,54.6,3.402982,0,0
21073,Hamburg,HH_grenze,1,2020,privat,1.0,9.9,9.9,3.402982,0,0
21073,Hamburg,HH_grenze,1,2021,organisation,0.0,0.0,0.0,3.402982,0,0
21073,Hamburg,HH_grenze,1,2021,privat,1.0,12.2,14.44,3.402982,0,0
21073,Hamburg,HH_grenze,1,2022,organisation,0.0,0.0,0.0,3.402982,0,0
21073,Hamburg,HH_grenze,1,2022,privat,4.0,47.08,49.13,3.402982,0,0
21073,Hamburg,HH_grenze,1,2023,organisation,0.0,0.0,0.0,3.402982,1,0
21073,Hamburg,HH_grenze,1,2023,privat,3.0,9.89,11.04,3.402982,1,0
21073,Hamburg,HH_grenze,1,2024,organisation,2.0,29.0,35.379999999999995,3.402982,1,1
21073,Hamburg,HH_grenze,1,2024,privat,10.0,80.4,93.06,3.402982,1,1
21073,Hamburg,HH_grenze,1,2025,organisation,2.0,76.8,80.46000000000001,3.402982,1,1
21073,Hamburg,HH_grenze,1,2025,privat,8.0,58.84,65.735,3.402982,1,1
21075,Hamburg,HH_grenze,1,2015,organisation,0.0,0.0,0.0,8.300639,0,0
21075,Hamburg,HH_grenze,1,2015,privat,1.0,2.01,2.01,8.300639,0,0
21075,Hamburg,HH_grenze,1,2016,organisation,0.0,0.0,0.0,8.300639,0,0
21075,Hamburg,HH_grenze,1,2016,privat,0.0,0.0,0.0,8.300639,0,0
21075,Hamburg,HH_grenze,1,2017,organisation,1.0,8.0,8.04,8.300639,0,0
21075,Hamburg,HH_grenze,1,2017,privat,1.0,2.0,2.0,8.300639,0,0
21075,Hamburg,HH_grenze,1,2018,organisation,1.0,5.72,5.72,8.300639,0,0
21075,Hamburg,HH_grenze,1,2018,privat,1.0,7.8,7.8,8.300639,0,0
21075,Hamburg,HH_grenze,1,2019,organisation,0.0,0.0,0.0,8.300639,0,0
21075,Hamburg,HH_grenze,1,2019,privat,3.0,14.43,16.165,8.300639,0,0
21075,Hamburg,HH_grenze,1,2020,organisation,3.0,120.3,142.2,8.300639,0,0
21075,Hamburg,HH_grenze,1,2020,privat,1.0,6.6,6.6,8.300639,0,0
21075,Hamburg,HH_grenze,1,2021,organisation,0.0,0.0,0.0,8.300639,0,0
21075,Hamburg,HH_grenze,1,2021,privat,6.0,39.11,41.9,8.300639,0,0
21075,Hamburg,HH_grenze,1,2022,organisation,0.0,0.0,0.0,8.300639,0,0
21075,Hamburg,HH_grenze,1,2022,privat,6.0,38.5,46.49,8.300639,0,0
21075,Hamburg,HH_grenze,1,2023,organisation,1.0,29.26,29.26,8.300639,1,0
21075,Hamburg,HH_grenze,1,2023,privat,36.0,289.902,331.95,8.300639,1,0
21075,Hamburg,HH_grenze,1,2024,organisation,2.0,83.25999999999999,85.0,8.300639,1,1
21075,Hamburg,HH_grenze,1,2024,privat,28.0,201.51,217.80499999999998,8.300639,1,1
21075,Hamburg,HH_grenze,1,2025,organisation,5.0,117.0,149.905,8.300639,1,1
21075,Hamburg,HH_grenze,1,2025,privat,30.0,275.78000000000003,319.7,8.300639,1,1
21077,Hamburg,HH_grenze,1,2015,organisation,2.0,8.559999999999999,8.559999999999999,14.976563,0,0
21077,Hamburg,HH_grenze,1,2015,privat,4.0,37.519999999999996,41.253,14.976563,0,0
21077,Hamburg,HH_grenze,1,2016,organisation,0.0,0.0,0.0,14.976563,0,0
21077,Hamburg,HH_grenze,1,2016,privat,5.0,20.994999999999997,21.435000000000002,14.976563,0,0
21077,Hamburg,HH_grenze,1,2017,organisation,0.0,0.0,0.0,14.976563,0,0
21077,Hamburg,HH_grenze,1,2017,privat,4.0,15.2,15.24,14.976563,0,0
21077,Hamburg,HH_grenze,1,2018,organisation,9.0,185.7,199.8,14.976563,0,0
21077,Hamburg,HH_grenze,1,2018,privat,2.0,8.5,9.88,14.976563,0,0
21077,Hamburg,HH_grenze,1,2019,organisation,0.0,0.0,0.0,14.976563,0,0
21077,Hamburg,HH_grenze,1,2019,privat,7.0,51.88,56.730000000000004,14.976563,0,0
21077,Hamburg,HH_grenze,1,2020,organisation,1.0,26.0,27.945,14.976563,0,0
21077,Hamburg,HH_grenze,1,2020,privat,13.0,87.045,93.25999999999999,14.976563,0,0
21077,Hamburg,HH_grenze,1,2021,organisation,1.0,20.0,25.92,14.976563,0,0
21077,Hamburg,HH_grenze,1,2021,privat,17.0,132.81799999999998,150.875,14.976563,0,0
21077,Hamburg,HH_grenze,1,2022,organisation,2.0,17.8,19.32,14.976563,0,0
21077,Hamburg,HH_grenze,1,2022,privat,21.0,154.945,172.775,14.976563,0,0
21077,Hamburg,HH_grenze,1,2023,organisation,3.0,49.660000000000004,59.07,14.976563,1,0
21077,Hamburg,HH_grenze,1,2023,privat,106.0,779.274,888.5930000000001,14.976563,1,0
21077,Hamburg,HH_grenze,1,2024,organisation,3.0,100.0,114.24000000000001,14.976563,1,1
21077,Hamburg,HH_grenze,1,2024,privat,101.0,840.19,936.0649999999999,14.976563,1,1
21077,Hamburg,HH_grenze,1,2025,organisation,15.0,150.245,188.89499999999998,14.976563,1,1
21077,Hamburg,HH_grenze,1,2025,privat,78.0,770.495,843.12,14.976563,1,1
21079,Hamburg,HH_grenze,1,2015,organisation,1.0,37.5,39.52,32.119669,0,0
21079,Hamburg,HH_grenze,1,2015,privat,1.0,2.8,3.35,32.119669,0,0
21079,Hamburg,HH_grenze,1,2016,organisation,0.0,0.0,0.0,32.119669,0,0
21079,Hamburg,HH_grenze,1,2016,privat,3.0,94.0,105.83,32.119669,0,0
21079,Hamburg,HH_grenze,1,2017,organisation,1.0,8.12,8.12,32.119669,0,0
21079,Hamburg,HH_grenze,1,2017,privat,2.0,13.100000000000001,14.935,32.119669,0,0
21079,Hamburg,HH_grenze,1,2018,organisation,1.0,6.0,6.175,32.119669,0,0
21079,Hamburg,HH_grenze,1,2018,privat,3.0,10.989999999999998,11.19,32.119669,0,0
21079,Hamburg,HH_grenze,1,2019,organisation,3.0,159.48,165.52,32.119669,0,0
21079,Hamburg,HH_grenze,1,2019,privat,6.0,29.939999999999998,30.875,32.119669,0,0
21079,Hamburg,HH_grenze,1,2020,organisation,3.0,262.8,324.2,32.119669,0,0
21079,Hamburg,HH_grenze,1,2020,privat,6.0,32.7,37.11,32.119669,0,0
21079,Hamburg,HH_grenze,1,2021,organisation,1.0,7.0,9.36,32.119669,0,0
21079,Hamburg,HH_grenze,1,2021,privat,14.0,89.33999999999999,102.57,32.119669,0,0
21079,Hamburg,HH_grenze,1,2022,organisation,1.0,10.0,12.3,32.119669,0,0
21079,Hamburg,HH_grenze,1,2022,privat,23.0,167.93,186.34,32.119669,0,0
21079,Hamburg,HH_grenze,1,2023,organisation,7.0,801.66,932.3699999999999,32.119669,1,0
21079,Hamburg,HH_grenze,1,2023,privat,49.0,474.085,513.215,32.119669,1,0
21079,Hamburg,HH_grenze,1,2024,organisation,9.0,805.16,890.6700000000001,32.119669,1,1
21079,Hamburg,HH_grenze,1,2024,privat,65.0,896.745,981.125,32.119669,1,1
21079,Hamburg,HH_grenze,1,2025,organisation,6.0,338.58000000000004,444.96500000000003,32.119669,1,1
21079,Hamburg,HH_grenze,1,2025,privat,59.0,815.217,916.56,32.119669,1,1
21109,Hamburg,HH_grenze,1,2015,organisation,0.0,0.0,0.0,19.357166,0,0
21109,Hamburg,HH_grenze,1,2015,privat,0.0,0.0,0.0,19.357166,0,0
21109,Hamburg,HH_grenze,1,2016,organisation,0.0,0.0,0.0,19.357166,0,0
21109,Hamburg,HH_grenze,1,2016,privat,2.0,6.21,8.129999999999999,19.357166,0,0
21109,Hamburg,HH_grenze,1,2017,organisation,1.0,22.0,23.06,19.357166,0,0
21109,Hamburg,HH_grenze,1,2017,privat,4.0,23.0,24.2,19.357166,0,0
21109,Hamburg,HH_grenze,1,2018,organisation,1.0,745.2,745.2,19.357166,0,0
21109,Hamburg,HH_grenze,1,2018,privat,2.0,9.01,9.3,19.357166,0,0
21109,Hamburg,HH_grenze,1,2019,organisation,0.0,0.0,0.0,19.357166,0,0
21109,Hamburg,HH_grenze,1,2019,privat,4.0,16.560000000000002,18.17,19.357166,0,0
21109,Hamburg,HH_grenze,1,2020,organisation,1.0,293.84,293.84,19.357166,0,0
21109,Hamburg,HH_grenze,1,2020,privat,2.0,14.1,14.84,19.357166,0,0
21109,Hamburg,HH_grenze,1,2021,organisation,1.0,14.8,14.8,19.357166,0,0
21109,Hamburg,HH_grenze,1,2021,privat,14.0,101.57,115.36,19.357166,0,0
21109,Hamburg,HH_grenze,1,2022,organisation,1.0,97.56,97.56,19.357166,0,0
21109,Hamburg,HH_grenze,1,2022,privat,22.0,175.335,191.14000000000001,19.357166,0,0
21109,Hamburg,HH_grenze,1,2023,organisation,7.0,162.1,184.14000000000001,19.357166,1,0
21109,Hamburg,HH_grenze,1,2023,privat,34.0,272.23,330.005,19.357166,1,0
21109,Hamburg,HH_grenze,1,2024,organisation,10.0,204.2,247.495,19.357166,1,1
21109,Hamburg,HH_grenze,1,2024,privat,45.0,348.74,401.83,19.357166,1,1
21109,Hamburg,HH_grenze,1,2025,organisation,1.0,99.6,99.6,19.357166,1,1
21109,Hamburg,HH_grenze,1,2025,privat,55.0,526.455,568.715,19.357166,1,1
21129,Hamburg,HH_grenze,1,2015,organisation,0.0,0.0,0.0,61.915526,0,0
21129,Hamburg,HH_grenze,1,2015,privat,7.0,35.38,38.195,61.915526,0,0
21129,Hamburg,HH_grenze,1,2016,organisation,0.0,0.0,0.0,61.915526,0,0
21129,Hamburg,HH_grenze,1,2016,privat,0.0,0.0,0.0,61.915526,0,0
21129,Hamburg,HH_grenze,1,2017,organisation,1.0,17.5,20.16,61.915526,0,0
21129,Hamburg,HH_grenze,1,2017,privat,0.0,0.0,0.0,61.915526,0,0
21129,Hamburg,HH_grenze,1,2018,organisation,2.0,31.8,31.950000000000003,61.915526,0,0
21129,Hamburg,HH_grenze,1,2018,privat,3.0,51.0,55.900000000000006,61.915526,0,0
21129,Hamburg,HH_grenze,1,2019,organisation,0.0,0.0,0.0,61.915526,0,0
21129,Hamburg,HH_grenze,1,2019,privat,4.0,19.240000000000002,22.03,61.915526,0,0
21129,Hamburg,HH_grenze,1,2020,organisation,5.0,133.2,144.85,61.915526,0,0
21129,Hamburg,HH_grenze,1,2020,privat,9.0,105.63,111.9,61.915526,0,0
21129,Hamburg,HH_grenze,1,2021,organisation,3.0,569.58,749.13,61.915526,0,0
21129,Hamburg,HH_grenze,1,2021,privat,12.0,173.065,189.735,61.915526,0,0
21129,Hamburg,HH_grenze,1,2022,organisation,2.0,155.0,182.26,61.915526,0,0
21129,Hamburg,HH_grenze,1,2022,privat,22.0,786.9,857.39,61.915526,0,0
21129,Hamburg,HH_grenze,1,2023,organisation,5.0,72.098,79.36,61.915526,1,0
21129,Hamburg,HH_grenze,1,2023,privat,63.0,726.027,836.415,61.915526,1,0
21129,Hamburg,HH_grenze,1,2024,organisation,9.0,1407.3200000000002,1686.02,61.915526,1,1
21129,Hamburg,HH_grenze,1,2024,privat,68.0,942.1600000000001,1055.18,61.915526,1,1
21129,Hamburg,HH_grenze,1,2025,organisation,7.0,302.78999999999996,303.96,61.915526,1,1
21129,Hamburg,HH_grenze,1,2025,privat,65.0,966.39,1160.197,61.915526,1,1
21147,Hamburg,HH_grenze,1,2015,organisation,0.0,0.0,0.0,15.482834,0,0
21147,Hamburg,HH_grenze,1,2015,privat,4.0,13.5,13.66,15.482834,0,0
21147,Hamburg,HH_grenze,1,2016,organisation,1.0,5.9,5.9,15.482834,0,0
21147,Hamburg,HH_grenze,1,2016,privat,10.0,60.585,64.73,15.482834,0,0
21147,Hamburg,HH_grenze,1,2017,organisation,1.0,6.0,7.08,15.482834,0,0
21147,Hamburg,HH_grenze,1,2017,privat,23.0,139.06,156.86,15.482834,0,0
21147,Hamburg,HH_grenze,1,2018,organisation,11.0,96.64,112.54,15.482834,0,0
21147,Hamburg,HH_grenze,1,2018,privat,12.0,74.94,93.615,15.482834,0,0
21147,Hamburg,HH_grenze,1,2019,organisation,0.0,0.0,0.0,15.482834,0,0
21147,Hamburg,HH_grenze,1,2019,privat,3.0,13.0,17.935,15.482834,0,0
21147,Hamburg,HH_grenze,1,2020,organisation,2.0,22.19,24.72,15.482834,0,0
21147,Hamburg,HH_grenze,1,2020,privat,14.0,67.91,76.985,15.482834,0,0
21147,Hamburg,HH_grenze,1,2021,organisation,2.0,180.6,198.675,15.482834,0,0
21147,Hamburg,HH_grenze,1,2021,privat,17.0,114.11,123.04499999999999,15.482834,0,0
21147,Hamburg,HH_grenze,1,2022,organisation,2.0,17.95,19.65,15.482834,0,0
21147,Hamburg,HH_grenze,1,2022,privat,17.0,134.75,144.855,15.482834,0,0
21147,Hamburg,HH_grenze,1,2023,organisation,4.0,122.53,124.03,15.482834,1,0
21147,Hamburg,HH_grenze,1,2023,privat,50.0,383.99199999999996,453.26,15.482834,1,0
21147,Hamburg,HH_grenze,1,2024,organisation,5.0,541.22,700.26,15.482834,1,1
21147,Hamburg,HH_grenze,1,2024,privat,78.0,588.387,671.591,15.482834,1,1
21147,Hamburg,HH_grenze,1,2025,organisation,7.0,1138.57,1426.74,15.482834,1,1
21147,Hamburg,HH_grenze,1,2025,privat,65.0,509.115,561.89,15.482834,1,1
21149,Hamburg,HH_grenze,1,2015,organisation,1.0,3.35,3.35,18.231435,0,0
21149,Hamburg,HH_grenze,1,2015,privat,2.0,10.27,11.27,18.231435,0,0
21149,Hamburg,HH_grenze,1,2016,organisation,1.0,6.0,6.7,18.231435,0,0
21149,Hamburg,HH_grenze,1,2016,privat,1.0,9.72,9.72,18.231435,0,0
21149,Hamburg,HH_grenze,1,2017,organisation,2.0,6.665000000000001,6.665000000000001,18.231435,0,0
21149,Hamburg,HH_grenze,1,2017,privat,18.0,83.99,88.43,18.231435,0,0
21149,Hamburg,HH_grenze,1,2018,organisation,9.0,79.5,91.8,18.231435,0,0
21149,Hamburg,HH_grenze,1,2018,privat,9.0,39.909000000000006,40.755,18.231435,0,0
21149,Hamburg,HH_grenze,1,2019,organisation,0.0,0.0,0.0,18.231435,0,0
21149,Hamburg,HH_grenze,1,2019,privat,12.0,62.63,67.59,18.231435,0,0
21149,Hamburg,HH_grenze,1,2020,organisation,2.0,185.315,216.555,18.231435,0,0
21149,Hamburg,HH_grenze,1,2020,privat,14.0,82.07,90.14,18.231435,0,0
21149,Hamburg,HH_grenze,1,2021,organisation,1.0,7.0,7.8,18.231435,0,0
21149,Hamburg,HH_grenze,1,2021,privat,26.0,239.93,249.695,18.231435,0,0
21149,Hamburg,HH_grenze,1,2022,organisation,1.0,12.0,13.28,18.231435,0,0
21149,Hamburg,HH_grenze,1,2022,privat,38.0,285.03000000000003,332.425,18.231435,0,0
21149,Hamburg,HH_grenze,1,2023,organisation,1.0,15.0,18.86,18.231435,1,0
21149,Hamburg,HH_grenze,1,2023,privat,101.0,882.502,1027.865,18.231435,1,0
21149,Hamburg,HH_grenze,1,2024,organisation,7.0,311.06,380.225,18.231435,1,1
21149,Hamburg,HH_grenze,1,2024,privat,98.0,853.3919999999999,953.995,18.231435,1,1
21149,Hamburg,HH_grenze,1,2025,organisation,5.0,125.5,154.465,18.231435,1,1
21149,Hamburg,HH_grenze,1,2025,privat,105.0,1171.215,1286.805,18.231435,1,1
21217,Niedersachsen,NI_grenze,0,2015,organisation,0.0,0.0,0.0,34.204145,0,0
21217,Niedersachsen,NI_grenze,0,2015,privat,2.0,4.98,5.029999999999999,34.204145,0,0
21217,Niedersachsen,NI_grenze,0,2016,organisation,1.0,9.8,9.8,34.204145,0,0
21217,Niedersachsen,NI_grenze,0,2016,privat,4.0,21.509999999999998,21.79,34.204145,0,0
21217,Niedersachsen,NI_grenze,0,2017,organisation,0.0,0.0,0.0,34.204145,0,0
21217,Niedersachsen,NI_grenze,0,2017,privat,8.0,43.61,53.33,34.204145,0,0
21217,Niedersachsen,NI_grenze,0,2018,organisation,0.0,0.0,0.0,34.204145,0,0
21217,Niedersachsen,NI_grenze,0,2018,privat,1.0,9.6,9.6,34.204145,0,0
21217,Niedersachsen,NI_grenze,0,2019,organisation,0.0,0.0,0.0,34.204145,0,0
21217,Niedersachsen,NI_grenze,0,2019,privat,3.0,17.6,24.89,34.204145,0,0
21217,Niedersachsen,NI_grenze,0,2020,organisation,1.0,8.0,9.92,34.204145,0,0
21217,Niedersachsen,NI_grenze,0,2020,privat,9.0,64.16,67.43,34.204145,0,0
21217,Niedersachsen,NI_grenze,0,2021,organisation,1.0,55.0,65.28,34.204145,0,0
21217,Niedersachsen,NI_grenze,0,2021,privat,21.0,153.95,175.35,34.204145,0,0
21217,Niedersachsen,NI_grenze,0,2022,organisation,3.0,307.645,311.53000000000003,34.204145,0,0
21217,Niedersachsen,NI_grenze,0,2022,privat,34.0,294.78,333.0,34.204145,0,0
21217,Niedersachsen,NI_grenze,0,2023,organisation,3.0,44.4,51.400000000000006,34.204145,1,0
21217,Niedersachsen,NI_grenze,0,2023,privat,128.0,1107.507,1286.23,34.204145,1,0
21217,Niedersachsen,NI_grenze,0,2024,organisation,0.0,0.0,0.0,34.204145,1,1
21217,Niedersachsen,NI_grenze,0,2024,privat,113.0,957.485,1081.245,34.204145,1,1
21217,Niedersachsen,NI_grenze,0,2025,organisation,4.0,96.33,96.59,34.204145,1,1
21217,Niedersachsen,NI_grenze,0,2025,privat,96.0,850.331,954.885,34.204145,1,1
21218,Niedersachsen,NI_grenze,0,2015,organisation,0.0,0.0,0.0,29.568672,0,0
21218,Niedersachsen,NI_grenze,0,2015,privat,1.0,4.5,5.1,29.568672,0,0
21218,Niedersachsen,NI_grenze,0,2016,organisation,0.0,0.0,0.0,29.568672,0,0
21218,Niedersachsen,NI_grenze,0,2016,privat,1.0,29.835,29.835,29.568672,0,0
21218,Niedersachsen,NI_grenze,0,2017,organisation,1.0,4.0,4.02,29.568672,0,0
21218,Niedersachsen,NI_grenze,0,2017,privat,3.0,14.34,18.355,29.568672,0,0
21218,Niedersachsen,NI_grenze,0,2018,organisation,1.0,8.6,9.38,29.568672,0,0
21218,Niedersachsen,NI_grenze,0,2018,privat,7.0,42.06,42.79,29.568672,0,0
21218,Niedersachsen,NI_grenze,0,2019,organisation,4.0,494.5,613.21,29.568672,0,0
21218,Niedersachsen,NI_grenze,0,2019,privat,5.0,42.18000000000001,43.0,29.568672,0,0
21218,Niedersachsen,NI_grenze,0,2020,organisation,6.0,620.4,728.09,29.568672,0,0
21218,Niedersachsen,NI_grenze,0,2020,privat,19.0,164.72,194.32999999999998,29.568672,0,0
21218,Niedersachsen,NI_grenze,0,2021,organisation,1.0,22.5,28.86,29.568672,0,0
21218,Niedersachsen,NI_grenze,0,2021,privat,16.0,145.95999999999998,183.385,29.568672,0,0
21218,Niedersachsen,NI_grenze,0,2022,organisation,3.0,1635.44,2061.44,29.568672,0,0
21218,Niedersachsen,NI_grenze,0,2022,privat,33.0,273.01099999999997,301.89,29.568672,0,0
21218,Niedersachsen,NI_grenze,0,2023,organisation,7.0,525.28,589.03,29.568672,1,0
21218,Niedersachsen,NI_grenze,0,2023,privat,89.0,780.73,872.755,29.568672,1,0
21218,Niedersachsen,NI_grenze,0,2024,organisation,3.0,106.47,113.05,29.568672,1,1
21218,Niedersachsen,NI_grenze,0,2024,privat,96.0,833.95,941.1700000000001,29.568672,1,1
21218,Niedersachsen,NI_grenze,0,2025,organisation,5.0,714.96,1061.66,29.568672,1,1
21218,Niedersachsen,NI_grenze,0,2025,privat,55.0,634.535,698.75,29.568672,1,1
21224,Niedersachsen,NI_grenze,0,2015,organisation,0.0,0.0,0.0,63.734589,0,0
21224,Niedersachsen,NI_grenze,0,2015,privat,3.0,24.5,30.0,63.734589,0,0
21224,Niedersachsen,NI_grenze,0,2016,organisation,0.0,0.0,0.0,63.734589,0,0
21224,Niedersachsen,NI_grenze,0,2016,privat,6.0,35.29,36.730000000000004,63.734589,0,0
21224,Niedersachsen,NI_grenze,0,2017,organisation,2.0,50.0,108.735,63.734589,0,0
21224,Niedersachsen,NI_grenze,0,2017,privat,10.0,52.92,58.91,63.734589,0,0
21224,Niedersachsen,NI_grenze,0,2018,organisation,0.0,0.0,0.0,63.734589,0,0
21224,Niedersachsen,NI_grenze,0,2018,privat,7.0,35.66,37.4,63.734589,0,0
21224,Niedersachsen,NI_grenze,0,2019,organisation,1.0,37.0,39.0,63.734589,0,0
21224,Niedersachsen,NI_grenze,0,2019,privat,12.0,89.191,97.181,63.734589,0,0
21224,Niedersachsen,NI_grenze,0,2020,organisation,0.0,0.0,0.0,63.734589,0,0
21224,Niedersachsen,NI_grenze,0,2020,privat,28.0,242.105,271.925,63.734589,0,0
21224,Niedersachsen,NI_grenze,0,2021,organisation,0.0,0.0,0.0,63.734589,0,0
21224,Niedersachsen,NI_grenze,0,2021,privat,38.0,335.63,372.775,63.734589,0,0
21224,Niedersachsen,NI_grenze,0,2022,organisation,2.0,22.0,27.3,63.734589,0,0
21224,Niedersachsen,NI_grenze,0,2022,privat,44.0,347.865,387.945,63.734589,0,0
21224,Niedersachsen,NI_grenze,0,2023,organisation,1.0,21.0,23.76,63.734589,1,0
21224,Niedersachsen,NI_grenze,0,2023,privat,182.0,1587.105,1794.995,63.734589,1,0
21224,Niedersachsen,NI_grenze,0,2024,organisation,4.0,201.5,218.09,63.734589,1,1
21224,Niedersachsen,NI_grenze,0,2024,privat,144.0,1303.273,1470.7450000000001,63.734589,1,1
21224,Niedersachsen,NI_grenze,0,2025,organisation,3.0,148.0,163.96,63.734589,1,1
21224,Niedersachsen,NI_grenze,0,2025,privat,98.0,886.837,1018.505,63.734589,1,1
21423,Niedersachsen,NI_grenze,0,2015,organisation,0.0,0.0,0.0,140.348967,0,0
21423,Niedersachsen,NI_grenze,0,2015,privat,13.0,81.95,86.075,140.348967,0,0
21423,Niedersachsen,NI_grenze,0,2016,organisation,4.0,134.94,142.34,140.348967,0,0
21423,Niedersachsen,NI_grenze,0,2016,privat,23.0,182.07000000000002,185.38,140.348967,0,0
21423,Niedersachsen,NI_grenze,0,2017,organisation,4.0,51.188,53.06,140.348967,0,0
21423,Niedersachsen,NI_grenze,0,2017,privat,20.0,88.815,92.545,140.348967,0,0
21423,Niedersachsen,NI_grenze,0,2018,organisation,4.0,130.97,134.24,140.348967,0,0
21423,Niedersachsen,NI_grenze,0,2018,privat,11.0,69.425,73.305,140.348967,0,0
21423,Niedersachsen,NI_grenze,0,2019,organisation,4.0,210.29000000000002,211.54000000000002,140.348967,0,0
21423,Niedersachsen,NI_grenze,0,2019,privat,41.0,561.983,595.725,140.348967,0,0
21423,Niedersachsen,NI_grenze,0,2020,organisation,3.0,175.775,187.435,140.348967,0,0
21423,Niedersachsen,NI_grenze,0,2020,privat,67.0,519.595,559.175,140.348967,0,0
21423,Niedersachsen,NI_grenze,0,2021,organisation,11.0,950.31,1125.8600000000001,140.348967,0,0
21423,Niedersachsen,NI_grenze,0,2021,privat,105.0,901.192,974.215,140.348967,0,0
21423,Niedersachsen,NI_grenze,0,2022,organisation,11.0,555.93,583.255,140.348967,0,0
21423,Niedersachsen,NI_grenze,0,2022,privat,85.0,673.085,759.49,140.348967,0,0
21423,Niedersachsen,NI_grenze,0,2023,organisation,21.0,1150.37,1394.06,140.348967,1,0
21423,Niedersachsen,NI_grenze,0,2023,privat,352.0,3017.777,3355.719,140.348967,1,0
21423,Niedersachsen,NI_grenze,0,2024,organisation,13.0,1022.4200000000001,1300.69,140.348967,1,1
21423,Niedersachsen,NI_grenze,0,2024,privat,431.0,4197.6,4716.955,140.348967,1,1
21423,Niedersachsen,NI_grenze,0,2025,organisation,9.0,1291.2,1529.0400000000002,140.348967,1,1
21423,Niedersachsen,NI_grenze,0,2025,privat,255.0,3003.536,3406.211,140.348967,1,1
21435,Niedersachsen,NI_grenze,0,2015,organisation,2.0,11.559999999999999,11.559999999999999,38.661664,0,0
21435,Niedersachsen,NI_grenze,0,2015,privat,7.0,41.955,45.73,38.661664,0,0
21435,Niedersachsen,NI_grenze,0,2016,organisation,2.0,11.68,12.790000000000001,38.661664,0,0
21435,Niedersachsen,NI_grenze,0,2016,privat,1.0,2.01,2.01,38.661664,0,0
21435,Niedersachsen,NI_grenze,0,2017,organisation,0.0,0.0,0.0,38.661664,0,0
21435,Niedersachsen,NI_grenze,0,2017,privat,4.0,37.2,42.09,38.661664,0,0
21435,Niedersachsen,NI_grenze,0,2018,organisation,2.0,104.36,105.16000000000001,38.661664,0,0
21435,Niedersachsen,NI_grenze,0,2018,privat,4.0,22.58,25.85,38.661664,0,0
21435,Niedersachsen,NI_grenze,0,2019,organisation,1.0,99.36,99.36,38.661664,0,0
21435,Niedersachsen,NI_grenze,0,2019,privat,6.0,31.92,34.835,38.661664,0,0
21435,Niedersachsen,NI_grenze,0,2020,organisation,3.0,42.86,49.68,38.661664,0,0
21435,Niedersachsen,NI_grenze,0,2020,privat,9.0,72.75999999999999,76.72,38.661664,0,0
21435,Niedersachsen,NI_grenze,0,2021,organisation,3.0,56.5,56.7,38.661664,0,0
21435,Niedersachsen,NI_grenze,0,2021,privat,29.0,230.68,240.01,38.661664,0,0
21435,Niedersachsen,NI_grenze,0,2022,organisation,3.0,264.0,322.82,38.661664,0,0
21435,Niedersachsen,NI_grenze,0,2022,privat,41.0,376.045,414.45,38.661664,0,0
21435,Niedersachsen,NI_grenze,0,2023,organisation,4.0,76.9,78.24000000000001,38.661664,1,0
21435,Niedersachsen,NI_grenze,0,2023,privat,133.0,1132.286,1286.69,38.661664,1,0
21435,Niedersachsen,NI_grenze,0,2024,organisation,5.0,1299.2,1908.94,38.661664,1,1
21435,Niedersachsen,NI_grenze,0,2024,privat,142.0,1326.625,1494.67,38.661664,1,1
21435,Niedersachsen,NI_grenze,0,2025,organisation,4.0,128.9,129.22,38.661664,1,1
21435,Niedersachsen,NI_grenze,0,2025,privat,99.0,1151.67,1289.865,38.661664,1,1
21465,Schleswig-Holstein,SH_grenze,0,2015,organisation,0.0,0.0,0.0,38.139721,0,0
21465,Schleswig-Holstein,SH_grenze,0,2015,privat,8.0,34.69,41.3,38.139721,0,0
21465,Schleswig-Holstein,SH_grenze,0,2016,organisation,2.0,147.4,172.96,38.139721,0,0
21465,Schleswig-Holstein,SH_grenze,0,2016,privat,15.0,55.69,59.025,38.139721,0,0
21465,Schleswig-Holstein,SH_grenze,0,2017,organisation,2.0,29.0,30.060000000000002,38.139721,0,0
21465,Schleswig-Holstein,SH_grenze,0,2017,privat,14.0,66.24,70.57,38.139721,0,0
21465,Schleswig-Holstein,SH_grenze,0,2018,organisation,2.0,69.0,81.18,38.139721,0,0
21465,Schleswig-Holstein,SH_grenze,0,2018,privat,18.0,300.74,343.135,38.139721,0,0
21465,Schleswig-Holstein,SH_grenze,0,2019,organisation,4.0,803.4499999999999,817.04,38.139721,0,0
21465,Schleswig-Holstein,SH_grenze,0,2019,privat,25.0,171.895,183.925,38.139721,0,0
21465,Schleswig-Holstein,SH_grenze,0,2020,organisation,3.0,223.6,236.9,38.139721,0,0
21465,Schleswig-Holstein,SH_grenze,0,2020,privat,46.0,337.45,381.59499999999997,38.139721,0,0
21465,Schleswig-Holstein,SH_grenze,0,2021,organisation,12.0,739.48,877.79,38.139721,0,0
21465,Schleswig-Holstein,SH_grenze,0,2021,privat,67.0,511.605,571.96,38.139721,0,0
21465,Schleswig-Holstein,SH_grenze,0,2022,organisation,5.0,100.06,133.28,38.139721,0,0
21465,Schleswig-Holstein,SH_grenze,0,2022,privat,74.0,778.675,869.9300000000001,38.139721,0,0
21465,Schleswig-Holstein,SH_grenze,0,2023,organisation,19.0,1269.2,1315.71,38.139721,1,0
21465,Schleswig-Holstein,SH_grenze,0,2023,privat,275.0,2394.398,2672.281,38.139721,1,0
21465,Schleswig-Holstein,SH_grenze,0,2024,organisation,19.0,1500.44,1854.58,38.139721,1,1
21465,Schleswig-Holstein,SH_grenze,0,2024,privat,214.0,1711.96,1948.076,38.139721,1,1
21465,Schleswig-Holstein,SH_grenze,0,2025,organisation,13.0,1532.3400000000001,1814.1200000000001,38.139721,1,1
21465,Schleswig-Holstein,SH_grenze,0,2025,privat,167.0,1404.557,1595.05,38.139721,1,1
21502,Schleswig-Holstein,SH_grenze,0,2015,organisation,1.0,9.9,9.9,51.054466,0,0
21502,Schleswig-Holstein,SH_grenze,0,2015,privat,5.0,28.310000000000002,31.720000000000002,51.054466,0,0
21502,Schleswig-Holstein,SH_grenze,0,2016,organisation,0.0,0.0,0.0,51.054466,0,0
21502,Schleswig-Holstein,SH_grenze,0,2016,privat,2.0,7.0,7.96,51.054466,0,0
21502,Schleswig-Holstein,SH_grenze,0,2017,organisation,1.0,4.42,4.42,51.054466,0,0
21502,Schleswig-Holstein,SH_grenze,0,2017,privat,9.0,46.545,49.065,51.054466,0,0
21502,Schleswig-Holstein,SH_grenze,0,2018,organisation,3.0,236.38,258.62,51.054466,0,0
21502,Schleswig-Holstein,SH_grenze,0,2018,privat,8.0,49.885,80.495,51.054466,0,0
21502,Schleswig-Holstein,SH_grenze,0,2019,organisation,1.0,29.7,29.7,51.054466,0,0
21502,Schleswig-Holstein,SH_grenze,0,2019,privat,9.0,61.15,69.85,51.054466,0,0
21502,Schleswig-Holstein,SH_grenze,0,2020,organisation,2.0,58.7,58.7,51.054466,0,0
21502,Schleswig-Holstein,SH_grenze,0,2020,privat,18.0,133.12,148.34,51.054466,0,0
21502,Schleswig-Holstein,SH_grenze,0,2021,organisation,5.0,255.75,259.24,51.054466,0,0
21502,Schleswig-Holstein,SH_grenze,0,2021,privat,33.0,268.39,317.21999999999997,51.054466,0,0
21502,Schleswig-Holstein,SH_grenze,0,2022,organisation,8.0,388.86,420.42,51.054466,0,0
21502,Schleswig-Holstein,SH_grenze,0,2022,privat,57.0,525.9,595.76,51.054466,0,0
21502,Schleswig-Holstein,SH_grenze,0,2023,organisation,7.0,404.53999999999996,484.89000000000004,51.054466,1,0
21502,Schleswig-Holstein,SH_grenze,0,2023,privat,194.0,1492.766,1683.5,51.054466,1,0
21502,Schleswig-Holstein,SH_grenze,0,2024,organisation,22.0,776.5699999999999,914.785,51.054466,1,1
21502,Schleswig-Holstein,SH_grenze,0,2024,privat,192.0,1587.905,1830.451,51.054466,1,1
21502,Schleswig-Holstein,SH_grenze,0,2025,organisation,26.0,679.39,782.63,51.054466,1,1
21502,Schleswig-Holstein,SH_grenze,0,2025,privat,146.0,1342.666,1596.575,51.054466,1,1
21509,Schleswig-Holstein,SH_grenze,0,2015,organisation,0.0,0.0,0.0,11.150991,0,0
21509,Schleswig-Holstein,SH_grenze,0,2015,privat,1.0,9.36,9.6,11.150991,0,0
21509,Schleswig-Holstein,SH_grenze,0,2016,organisation,1.0,15.0,18.2,11.150991,0,0
21509,Schleswig-Holstein,SH_grenze,0,2016,privat,3.0,15.68,18.689999999999998,11.150991,0,0
21509,Schleswig-Holstein,SH_grenze,0,2017,organisation,1.0,3.68,4.64,11.150991,0,0
21509,Schleswig-Holstein,SH_grenze,0,2017,privat,3.0,13.36,13.36,11.150991,0,0
21509,Schleswig-Holstein,SH_grenze,0,2018,organisation,2.0,146.84,163.14000000000001,11.150991,0,0
21509,Schleswig-Holstein,SH_grenze,0,2018,privat,2.0,10.379999999999999,10.86,11.150991,0,0
21509,Schleswig-Holstein,SH_grenze,0,2019,organisation,2.0,201.0,222.996,11.150991,0,0
21509,Schleswig-Holstein,SH_grenze,0,2019,privat,11.0,84.328,92.565,11.150991,0,0
21509,Schleswig-Holstein,SH_grenze,0,2020,organisation,2.0,14.100000000000001,14.38,11.150991,0,0
21509,Schleswig-Holstein,SH_grenze,0,2020,privat,10.0,69.21000000000001,75.195,11.150991,0,0
21509,Schleswig-Holstein,SH_grenze,0,2021,organisation,2.0,24.6,28.799999999999997,11.150991,0,0
21509,Schleswig-Holstein,SH_grenze,0,2021,privat,9.0,70.37,76.41,11.150991,0,0
21509,Schleswig-Holstein,SH_grenze,0,2022,organisation,2.0,24.0,27.235,11.150991,0,0
21509,Schleswig-Holstein,SH_grenze,0,2022,privat,24.0,161.34,182.745,11.150991,0,0
21509,Schleswig-Holstein,SH_grenze,0,2023,organisation,6.0,755.6,878.59,11.150991,1,0
21509,Schleswig-Holstein,SH_grenze,0,2023,privat,78.0,634.25,708.47,11.150991,1,0
21509,Schleswig-Holstein,SH_grenze,0,2024,organisation,7.0,413.92,445.69,11.150991,1,1
21509,Schleswig-Holstein,SH_grenze,0,2024,privat,74.0,532.012,615.54,11.150991,1,1
21509,Schleswig-Holstein,SH_grenze,0,2025,organisation,12.0,384.5,500.74,11.150991,1,1
21509,Schleswig-Holstein,SH_grenze,0,2025,privat,36.0,305.025,341.325,11.150991,1,1
21614,Niedersachsen,NI_grenze,0,2015,organisation,7.0,281.68,321.94,76.415288,0,0
21614,Niedersachsen,NI_grenze,0,2015,privat,8.0,39.804,43.264,76.415288,0,0
21614,Niedersachsen,NI_grenze,0,2016,organisation,1.0,29.82,29.82,76.415288,0,0
21614,Niedersachsen,NI_grenze,0,2016,privat,11.0,43.55,44.56,76.415288,0,0
21614,Niedersachsen,NI_grenze,0,2017,organisation,2.0,27.5,27.9,76.415288,0,0
21614,Niedersachsen,NI_grenze,0,2017,privat,20.0,132.865,139.20499999999998,76.415288,0,0
21614,Niedersachsen,NI_grenze,0,2018,organisation,6.0,712.9,772.7550000000001,76.415288,0,0
21614,Niedersachsen,NI_grenze,0,2018,privat,25.0,264.34000000000003,295.39,76.415288,0,0
21614,Niedersachsen,NI_grenze,0,2019,organisation,5.0,436.46,445.26,76.415288,0,0
21614,Niedersachsen,NI_grenze,0,2019,privat,21.0,112.46,123.78,76.415288,0,0
21614,Niedersachsen,NI_grenze,0,2020,organisation,7.0,84.82,88.99000000000001,76.415288,0,0
21614,Niedersachsen,NI_grenze,0,2020,privat,52.0,451.635,473.845,76.415288,0,0
21614,Niedersachsen,NI_grenze,0,2021,organisation,11.0,264.2,274.53000000000003,76.415288,0,0
21614,Niedersachsen,NI_grenze,0,2021,privat,50.0,503.125,542.365,76.415288,0,0
21614,Niedersachsen,NI_grenze,0,2022,organisation,4.0,427.63,429.885,76.415288,0,0
21614,Niedersachsen,NI_grenze,0,2022,privat,87.0,678.4300000000001,745.91,76.415288,0,0
21614,Niedersachsen,NI_grenze,0,2023,organisation,9.0,350.71,362.41999999999996,76.415288,1,0
21614,Niedersachsen,NI_grenze,0,2023,privat,249.0,2293.817,2518.285,76.415288,1,0
21614,Niedersachsen,NI_grenze,0,2024,organisation,14.0,679.685,717.075,76.415288,1,1
21614,Niedersachsen,NI_grenze,0,2024,privat,224.0,1986.103,2203.13,76.415288,1,1
21614,Niedersachsen,NI_grenze,0,2025,organisation,22.0,1049.55,1229.52,76.415288,1,1
21614,Niedersachsen,NI_grenze,0,2025,privat,172.0,1603.013,1841.801,76.415288,1,1
21629,Niedersachsen,NI_grenze,0,2015,organisation,1.0,99.96,99.96,56.446106,0,0
21629,Niedersachsen,NI_grenze,0,2015,privat,5.0,25.85,32.160000000000004,56.446106,0,0
21629,Niedersachsen,NI_grenze,0,2016,organisation,1.0,16.8,16.8,56.446106,0,0
21629,Niedersachsen,NI_grenze,0,2016,privat,4.0,25.4,28.4,56.446106,0,0
21629,Niedersachsen,NI_grenze,0,2017,organisation,1.0,640.0,745.2,56.446106,0,0
21629,Niedersachsen,NI_grenze,0,2017,privat,6.0,28.97,30.18,56.446106,0,0
21629,Niedersachsen,NI_grenze,0,2018,organisation,3.0,504.8,581.03,56.446106,0,0
21629,Niedersachsen,NI_grenze,0,2018,privat,15.0,92.21000000000001,101.83,56.446106,0,0
21629,Niedersachsen,NI_grenze,0,2019,organisation,1.0,8.37,8.37,56.446106,0,0
21629,Niedersachsen,NI_grenze,0,2019,privat,10.0,81.795,91.235,56.446106,0,0
21629,Niedersachsen,NI_grenze,0,2020,organisation,5.0,1751.04,2017.425,56.446106,0,0
21629,Niedersachsen,NI_grenze,0,2020,privat,27.0,197.545,218.4,56.446106,0,0
21629,Niedersachsen,NI_grenze,0,2021,organisation,3.0,789.0,890.69,56.446106,0,0
21629,Niedersachsen,NI_grenze,0,2021,privat,24.0,180.34,207.305,56.446106,0,0
21629,Niedersachsen,NI_grenze,0,2022,organisation,3.0,1950.0,2248.86,56.446106,0,0
21629,Niedersachsen,NI_grenze,0,2022,privat,47.0,388.0,422.84,56.446106,0,0
21629,Niedersachsen,NI_grenze,0,2023,organisation,8.0,2916.32,3389.12,56.446106,1,0
21629,Niedersachsen,NI_grenze,0,2023,privat,169.0,2365.6150000000002,2556.365,56.446106,1,0
21629,Niedersachsen,NI_grenze,0,2024,organisation,9.0,1541.3200000000002,2099.32,56.446106,1,1
21629,Niedersachsen,NI_grenze,0,2024,privat,177.0,1591.766,1790.99,56.446106,1,1
21629,Niedersachsen,NI_grenze,0,2025,organisation,9.0,2301.1600000000003,2618.68,56.446106,1,1
21629,Niedersachsen,NI_grenze,0,2025,privat,113.0,1033.805,1172.45,56.446106,1,1
21635,Niedersachsen,NI_grenze,0,2015,organisation,1.0,16.64,16.64,62.35205,0,0
21635,Niedersachsen,NI_grenze,0,2015,privat,3.0,41.055,41.055,62.35205,0,0
21635,Niedersachsen,NI_grenze,0,2016,organisation,3.0,165.92000000000002,179.66,62.35205,0,0
21635,Niedersachsen,NI_grenze,0,2016,privat,2.0,12.0,12.559999999999999,62.35205,0,0
21635,Niedersachsen,NI_grenze,0,2017,organisation,0.0,0.0,0.0,62.35205,0,0
21635,Niedersachsen,NI_grenze,0,2017,privat,9.0,187.86,191.875,62.35205,0,0
21635,Niedersachsen,NI_grenze,0,2018,organisation,1.0,95.0,99.75,62.35205,0,0
21635,Niedersachsen,NI_grenze,0,2018,privat,11.0,101.72,179.56,62.35205,0,0
21635,Niedersachsen,NI_grenze,0,2019,organisation,0.0,0.0,0.0,62.35205,0,0
21635,Niedersachsen,NI_grenze,0,2019,privat,11.0,154.05,173.72,62.35205,0,0
21635,Niedersachsen,NI_grenze,0,2020,organisation,1.0,50.0,52.36,62.35205,0,0
21635,Niedersachsen,NI_grenze,0,2020,privat,17.0,438.71,457.16999999999996,62.35205,0,0
21635,Niedersachsen,NI_grenze,0,2021,organisation,3.0,101.0,117.21000000000001,62.35205,0,0
21635,Niedersachsen,NI_grenze,0,2021,privat,32.0,648.04,680.525,62.35205,0,0
21635,Niedersachsen,NI_grenze,0,2022,organisation,4.0,88.0,89.985,62.35205,0,0
21635,Niedersachsen,NI_grenze,0,2022,privat,43.0,492.915,554.81,62.35205,0,0
21635,Niedersachsen,NI_grenze,0,2023,organisation,3.0,102.09,112.05,62.35205,1,0
21635,Niedersachsen,NI_grenze,0,2023,privat,134.0,1811.725,2098.595,62.35205,1,0
21635,Niedersachsen,NI_grenze,0,2024,organisation,12.0,1387.44,1524.5749999999998,62.35205,1,1
21635,Niedersachsen,NI_grenze,0,2024,privat,135.0,1332.719,1519.654,62.35205,1,1
21635,Niedersachsen,NI_grenze,0,2025,organisation,7.0,2189.02,2262.94,62.35205,1,1
21635,Niedersachsen,NI_grenze,0,2025,privat,86.0,1169.2849999999999,1311.21,62.35205,1,1
22043,Hamburg,HH_grenze,1,2015,organisation,0.0,0.0,0.0,5.421969,0,0
22043,Hamburg,HH_grenze,1,2015,privat,0.0,0.0,0.0,5.421969,0,0
22043,Hamburg,HH_grenze,1,2016,organisation,0.0,0.0,0.0,5.421969,0,0
22043,Hamburg,HH_grenze,1,2016,privat,2.0,4.6899999999999995,4.6899999999999995,5.421969,0,0
22043,Hamburg,HH_grenze,1,2017,organisation,0.0,0.0,0.0,5.421969,0,0
22043,Hamburg,HH_grenze,1,2017,privat,2.0,15.0,15.965,5.421969,0,0
22043,Hamburg,HH_grenze,1,2018,organisation,0.0,0.0,0.0,5.421969,0,0
22043,Hamburg,HH_grenze,1,2018,privat,1.0,6.96,6.96,5.421969,0,0
22043,Hamburg,HH_grenze,1,2019,organisation,3.0,215.24,242.60000000000002,5.421969,0,0
22043,Hamburg,HH_grenze,1,2019,privat,1.0,9.0,9.76,5.421969,0,0
22043,Hamburg,HH_grenze,1,2020,organisation,1.0,7.15,7.15,5.421969,0,0
22043,Hamburg,HH_grenze,1,2020,privat,9.0,60.79,65.89,5.421969,0,0
22043,Hamburg,HH_grenze,1,2021,organisation,0.0,0.0,0.0,5.421969,0,0
22043,Hamburg,HH_grenze,1,2021,privat,10.0,76.145,84.005,5.421969,0,0
22043,Hamburg,HH_grenze,1,2022,organisation,1.0,10.0,11.431,5.421969,0,0
22043,Hamburg,HH_grenze,1,2022,privat,18.0,112.71,121.83,5.421969,0,0
22043,Hamburg,HH_grenze,1,2023,organisation,3.0,100.0,142.24,5.421969,1,0
22043,Hamburg,HH_grenze,1,2023,privat,43.0,322.669,363.535,5.421969,1,0
22043,Hamburg,HH_grenze,1,2024,organisation,13.0,141.68,162.32999999999998,5.421969,1,1
22043,Hamburg,HH_grenze,1,2024,privat,38.0,359.75300000000004,407.19,5.421969,1,1
22043,Hamburg,HH_grenze,1,2025,organisation,31.0,568.92,656.03,5.421969,1,1
22043,Hamburg,HH_grenze,1,2025,privat,48.0,398.347,446.752,5.421969,1,1
22045,Hamburg,HH_grenze,1,2015,organisation,0.0,0.0,0.0,5.321459,0,0
22045,Hamburg,HH_grenze,1,2015,privat,1.0,8.0,8.4,5.321459,0,0
22045,Hamburg,HH_grenze,1,2016,organisation,1.0,8.2,8.68,5.321459,0,0
22045,Hamburg,HH_grenze,1,2016,privat,2.0,7.57,8.05,5.321459,0,0
22045,Hamburg,HH_grenze,1,2017,organisation,1.0,26.4,27.54,5.321459,0,0
22045,Hamburg,HH_grenze,1,2017,privat,2.0,73.22,73.22,5.321459,0,0
22045,Hamburg,HH_grenze,1,2018,organisation,0.0,0.0,0.0,5.321459,0,0
22045,Hamburg,HH_grenze,1,2018,privat,1.0,4.48,4.48,5.321459,0,0
22045,Hamburg,HH_grenze,1,2019,organisation,0.0,0.0,0.0,5.321459,0,0
22045,Hamburg,HH_grenze,1,2019,privat,2.0,9.51,9.99,5.321459,0,0
22045,Hamburg,HH_grenze,1,2020,organisation,3.0,78.9,81.8,5.321459,0,0
22045,Hamburg,HH_grenze,1,2020,privat,5.0,23.784999999999997,26.515,5.321459,0,0
22045,Hamburg,HH_grenze,1,2021,organisation,1.0,10.0,11.47,5.321459,0,0
22045,Hamburg,HH_grenze,1,2021,privat,2.0,12.6,15.83,5.321459,0,0
22045,Hamburg,HH_grenze,1,2022,organisation,3.0,87.0,111.24,5.321459,0,0
22045,Hamburg,HH_grenze,1,2022,privat,11.0,88.6,99.575,5.321459,0,0
22045,Hamburg,HH_grenze,1,2023,organisation,1.0,9.72,9.72,5.321459,1,0
22045,Hamburg,HH_grenze,1,2023,privat,20.0,194.66400000000002,216.32,5.321459,1,0
22045,Hamburg,HH_grenze,1,2024,organisation,7.0,321.42,362.19,5.321459,1,1
22045,Hamburg,HH_grenze,1,2024,privat,26.0,276.205,293.96,5.321459,1,1
22045,Hamburg,HH_grenze,1,2025,organisation,3.0,158.5,176.94,5.321459,1,1
22045,Hamburg,HH_grenze,1,2025,privat,26.0,211.255,235.575,5.321459,1,1
22115,Hamburg,HH_grenze,1,2015,organisation,0.0,0.0,0.0,3.518433,0,0
22115,Hamburg,HH_grenze,1,2015,privat,0.0,0.0,0.0,3.518433,0,0
22115,Hamburg,HH_grenze,1,2016,organisation,0.0,0.0,0.0,3.518433,0,0
22115,Hamburg,HH_grenze,1,2016,privat,0.0,0.0,0.0,3.518433,0,0
22115,Hamburg,HH_grenze,1,2017,organisation,0.0,0.0,0.0,3.518433,0,0
22115,Hamburg,HH_grenze,1,2017,privat,0.0,0.0,0.0,3.518433,0,0
22115,Hamburg,HH_grenze,1,2018,organisation,0.0,0.0,0.0,3.518433,0,0
22115,Hamburg,HH_grenze,1,2018,privat,0.0,0.0,0.0,3.518433,0,0
22115,Hamburg,HH_grenze,1,2019,organisation,0.0,0.0,0.0,3.518433,0,0
22115,Hamburg,HH_grenze,1,2019,privat,0.0,0.0,0.0,3.518433,0,0
22115,Hamburg,HH_grenze,1,2020,organisation,0.0,0.0,0.0,3.518433,0,0
22115,Hamburg,HH_grenze,1,2020,privat,3.0,29.4,31.79,3.518433,0,0
22115,Hamburg,HH_grenze,1,2021,organisation,0.0,0.0,0.0,3.518433,0,0
22115,Hamburg,HH_grenze,1,2021,privat,3.0,24.375,24.925,3.518433,0,0
22115,Hamburg,HH_grenze,1,2022,organisation,1.0,47.19,47.19,3.518433,0,0
22115,Hamburg,HH_grenze,1,2022,privat,3.0,19.03,21.73,3.518433,0,0
22115,Hamburg,HH_grenze,1,2023,organisation,1.0,29.9,53.12,3.518433,1,0
22115,Hamburg,HH_grenze,1,2023,privat,4.0,22.61,23.11,3.518433,1,0
22115,Hamburg,HH_grenze,1,2024,organisation,3.0,53.92,57.74,3.518433,1,1
22115,Hamburg,HH_grenze,1,2024,privat,1.0,5.32,6.02,3.518433,1,1
22115,Hamburg,HH_grenze,1,2025,organisation,7.0,136.72,146.11,3.518433,1,1
22115,Hamburg,HH_grenze,1,2025,privat,5.0,31.72,39.989999999999995,3.518433,1,1
22117,Hamburg,HH_grenze,1,2015,organisation,0.0,0.0,0.0,7.915293,0,0
22117,Hamburg,HH_grenze,1,2015,privat,0.0,0.0,0.0,7.915293,0,0
22117,Hamburg,HH_grenze,1,2016,organisation,0.0,0.0,0.0,7.915293,0,0
22117,Hamburg,HH_grenze,1,2016,privat,2.0,11.73,11.73,7.915293,0,0
22117,Hamburg,HH_grenze,1,2017,organisation,0.0,0.0,0.0,7.915293,0,0
22117,Hamburg,HH_grenze,1,2017,privat,1.0,4.48,4.48,7.915293,0,0
22117,Hamburg,HH_grenze,1,2018,organisation,1.0,2.5,2.52,7.915293,0,0
22117,Hamburg,HH_grenze,1,2018,privat,0.0,0.0,0.0,7.915293,0,0
22117,Hamburg,HH_grenze,1,2019,organisation,0.0,0.0,0.0,7.915293,0,0
22117,Hamburg,HH_grenze,1,2019,privat,2.0,5.92,7.37,7.915293,0,0
22117,Hamburg,HH_grenze,1,2020,organisation,0.0,0.0,0.0,7.915293,0,0
22117,Hamburg,HH_grenze,1,2020,privat,4.0,25.42,29.189999999999998,7.915293,0,0
22117,Hamburg,HH_grenze,1,2021,organisation,0.0,0.0,0.0,7.915293,0,0
22117,Hamburg,HH_grenze,1,2021,privat,5.0,34.69,36.71,7.915293,0,0
22117,Hamburg,HH_grenze,1,2022,organisation,0.0,0.0,0.0,7.915293,0,0
22117,Hamburg,HH_grenze,1,2022,privat,15.0,99.88,108.48,7.915293,0,0
22117,Hamburg,HH_grenze,1,2023,organisation,1.0,90.0,99.38,7.915293,1,0
22117,Hamburg,HH_grenze,1,2023,privat,32.0,249.44,272.49,7.915293,1,0
22117,Hamburg,HH_grenze,1,2024,organisation,7.0,144.865,172.25,7.915293,1,1
22117,Hamburg,HH_grenze,1,2024,privat,42.0,336.156,383.155,7.915293,1,1
22117,Hamburg,HH_grenze,1,2025,organisation,6.0,247.07999999999998,294.21,7.915293,1,1
22117,Hamburg,HH_grenze,1,2025,privat,46.0,374.14500000000004,414.33500000000004,7.915293,1,1
22119,Hamburg,HH_grenze,1,2015,organisation,1.0,16.64,16.64,5.473822,0,0
22119,Hamburg,HH_grenze,1,2015,privat,2.0,6.5,6.5,5.473822,0,0
22119,Hamburg,HH_grenze,1,2016,organisation,0.0,0.0,0.0,5.473822,0,0
22119,Hamburg,HH_grenze,1,2016,privat,1.0,7.0,7.41,5.473822,0,0
22119,Hamburg,HH_grenze,1,2017,organisation,1.0,135.5,164.08,5.473822,0,0
22119,Hamburg,HH_grenze,1,2017,privat,1.0,3.75,3.75,5.473822,0,0
22119,Hamburg,HH_grenze,1,2018,organisation,0.0,0.0,0.0,5.473822,0,0
22119,Hamburg,HH_grenze,1,2018,privat,2.0,9.3,10.2,5.473822,0,0
22119,Hamburg,HH_grenze,1,2019,organisation,1.0,99.18,99.18,5.473822,0,0
22119,Hamburg,HH_grenze,1,2019,privat,1.0,6.0,6.4,5.473822,0,0
22119,Hamburg,HH_grenze,1,2020,organisation,0.0,0.0,0.0,5.473822,0,0
22119,Hamburg,HH_grenze,1,2020,privat,5.0,30.7,36.51,5.473822,0,0
22119,Hamburg,HH_grenze,1,2021,organisation,0.0,0.0,0.0,5.473822,0,0
22119,Hamburg,HH_grenze,1,2021,privat,9.0,68.5,71.96,5.473822,0,0
22119,Hamburg,HH_grenze,1,2022,organisation,0.0,0.0,0.0,5.473822,0,0
22119,Hamburg,HH_grenze,1,2022,privat,13.0,110.75,119.22,5.473822,0,0
22119,Hamburg,HH_grenze,1,2023,organisation,0.0,0.0,0.0,5.473822,1,0
22119,Hamburg,HH_grenze,1,2023,privat,37.0,263.2,301.82,5.473822,1,0
22119,Hamburg,HH_grenze,1,2024,organisation,1.0,42.0,53.28,5.473822,1,1
22119,Hamburg,HH_grenze,1,2024,privat,71.0,547.777,612.65,5.473822,1,1
22119,Hamburg,HH_grenze,1,2025,organisation,2.0,182.95,241.85000000000002,5.473822,1,1
22119,Hamburg,HH_grenze,1,2025,privat,59.0,471.151,552.93,5.473822,1,1
22143,Hamburg,HH_grenze,1,2015,organisation,0.0,0.0,0.0,6.12382,0,0
22143,Hamburg,HH_grenze,1,2015,privat,0.0,0.0,0.0,6.12382,0,0
22143,Hamburg,HH_grenze,1,2016,organisation,1.0,8.0,8.99,6.12382,0,0
22143,Hamburg,HH_grenze,1,2016,privat,0.0,0.0,0.0,6.12382,0,0
22143,Hamburg,HH_grenze,1,2017,organisation,1.0,61.56,61.56,6.12382,0,0
22143,Hamburg,HH_grenze,1,2017,privat,3.0,10.379999999999999,11.0,6.12382,0,0
22143,Hamburg,HH_grenze,1,2018,organisation,11.0,262.84,269.90999999999997,6.12382,0,0
22143,Hamburg,HH_grenze,1,2018,privat,6.0,33.022,35.59,6.12382,0,0
22143,Hamburg,HH_grenze,1,2019,organisation,7.0,96.4,102.24,6.12382,0,0
22143,Hamburg,HH_grenze,1,2019,privat,4.0,33.92,36.85,6.12382,0,0
22143,Hamburg,HH_grenze,1,2020,organisation,4.0,34.0,37.315,6.12382,0,0
22143,Hamburg,HH_grenze,1,2020,privat,6.0,48.935,52.504999999999995,6.12382,0,0
22143,Hamburg,HH_grenze,1,2021,organisation,4.0,79.405,91.815,6.12382,0,0
22143,Hamburg,HH_grenze,1,2021,privat,5.0,39.86000000000001,39.99,6.12382,0,0
22143,Hamburg,HH_grenze,1,2022,organisation,0.0,0.0,0.0,6.12382,0,0
22143,Hamburg,HH_grenze,1,2022,privat,7.0,67.94,71.62,6.12382,0,0
22143,Hamburg,HH_grenze,1,2023,organisation,7.0,899.73,903.3900000000001,6.12382,1,0
22143,Hamburg,HH_grenze,1,2023,privat,62.0,483.705,558.11,6.12382,1,0
22143,Hamburg,HH_grenze,1,2024,organisation,5.0,160.0,190.83,6.12382,1,1
22143,Hamburg,HH_grenze,1,2024,privat,48.0,397.091,454.66,6.12382,1,1
22143,Hamburg,HH_grenze,1,2025,organisation,6.0,1445.21,1720.92,6.12382,1,1
22143,Hamburg,HH_grenze,1,2025,privat,56.0,481.127,531.375,6.12382,1,1
22147,Hamburg,HH_grenze,1,2015,organisation,0.0,0.0,0.0,3.853263,0,0
22147,Hamburg,HH_grenze,1,2015,privat,1.0,5.1,5.1,3.853263,0,0
22147,Hamburg,HH_grenze,1,2016,organisation,0.0,0.0,0.0,3.853263,0,0
22147,Hamburg,HH_grenze,1,2016,privat,5.0,27.52,30.12,3.853263,0,0
22147,Hamburg,HH_grenze,1,2017,organisation,0.0,0.0,0.0,3.853263,0,0
22147,Hamburg,HH_grenze,1,2017,privat,5.0,34.833,36.24,3.853263,0,0
22147,Hamburg,HH_grenze,1,2018,organisation,0.0,0.0,0.0,3.853263,0,0
22147,Hamburg,HH_grenze,1,2018,privat,4.0,23.45,26.89,3.853263,0,0
22147,Hamburg,HH_grenze,1,2019,organisation,1.0,7.0,9.92,3.853263,0,0
22147,Hamburg,HH_grenze,1,2019,privat,9.0,38.62,45.305,3.853263,0,0
22147,Hamburg,HH_grenze,1,2020,organisation,0.0,0.0,0.0,3.853263,0,0
22147,Hamburg,HH_grenze,1,2020,privat,8.0,56.0,61.095,3.853263,0,0
22147,Hamburg,HH_grenze,1,2021,organisation,0.0,0.0,0.0,3.853263,0,0
22147,Hamburg,HH_grenze,1,2021,privat,22.0,204.925,219.15,3.853263,0,0
22147,Hamburg,HH_grenze,1,2022,organisation,1.0,9.2,10.08,3.853263,0,0
22147,Hamburg,HH_grenze,1,2022,privat,22.0,168.9,180.815,3.853263,0,0
22147,Hamburg,HH_grenze,1,2023,organisation,2.0,73.71000000000001,73.71000000000001,3.853263,1,0
22147,Hamburg,HH_grenze,1,2023,privat,81.0,639.37,712.07,3.853263,1,0
22147,Hamburg,HH_grenze,1,2024,organisation,5.0,240.0,291.945,3.853263,1,1
22147,Hamburg,HH_grenze,1,2024,privat,66.0,498.456,549.85,3.853263,1,1
22147,Hamburg,HH_grenze,1,2025,organisation,2.0,40.67,41.16,3.853263,1,1
22147,Hamburg,HH_grenze,1,2025,privat,59.0,473.06,516.215,3.853263,1,1
22149,Hamburg,HH_grenze,1,2015,organisation,0.0,0.0,0.0,6.400518,0,0
22149,Hamburg,HH_grenze,1,2015,privat,2.0,2.66,3.8,6.400518,0,0
22149,Hamburg,HH_grenze,1,2016,organisation,0.0,0.0,0.0,6.400518,0,0
22149,Hamburg,HH_grenze,1,2016,privat,1.0,2.01,2.01,6.400518,0,0
22149,Hamburg,HH_grenze,1,2017,organisation,0.0,0.0,0.0,6.400518,0,0
22149,Hamburg,HH_grenze,1,2017,privat,5.0,32.375,33.985,6.400518,0,0
22149,Hamburg,HH_grenze,1,2018,organisation,0.0,0.0,0.0,6.400518,0,0
22149,Hamburg,HH_grenze,1,2018,privat,3.0,11.280000000000001,11.760000000000002,6.400518,0,0
22149,Hamburg,HH_grenze,1,2019,organisation,0.0,0.0,0.0,6.400518,0,0
22149,Hamburg,HH_grenze,1,2019,privat,4.0,27.449999999999996,33.71,6.400518,0,0
22149,Hamburg,HH_grenze,1,2020,organisation,0.0,0.0,0.0,6.400518,0,0
22149,Hamburg,HH_grenze,1,2020,privat,6.0,32.13,38.09,6.400518,0,0
22149,Hamburg,HH_grenze,1,2021,organisation,0.0,0.0,0.0,6.400518,0,0
22149,Hamburg,HH_grenze,1,2021,privat,6.0,48.3,55.56,6.400518,0,0
22149,Hamburg,HH_grenze,1,2022,organisation,0.0,0.0,0.0,6.400518,0,0
22149,Hamburg,HH_grenze,1,2022,privat,14.0,104.86,114.36,6.400518,0,0
22149,Hamburg,HH_grenze,1,2023,organisation,0.0,0.0,0.0,6.400518,1,0
22149,Hamburg,HH_grenze,1,2023,privat,52.0,392.74,441.41999999999996,6.400518,1,0
22149,Hamburg,HH_grenze,1,2024,organisation,1.0,15.0,17.25,6.400518,1,1
22149,Hamburg,HH_grenze,1,2024,privat,58.0,449.406,492.46000000000004,6.400518,1,1
22149,Hamburg,HH_grenze,1,2025,organisation,10.0,221.10000000000002,226.695,6.400518,1,1
22149,Hamburg,HH_grenze,1,2025,privat,41.0,302.91,336.275,6.400518,1,1
22359,Hamburg,HH_grenze,1,2015,organisation,0.0,0.0,0.0,12.565129,0,0
22359,Hamburg,HH_grenze,1,2015,privat,4.0,19.58,22.105,12.565129,0,0
22359,Hamburg,HH_grenze,1,2016,organisation,0.0,0.0,0.0,12.565129,0,0
22359,Hamburg,HH_grenze,1,2016,privat,4.0,22.045,22.82,12.565129,0,0
22359,Hamburg,HH_grenze,1,2017,organisation,1.0,2.01,2.01,12.565129,0,0
22359,Hamburg,HH_grenze,1,2017,privat,6.0,24.21,24.21,12.565129,0,0
22359,Hamburg,HH_grenze,1,2018,organisation,0.0,0.0,0.0,12.565129,0,0
22359,Hamburg,HH_grenze,1,2018,privat,8.0,36.35,38.66,12.565129,0,0
22359,Hamburg,HH_grenze,1,2019,organisation,1.0,7.0,9.92,12.565129,0,0
22359,Hamburg,HH_grenze,1,2019,privat,17.0,103.4,117.505,12.565129,0,0
22359,Hamburg,HH_grenze,1,2020,organisation,1.0,10.0,11.05,12.565129,0,0
22359,Hamburg,HH_grenze,1,2020,privat,16.0,108.455,116.92,12.565129,0,0
22359,Hamburg,HH_grenze,1,2021,organisation,2.0,20.935,24.955,12.565129,0,0
22359,Hamburg,HH_grenze,1,2021,privat,21.0,165.67000000000002,180.35500000000002,12.565129,0,0
22359,Hamburg,HH_grenze,1,2022,organisation,1.0,16.0,23.0,12.565129,0,0
22359,Hamburg,HH_grenze,1,2022,privat,46.0,318.591,376.755,12.565129,0,0
22359,Hamburg,HH_grenze,1,2023,organisation,3.0,24.2,26.990000000000002,12.565129,1,0
22359,Hamburg,HH_grenze,1,2023,privat,144.0,1142.858,1292.345,12.565129,1,0
22359,Hamburg,HH_grenze,1,2024,organisation,4.0,182.4,201.51999999999998,12.565129,1,1
22359,Hamburg,HH_grenze,1,2024,privat,128.0,1035.419,1157.685,12.565129,1,1
22359,Hamburg,HH_grenze,1,2025,organisation,3.0,31.56,33.28,12.565129,1,1
22359,Hamburg,HH_grenze,1,2025,privat,127.0,1005.615,1103.95,12.565129,1,1
22395,Hamburg,HH_grenze,1,2015,organisation,0.0,0.0,0.0,8.237296,0,0
22395,Hamburg,HH_grenze,1,2015,privat,3.0,12.21,12.21,8.237296,0,0
22395,Hamburg,HH_grenze,1,2016,organisation,0.0,0.0,0.0,8.237296,0,0
22395,Hamburg,HH_grenze,1,2016,privat,5.0,15.629999999999999,17.1,8.237296,0,0
22395,Hamburg,HH_grenze,1,2017,organisation,0.0,0.0,0.0,8.237296,0,0
22395,Hamburg,HH_grenze,1,2017,privat,5.0,17.82,18.17,8.237296,0,0
22395,Hamburg,HH_grenze,1,2018,organisation,0.0,0.0,0.0,8.237296,0,0
22395,Hamburg,HH_grenze,1,2018,privat,2.0,11.48,12.67,8.237296,0,0
22395,Hamburg,HH_grenze,1,2019,organisation,0.0,0.0,0.0,8.237296,0,0
22395,Hamburg,HH_grenze,1,2019,privat,8.0,43.17,49.724999999999994,8.237296,0,0
22395,Hamburg,HH_grenze,1,2020,organisation,1.0,9.5,9.935,8.237296,0,0
22395,Hamburg,HH_grenze,1,2020,privat,21.0,144.55,160.775,8.237296,0,0
22395,Hamburg,HH_grenze,1,2021,organisation,2.0,15.0,21.615000000000002,8.237296,0,0
22395,Hamburg,HH_grenze,1,2021,privat,27.0,209.415,235.34,8.237296,0,0
22395,Hamburg,HH_grenze,1,2022,organisation,1.0,15.0,19.32,8.237296,0,0
22395,Hamburg,HH_grenze,1,2022,privat,35.0,244.044,264.039,8.237296,0,0
22395,Hamburg,HH_grenze,1,2023,organisation,1.0,2.6,2.6,8.237296,1,0
22395,Hamburg,HH_grenze,1,2023,privat,150.0,1152.881,1329.335,8.237296,1,0
22395,Hamburg,HH_grenze,1,2024,organisation,1.0,24.0,24.6,8.237296,1,1
22395,Hamburg,HH_grenze,1,2024,privat,111.0,909.727,1023.675,8.237296,1,1
22395,Hamburg,HH_grenze,1,2025,organisation,3.0,25.0,33.85,8.237296,1,1
22395,Hamburg,HH_grenze,1,2025,privat,115.0,939.54,1037.836,8.237296,1,1
22397,Hamburg,HH_grenze,1,2015,organisation,0.0,0.0,0.0,31.971414,0,0
22397,Hamburg,HH_grenze,1,2015,privat,4.0,18.11,20.0,31.971414,0,0
22397,Hamburg,HH_grenze,1,2016,organisation,1.0,5.46,5.46,31.971414,0,0
22397,Hamburg,HH_grenze,1,2016,privat,10.0,41.635,42.845,31.971414,0,0
22397,Hamburg,HH_grenze,1,2017,organisation,2.0,10.97,10.97,31.971414,0,0
22397,Hamburg,HH_grenze,1,2017,privat,6.0,35.17,40.870000000000005,31.971414,0,0
22397,Hamburg,HH_grenze,1,2018,organisation,1.0,9.0,9.86,31.971414,0,0
22397,Hamburg,HH_grenze,1,2018,privat,12.0,69.66,78.78,31.971414,0,0
22397,Hamburg,HH_grenze,1,2019,organisation,1.0,72.96,72.96,31.971414,0,0
22397,Hamburg,HH_grenze,1,2019,privat,15.0,85.22999999999999,92.655,31.971414,0,0
22397,Hamburg,HH_grenze,1,2020,organisation,1.0,3.0,3.3,31.971414,0,0
22397,Hamburg,HH_grenze,1,2020,privat,46.0,260.575,281.085,31.971414,0,0
22397,Hamburg,HH_grenze,1,2021,organisation,8.0,76.56,78.77,31.971414,0,0
22397,Hamburg,HH_grenze,1,2021,privat,51.0,329.99,378.85,31.971414,0,0
22397,Hamburg,HH_grenze,1,2022,organisation,2.0,15.0,17.64,31.971414,0,0
22397,Hamburg,HH_grenze,1,2022,privat,60.0,604.634,687.25,31.971414,0,0
22397,Hamburg,HH_grenze,1,2023,organisation,8.0,50.92,56.724999999999994,31.971414,1,0
22397,Hamburg,HH_grenze,1,2023,privat,226.0,1857.098,2099.725,31.971414,1,0
22397,Hamburg,HH_grenze,1,2024,organisation,2.0,124.02,124.02,31.971414,1,1
22397,Hamburg,HH_grenze,1,2024,privat,166.0,1330.6870000000001,1469.365,31.971414,1,1
22397,Hamburg,HH_grenze,1,2025,organisation,5.0,139.3,164.16000000000003,31.971414,1,1
22397,Hamburg,HH_grenze,1,2025,privat,122.0,1080.1299999999999,1217.535,31.971414,1,1
22399,Hamburg,HH_grenze,1,2015,organisation,0.0,0.0,0.0,6.549773,0,0
22399,Hamburg,HH_grenze,1,2015,privat,1.0,9.0,9.0,6.549773,0,0
22399,Hamburg,HH_grenze,1,2016,organisation,2.0,45.0,45.48,6.549773,0,0
22399,Hamburg,HH_grenze,1,2016,privat,3.0,10.57,10.84,6.549773,0,0
22399,Hamburg,HH_grenze,1,2017,organisation,0.0,0.0,0.0,6.549773,0,0
22399,Hamburg,HH_grenze,1,2017,privat,4.0,26.2,27.41,6.549773,0,0
22399,Hamburg,HH_grenze,1,2018,organisation,2.0,20.0,21.96,6.549773,0,0
22399,Hamburg,HH_grenze,1,2018,privat,8.0,32.17,35.17,6.549773,0,0
22399,Hamburg,HH_grenze,1,2019,organisation,0.0,0.0,0.0,6.549773,0,0
22399,Hamburg,HH_grenze,1,2019,privat,10.0,48.78,52.72,6.549773,0,0
22399,Hamburg,HH_grenze,1,2020,organisation,1.0,8.0,8.32,6.549773,0,0
22399,Hamburg,HH_grenze,1,2020,privat,6.0,45.18,46.949999999999996,6.549773,0,0
22399,Hamburg,HH_grenze,1,2021,organisation,1.0,20.0,22.96,6.549773,0,0
22399,Hamburg,HH_grenze,1,2021,privat,33.0,221.31,243.465,6.549773,0,0
22399,Hamburg,HH_grenze,1,2022,organisation,1.0,29.52,29.52,6.549773,0,0
22399,Hamburg,HH_grenze,1,2022,privat,42.0,316.96500000000003,350.09499999999997,6.549773,0,0
22399,Hamburg,HH_grenze,1,2023,organisation,3.0,115.84,143.33499999999998,6.549773,1,0
22399,Hamburg,HH_grenze,1,2023,privat,128.0,1023.501,1126.61,6.549773,1,0
22399,Hamburg,HH_grenze,1,2024,organisation,4.0,213.0,257.01,6.549773,1,1
22399,Hamburg,HH_grenze,1,2024,privat,89.0,697.8629999999999,785.175,6.549773,1,1
22399,Hamburg,HH_grenze,1,2025,organisation,3.0,305.0,372.96,6.549773,1,1
22399,Hamburg,HH_grenze,1,2025,privat,122.0,954.562,1023.415,6.549773,1,1
22415,Hamburg,HH_grenze,1,2015,organisation,0.0,0.0,0.0,4.389974,0,0
22415,Hamburg,HH_grenze,1,2015,privat,1.0,4.0,4.0,4.389974,0,0
22415,Hamburg,HH_grenze,1,2016,organisation,0.0,0.0,0.0,4.389974,0,0
22415,Hamburg,HH_grenze,1,2016,privat,2.0,5.6,8.45,4.389974,0,0
22415,Hamburg,HH_grenze,1,2017,organisation,0.0,0.0,0.0,4.389974,0,0
22415,Hamburg,HH_grenze,1,2017,privat,3.0,13.1,13.27,4.389974,0,0
22415,Hamburg,HH_grenze,1,2018,organisation,0.0,0.0,0.0,4.389974,0,0
22415,Hamburg,HH_grenze,1,2018,privat,5.0,30.65,34.315,4.389974,0,0
22415,Hamburg,HH_grenze,1,2019,organisation,0.0,0.0,0.0,4.389974,0,0
22415,Hamburg,HH_grenze,1,2019,privat,0.0,0.0,0.0,4.389974,0,0
22415,Hamburg,HH_grenze,1,2020,organisation,0.0,0.0,0.0,4.389974,0,0
22415,Hamburg,HH_grenze,1,2020,privat,3.0,15.1,16.04,4.389974,0,0
22415,Hamburg,HH_grenze,1,2021,organisation,1.0,60.0,71.04,4.389974,0,0
22415,Hamburg,HH_grenze,1,2021,privat,7.0,48.269999999999996,58.585,4.389974,0,0
22415,Hamburg,HH_grenze,1,2022,organisation,1.0,20.5,20.5,4.389974,0,0
22415,Hamburg,HH_grenze,1,2022,privat,11.0,75.57,80.035,4.389974,0,0
22415,Hamburg,HH_grenze,1,2023,organisation,0.0,0.0,0.0,4.389974,1,0
22415,Hamburg,HH_grenze,1,2023,privat,31.0,218.095,250.325,4.389974,1,0
22415,Hamburg,HH_grenze,1,2024,organisation,1.0,50.0,52.29,4.389974,1,1
22415,Hamburg,HH_grenze,1,2024,privat,33.0,236.796,272.65999999999997,4.389974,1,1
22415,Hamburg,HH_grenze,1,2025,organisation,2.0,35.92,36.22,4.389974,1,1
22415,Hamburg,HH_grenze,1,2025,privat,36.0,269.505,292.025,4.389974,1,1
22417,Hamburg,HH_grenze,1,2015,organisation,2.0,23.27,25.63,7.993768,0,0
22417,Hamburg,HH_grenze,1,2015,privat,2.0,12.81,12.81,7.993768,0,0
22417,Hamburg,HH_grenze,1,2016,organisation,0.0,0.0,0.0,7.993768,0,0
22417,Hamburg,HH_grenze,1,2016,privat,1.0,5.0,5.4,7.993768,0,0
22417,Hamburg,HH_grenze,1,2017,organisation,0.0,0.0,0.0,7.993768,0,0
22417,Hamburg,HH_grenze,1,2017,privat,1.0,4.6,5.225,7.993768,0,0
22417,Hamburg,HH_grenze,1,2018,organisation,0.0,0.0,0.0,7.993768,0,0
22417,Hamburg,HH_grenze,1,2018,privat,0.0,0.0,0.0,7.993768,0,0
22417,Hamburg,HH_grenze,1,2019,organisation,2.0,5.34,5.34,7.993768,0,0
22417,Hamburg,HH_grenze,1,2019,privat,2.0,9.6,13.05,7.993768,0,0
22417,Hamburg,HH_grenze,1,2020,organisation,0.0,0.0,0.0,7.993768,0,0
22417,Hamburg,HH_grenze,1,2020,privat,8.0,42.875,54.735,7.993768,0,0
22417,Hamburg,HH_grenze,1,2021,organisation,0.0,0.0,0.0,7.993768,0,0
22417,Hamburg,HH_grenze,1,2021,privat,14.0,106.175,120.5,7.993768,0,0
22417,Hamburg,HH_grenze,1,2022,organisation,0.0,0.0,0.0,7.993768,0,0
22417,Hamburg,HH_grenze,1,2022,privat,16.0,140.92,151.5,7.993768,0,0
22417,Hamburg,HH_grenze,1,2023,organisation,0.0,0.0,0.0,7.993768,1,0
22417,Hamburg,HH_grenze,1,2023,privat,43.0,294.432,340.71500000000003,7.993768,1,0
22417,Hamburg,HH_grenze,1,2024,organisation,1.0,27.0,28.8,7.993768,1,1
22417,Hamburg,HH_grenze,1,2024,privat,58.0,454.219,500.19,7.993768,1,1
22417,Hamburg,HH_grenze,1,2025,organisation,0.0,0.0,0.0,7.993768,1,1
22417,Hamburg,HH_grenze,1,2025,privat,48.0,404.11400000000003,433.25,7.993768,1,1
22419,Hamburg,HH_grenze,1,2015,organisation,0.0,0.0,0.0,4.808175,0,0
22419,Hamburg,HH_grenze,1,2015,privat,1.0,3.0,3.57,4.808175,0,0
22419,Hamburg,HH_grenze,1,2016,organisation,1.0,60.0,62.4,4.808175,0,0
22419,Hamburg,HH_grenze,1,2016,privat,3.0,9.629999999999999,10.67,4.808175,0,0
22419,Hamburg,HH_grenze,1,2017,organisation,2.0,179.12,198.96,4.808175,0,0
22419,Hamburg,HH_grenze,1,2017,privat,2.0,9.5,9.620000000000001,4.808175,0,0
22419,Hamburg,HH_grenze,1,2018,organisation,0.0,0.0,0.0,4.808175,0,0
22419,Hamburg,HH_grenze,1,2018,privat,1.0,6.5,6.5,4.808175,0,0
22419,Hamburg,HH_grenze,1,2019,organisation,0.0,0.0,0.0,4.808175,0,0
22419,Hamburg,HH_grenze,1,2019,privat,2.0,9.9,10.94,4.808175,0,0
22419,Hamburg,HH_grenze,1,2020,organisation,1.0,24.4,24.4,4.808175,0,0
22419,Hamburg,HH_grenze,1,2020,privat,4.0,38.365,39.64,4.808175,0,0
22419,Hamburg,HH_grenze,1,2021,organisation,0.0,0.0,0.0,4.808175,0,0
22419,Hamburg,HH_grenze,1,2021,privat,7.0,42.59,46.055,4.808175,0,0
22419,Hamburg,HH_grenze,1,2022,organisation,0.0,0.0,0.0,4.808175,0,0
22419,Hamburg,HH_grenze,1,2022,privat,5.0,36.04,37.85,4.808175,0,0
22419,Hamburg,HH_grenze,1,2023,organisation,6.0,214.6,250.005,4.808175,1,0
22419,Hamburg,HH_grenze,1,2023,privat,34.0,247.534,269.90500000000003,4.808175,1,0
22419,Hamburg,HH_grenze,1,2024,organisation,9.0,176.13,193.47,4.808175,1,1
22419,Hamburg,HH_grenze,1,2024,privat,34.0,276.645,306.46,4.808175,1,1
22419,Hamburg,HH_grenze,1,2025,organisation,6.0,235.275,251.01500000000001,4.808175,1,1
22419,Hamburg,HH_grenze,1,2025,privat,34.0,307.56,345.07,4.808175,1,1
22453,Hamburg,HH_grenze,1,2015,organisation,0.0,0.0,0.0,9.282509,0,0
22453,Hamburg,HH_grenze,1,2015,privat,1.0,4.5,4.5,9.282509,0,0
22453,Hamburg,HH_grenze,1,2016,organisation,0.0,0.0,0.0,9.282509,0,0
22453,Hamburg,HH_grenze,1,2016,privat,3.0,18.35,18.35,9.282509,0,0
22453,Hamburg,HH_grenze,1,2017,organisation,0.0,0.0,0.0,9.282509,0,0
22453,Hamburg,HH_grenze,1,2017,privat,2.0,8.4,9.83,9.282509,0,0
22453,Hamburg,HH_grenze,1,2018,organisation,1.0,35.0,38.34,9.282509,0,0
22453,Hamburg,HH_grenze,1,2018,privat,7.0,20.31,21.0,9.282509,0,0
22453,Hamburg,HH_grenze,1,2019,organisation,1.0,8.0,8.64,9.282509,0,0
22453,Hamburg,HH_grenze,1,2019,privat,1.0,9.92,9.92,9.282509,0,0
22453,Hamburg,HH_grenze,1,2020,organisation,3.0,68.69,79.35,9.282509,0,0
22453,Hamburg,HH_grenze,1,2020,privat,8.0,48.28,53.285,9.282509,0,0
22453,Hamburg,HH_grenze,1,2021,organisation,0.0,0.0,0.0,9.282509,0,0
22453,Hamburg,HH_grenze,1,2021,privat,10.0,72.57,77.65,9.282509,0,0
22453,Hamburg,HH_grenze,1,2022,organisation,2.0,23.545,25.744999999999997,9.282509,0,0
22453,Hamburg,HH_grenze,1,2022,privat,29.0,213.645,238.735,9.282509,0,0
22453,Hamburg,HH_grenze,1,2023,organisation,3.0,313.0,372.75,9.282509,1,0
22453,Hamburg,HH_grenze,1,2023,privat,83.0,546.973,643.15,9.282509,1,0
22453,Hamburg,HH_grenze,1,2024,organisation,3.0,90.0,109.33,9.282509,1,1
22453,Hamburg,HH_grenze,1,2024,privat,63.0,517.749,574.62,9.282509,1,1
22453,Hamburg,HH_grenze,1,2025,organisation,3.0,72.1,77.25,9.282509,1,1
22453,Hamburg,HH_grenze,1,2025,privat,64.0,521.578,569.79,9.282509,1,1
22455,Hamburg,HH_grenze,1,2015,organisation,0.0,0.0,0.0,5.005616,0,0
22455,Hamburg,HH_grenze,1,2015,privat,0.0,0.0,0.0,5.005616,0,0
22455,Hamburg,HH_grenze,1,2016,organisation,1.0,14.0,14.0,5.005616,0,0
22455,Hamburg,HH_grenze,1,2016,privat,1.0,2.01,2.01,5.005616,0,0
22455,Hamburg,HH_grenze,1,2017,organisation,0.0,0.0,0.0,5.005616,0,0
22455,Hamburg,HH_grenze,1,2017,privat,0.0,0.0,0.0,5.005616,0,0
22455,Hamburg,HH_grenze,1,2018,organisation,0.0,0.0,0.0,5.005616,0,0
22455,Hamburg,HH_grenze,1,2018,privat,2.0,11.31,11.31,5.005616,0,0
22455,Hamburg,HH_grenze,1,2019,organisation,0.0,0.0,0.0,5.005616,0,0
22455,Hamburg,HH_grenze,1,2019,privat,6.0,41.44,43.879999999999995,5.005616,0,0
22455,Hamburg,HH_grenze,1,2020,organisation,0.0,0.0,0.0,5.005616,0,0
22455,Hamburg,HH_grenze,1,2020,privat,14.0,112.14,126.9,5.005616,0,0
22455,Hamburg,HH_grenze,1,2021,organisation,1.0,7.0,11.22,5.005616,0,0
22455,Hamburg,HH_grenze,1,2021,privat,17.0,108.935,123.54,5.005616,0,0
22455,Hamburg,HH_grenze,1,2022,organisation,0.0,0.0,0.0,5.005616,0,0
22455,Hamburg,HH_grenze,1,2022,privat,25.0,148.095,170.25,5.005616,0,0
22455,Hamburg,HH_grenze,1,2023,organisation,1.0,9.8,9.8,5.005616,1,0
22455,Hamburg,HH_grenze,1,2023,privat,70.0,527.998,613.781,5.005616,1,0
22455,Hamburg,HH_grenze,1,2024,organisation,1.0,40.0,44.82,5.005616,1,1
22455,Hamburg,HH_grenze,1,2024,privat,50.0,386.152,435.43,5.005616,1,1
22455,Hamburg,HH_grenze,1,2025,organisation,5.0,96.4,114.25,5.005616,1,1
22455,Hamburg,HH_grenze,1,2025,privat,57.0,424.87,457.63,5.005616,1,1
22457,Hamburg,HH_grenze,1,2015,organisation,0.0,0.0,0.0,7.09,0,0
22457,Hamburg,HH_grenze,1,2015,privat,2.0,8.0,9.06,7.09,0,0
22457,Hamburg,HH_grenze,1,2016,organisation,2.0,17.25,17.5,7.09,0,0
22457,Hamburg,HH_grenze,1,2016,privat,3.0,19.05,20.21,7.09,0,0
22457,Hamburg,HH_grenze,1,2017,organisation,2.0,13.0,14.94,7.09,0,0
22457,Hamburg,HH_grenze,1,2017,privat,7.0,28.31,34.055,7.09,0,0
22457,Hamburg,HH_grenze,1,2018,organisation,0.0,0.0,0.0,7.09,0,0
22457,Hamburg,HH_grenze,1,2018,privat,3.0,8.28,8.7,7.09,0,0
22457,Hamburg,HH_grenze,1,2019,organisation,1.0,200.0,227.7,7.09,0,0
22457,Hamburg,HH_grenze,1,2019,privat,5.0,29.39,29.575,7.09,0,0
22457,Hamburg,HH_grenze,1,2020,organisation,2.0,8.5,9.559999999999999,7.09,0,0
22457,Hamburg,HH_grenze,1,2020,privat,19.0,98.13,102.22,7.09,0,0
22457,Hamburg,HH_grenze,1,2021,organisation,1.0,25.0,25.0,7.09,0,0
22457,Hamburg,HH_grenze,1,2021,privat,18.0,131.78,139.805,7.09,0,0
22457,Hamburg,HH_grenze,1,2022,organisation,5.0,193.43,204.55,7.09,0,0
22457,Hamburg,HH_grenze,1,2022,privat,31.0,217.995,242.885,7.09,0,0
22457,Hamburg,HH_grenze,1,2023,organisation,0.0,0.0,0.0,7.09,1,0
22457,Hamburg,HH_grenze,1,2023,privat,78.0,574.038,641.535,7.09,1,0
22457,Hamburg,HH_grenze,1,2024,organisation,0.0,0.0,0.0,7.09,1,1
22457,Hamburg,HH_grenze,1,2024,privat,78.0,677.91,767.75,7.09,1,1
22457,Hamburg,HH_grenze,1,2025,organisation,3.0,130.79500000000002,131.595,7.09,1,1
22457,Hamburg,HH_grenze,1,2025,privat,69.0,599.265,656.835,7.09,1,1
22523,Hamburg,HH_grenze,1,2015,organisation,0.0,0.0,0.0,6.45387,0,0
22523,Hamburg,HH_grenze,1,2015,privat,4.0,13.56,14.899999999999999,6.45387,0,0
22523,Hamburg,HH_grenze,1,2016,organisation,0.0,0.0,0.0,6.45387,0,0
22523,Hamburg,HH_grenze,1,2016,privat,5.0,28.009999999999998,32.315,6.45387,0,0
22523,Hamburg,HH_grenze,1,2017,organisation,1.0,8.0,8.04,6.45387,0,0
22523,Hamburg,HH_grenze,1,2017,privat,1.0,9.92,9.92,6.45387,0,0
22523,Hamburg,HH_grenze,1,2018,organisation,0.0,0.0,0.0,6.45387,0,0
22523,Hamburg,HH_grenze,1,2018,privat,3.0,24.0,25.7,6.45387,0,0
22523,Hamburg,HH_grenze,1,2019,organisation,0.0,0.0,0.0,6.45387,0,0
22523,Hamburg,HH_grenze,1,2019,privat,5.0,32.13,34.03,6.45387,0,0
22523,Hamburg,HH_grenze,1,2020,organisation,1.0,36.0,47.52,6.45387,0,0
22523,Hamburg,HH_grenze,1,2020,privat,7.0,46.27,49.21,6.45387,0,0
22523,Hamburg,HH_grenze,1,2021,organisation,0.0,0.0,0.0,6.45387,0,0
22523,Hamburg,HH_grenze,1,2021,privat,8.0,53.25,56.949999999999996,6.45387,0,0
22523,Hamburg,HH_grenze,1,2022,organisation,0.0,0.0,0.0,6.45387,0,0
22523,Hamburg,HH_grenze,1,2022,privat,19.0,115.088,134.66,6.45387,0,0
22523,Hamburg,HH_grenze,1,2023,organisation,1.0,29.99,42.84,6.45387,1,0
22523,Hamburg,HH_grenze,1,2023,privat,48.0,349.08500000000004,393.03000000000003,6.45387,1,0
22523,Hamburg,HH_grenze,1,2024,organisation,2.0,30.9,35.82,6.45387,1,1
22523,Hamburg,HH_grenze,1,2024,privat,56.0,438.96,495.65500000000003,6.45387,1,1
22523,Hamburg,HH_grenze,1,2025,organisation,10.0,899.11,1086.365,6.45387,1,1
22523,Hamburg,HH_grenze,1,2025,privat,82.0,582.785,650.5799999999999,6.45387,1,1
22547,Hamburg,HH_grenze,1,2015,organisation,0.0,0.0,0.0,4.351458,0,0
22547,Hamburg,HH_grenze,1,2015,privat,5.0,17.7,19.78,4.351458,0,0
22547,Hamburg,HH_grenze,1,2016,organisation,0.0,0.0,0.0,4.351458,0,0
22547,Hamburg,HH_grenze,1,2016,privat,2.0,8.86,9.16,4.351458,0,0
22547,Hamburg,HH_grenze,1,2017,organisation,0.0,0.0,0.0,4.351458,0,0
22547,Hamburg,HH_grenze,1,2017,privat,0.0,0.0,0.0,4.351458,0,0
22547,Hamburg,HH_grenze,1,2018,organisation,0.0,0.0,0.0,4.351458,0,0
22547,Hamburg,HH_grenze,1,2018,privat,3.0,22.0,22.955,4.351458,0,0
22547,Hamburg,HH_grenze,1,2019,organisation,0.0,0.0,0.0,4.351458,0,0
22547,Hamburg,HH_grenze,1,2019,privat,2.0,12.52,14.04,4.351458,0,0
22547,Hamburg,HH_grenze,1,2020,organisation,2.0,33.68,34.68,4.351458,0,0
22547,Hamburg,HH_grenze,1,2020,privat,4.0,20.4,25.384999999999998,4.351458,0,0
22547,Hamburg,HH_grenze,1,2021,organisation,1.0,27.72,27.72,4.351458,0,0
22547,Hamburg,HH_grenze,1,2021,privat,9.0,53.735,61.91,4.351458,0,0
22547,Hamburg,HH_grenze,1,2022,organisation,0.0,0.0,0.0,4.351458,0,0
22547,Hamburg,HH_grenze,1,2022,privat,12.0,77.03999999999999,85.30499999999999,4.351458,0,0
22547,Hamburg,HH_grenze,1,2023,organisation,8.0,89.0,105.72,4.351458,1,0
22547,Hamburg,HH_grenze,1,2023,privat,41.0,315.605,349.015,4.351458,1,0
22547,Hamburg,HH_grenze,1,2024,organisation,19.0,394.06,445.71,4.351458,1,1
22547,Hamburg,HH_grenze,1,2024,privat,49.0,409.825,454.14,4.351458,1,1
22547,Hamburg,HH_grenze,1,2025,organisation,22.0,729.5,842.48,4.351458,1,1
22547,Hamburg,HH_grenze,1,2025,privat,47.0,385.315,437.9,4.351458,1,1
22549,Hamburg,HH_grenze,1,2015,organisation,0.0,0.0,0.0,6.345808,0,0
22549,Hamburg,HH_grenze,1,2015,privat,3.0,8.72,9.66,6.345808,0,0
22549,Hamburg,HH_grenze,1,2016,organisation,0.0,0.0,0.0,6.345808,0,0
22549,Hamburg,HH_grenze,1,2016,privat,7.0,31.63,33.019999999999996,6.345808,0,0
22549,Hamburg,HH_grenze,1,2017,organisation,0.0,0.0,0.0,6.345808,0,0
22549,Hamburg,HH_grenze,1,2017,privat,5.0,22.815,22.815,6.345808,0,0
22549,Hamburg,HH_grenze,1,2018,organisation,0.0,0.0,0.0,6.345808,0,0
22549,Hamburg,HH_grenze,1,2018,privat,9.0,41.505,44.025,6.345808,0,0
22549,Hamburg,HH_grenze,1,2019,organisation,0.0,0.0,0.0,6.345808,0,0
22549,Hamburg,HH_grenze,1,2019,privat,10.0,48.595,52.345,6.345808,0,0
22549,Hamburg,HH_grenze,1,2020,organisation,0.0,0.0,0.0,6.345808,0,0
22549,Hamburg,HH_grenze,1,2020,privat,7.0,47.31,49.44,6.345808,0,0
22549,Hamburg,HH_grenze,1,2021,organisation,0.0,0.0,0.0,6.345808,0,0
22549,Hamburg,HH_grenze,1,2021,privat,15.0,106.45,120.53,6.345808,0,0
22549,Hamburg,HH_grenze,1,2022,organisation,0.0,0.0,0.0,6.345808,0,0
22549,Hamburg,HH_grenze,1,2022,privat,22.0,151.131,177.79,6.345808,0,0
22549,Hamburg,HH_grenze,1,2023,organisation,1.0,10.98,12.9,6.345808,1,0
22549,Hamburg,HH_grenze,1,2023,privat,59.0,437.68899999999996,501.05,6.345808,1,0
22549,Hamburg,HH_grenze,1,2024,organisation,7.0,401.35,485.945,6.345808,1,1
22549,Hamburg,HH_grenze,1,2024,privat,64.0,504.60699999999997,573.225,6.345808,1,1
22549,Hamburg,HH_grenze,1,2025,organisation,4.0,43.8,50.42,6.345808,1,1
22549,Hamburg,HH_grenze,1,2025,privat,73.0,642.305,717.485,6.345808,1,1
22559,Hamburg,HH_grenze,1,2015,organisation,0.0,0.0,0.0,16.467148,0,0
22559,Hamburg,HH_grenze,1,2015,privat,2.0,12.2,13.18,16.467148,0,0
22559,Hamburg,HH_grenze,1,2016,organisation,0.0,0.0,0.0,16.467148,0,0
22559,Hamburg,HH_grenze,1,2016,privat,2.0,7.01,7.21,16.467148,0,0
22559,Hamburg,HH_grenze,1,2017,organisation,0.0,0.0,0.0,16.467148,0,0
22559,Hamburg,HH_grenze,1,2017,privat,3.0,12.6,15.415,16.467148,0,0
22559,Hamburg,HH_grenze,1,2018,organisation,0.0,0.0,0.0,16.467148,0,0
22559,Hamburg,HH_grenze,1,2018,privat,4.0,18.02,19.22,16.467148,0,0
22559,Hamburg,HH_grenze,1,2019,organisation,0.0,0.0,0.0,16.467148,0,0
22559,Hamburg,HH_grenze,1,2019,privat,4.0,22.345,23.185000000000002,16.467148,0,0
22559,Hamburg,HH_grenze,1,2020,organisation,2.0,8.36,11.28,16.467148,0,0
22559,Hamburg,HH_grenze,1,2020,privat,7.0,43.379999999999995,49.81,16.467148,0,0
22559,Hamburg,HH_grenze,1,2021,organisation,0.0,0.0,0.0,16.467148,0,0
22559,Hamburg,HH_grenze,1,2021,privat,12.0,95.96000000000001,110.625,16.467148,0,0
22559,Hamburg,HH_grenze,1,2022,organisation,0.0,0.0,0.0,16.467148,0,0
22559,Hamburg,HH_grenze,1,2022,privat,22.0,186.09,204.7,16.467148,0,0
22559,Hamburg,HH_grenze,1,2023,organisation,0.0,0.0,0.0,16.467148,1,0
22559,Hamburg,HH_grenze,1,2023,privat,89.0,719.381,799.295,16.467148,1,0
22559,Hamburg,HH_grenze,1,2024,organisation,0.0,0.0,0.0,16.467148,1,1
22559,Hamburg,HH_grenze,1,2024,privat,75.0,593.05,671.831,16.467148,1,1
22559,Hamburg,HH_grenze,1,2025,organisation,1.0,20.0,21.6,16.467148,1,1
22559,Hamburg,HH_grenze,1,2025,privat,53.0,412.21000000000004,470.575,16.467148,1,1
22587,Hamburg,HH_grenze,1,2015,organisation,0.0,0.0,0.0,9.63902,0,0
22587,Hamburg,HH_grenze,1,2015,privat,0.0,0.0,0.0,9.63902,0,0
22587,Hamburg,HH_grenze,1,2016,organisation,0.0,0.0,0.0,9.63902,0,0
22587,Hamburg,HH_grenze,1,2016,privat,2.0,5.6899999999999995,5.91,9.63902,0,0
22587,Hamburg,HH_grenze,1,2017,organisation,0.0,0.0,0.0,9.63902,0,0
22587,Hamburg,HH_grenze,1,2017,privat,1.0,4.02,4.02,9.63902,0,0
22587,Hamburg,HH_grenze,1,2018,organisation,0.0,0.0,0.0,9.63902,0,0
22587,Hamburg,HH_grenze,1,2018,privat,1.0,4.55,4.55,9.63902,0,0
22587,Hamburg,HH_grenze,1,2019,organisation,2.0,26.75,30.21,9.63902,0,0
22587,Hamburg,HH_grenze,1,2019,privat,4.0,21.48,22.52,9.63902,0,0
22587,Hamburg,HH_grenze,1,2020,organisation,0.0,0.0,0.0,9.63902,0,0
22587,Hamburg,HH_grenze,1,2020,privat,4.0,20.21,20.855,9.63902,0,0
22587,Hamburg,HH_grenze,1,2021,organisation,0.0,0.0,0.0,9.63902,0,0
22587,Hamburg,HH_grenze,1,2021,privat,11.0,68.14500000000001,77.48,9.63902,0,0
22587,Hamburg,HH_grenze,1,2022,organisation,1.0,2.5,7.5,9.63902,0,0
22587,Hamburg,HH_grenze,1,2022,privat,12.0,78.33,86.586,9.63902,0,0
22587,Hamburg,HH_grenze,1,2023,organisation,4.0,95.01,125.76,9.63902,1,0
22587,Hamburg,HH_grenze,1,2023,privat,32.0,266.90999999999997,298.65500000000003,9.63902,1,0
22587,Hamburg,HH_grenze,1,2024,organisation,1.0,15.0,16.34,9.63902,1,1
22587,Hamburg,HH_grenze,1,2024,privat,44.0,380.941,426.45,9.63902,1,1
22587,Hamburg,HH_grenze,1,2025,organisation,5.0,144.24,152.70000000000002,9.63902,1,1
22587,Hamburg,HH_grenze,1,2025,privat,37.0,316.887,347.285,9.63902,1,1
22589,Hamburg,HH_grenze,1,2015,organisation,1.0,5.0,5.2,8.425326,0,0
22589,Hamburg,HH_grenze,1,2015,privat,7.0,25.655,26.564999999999998,8.425326,0,0
22589,Hamburg,HH_grenze,1,2016,organisation,1.0,4.16,4.16,8.425326,0,0
22589,Hamburg,HH_grenze,1,2016,privat,2.0,9.185,9.185,8.425326,0,0
22589,Hamburg,HH_grenze,1,2017,organisation,0.0,0.0,0.0,8.425326,0,0
22589,Hamburg,HH_grenze,1,2017,privat,2.0,8.0,9.0,8.425326,0,0
22589,Hamburg,HH_grenze,1,2018,organisation,0.0,0.0,0.0,8.425326,0,0
22589,Hamburg,HH_grenze,1,2018,privat,6.0,34.905,37.215,8.425326,0,0
22589,Hamburg,HH_grenze,1,2019,organisation,0.0,0.0,0.0,8.425326,0,0
22589,Hamburg,HH_grenze,1,2019,privat,7.0,39.4,44.76,8.425326,0,0
22589,Hamburg,HH_grenze,1,2020,organisation,1.0,4.6,7.15,8.425326,0,0
22589,Hamburg,HH_grenze,1,2020,privat,7.0,53.66,60.26,8.425326,0,0
22589,Hamburg,HH_grenze,1,2021,organisation,2.0,18.75,35.04,8.425326,0,0
22589,Hamburg,HH_grenze,1,2021,privat,13.0,75.97,82.185,8.425326,0,0
22589,Hamburg,HH_grenze,1,2022,organisation,1.0,19.8,26.25,8.425326,0,0
22589,Hamburg,HH_grenze,1,2022,privat,17.0,126.95,142.405,8.425326,0,0
22589,Hamburg,HH_grenze,1,2023,organisation,4.0,44.25,46.35,8.425326,1,0
22589,Hamburg,HH_grenze,1,2023,privat,80.0,541.509,601.0649999999999,8.425326,1,0
22589,Hamburg,HH_grenze,1,2024,organisation,2.0,38.28,38.28,8.425326,1,1
22589,Hamburg,HH_grenze,1,2024,privat,62.0,460.153,507.136,8.425326,1,1
22589,Hamburg,HH_grenze,1,2025,organisation,3.0,140.48,169.92,8.425326,1,1
22589,Hamburg,HH_grenze,1,2025,privat,63.0,479.78000000000003,527.6750000000001,8.425326,1,1
22844,Schleswig-Holstein,SH_grenze,0,2015,organisation,1.0,1.9,1.9,16.052279,0,0
22844,Schleswig-Holstein,SH_grenze,0,2015,privat,4.0,14.4,15.27,16.052279,0,0
22844,Schleswig-Holstein,SH_grenze,0,2016,organisation,1.0,8.3,8.46,16.052279,0,0
22844,Schleswig-Holstein,SH_grenze,0,2016,privat,2.0,10.0,10.465,16.052279,0,0
22844,Schleswig-Holstein,SH_grenze,0,2017,organisation,1.0,2.68,2.68,16.052279,0,0
22844,Schleswig-Holstein,SH_grenze,0,2017,privat,4.0,16.6,18.16,16.052279,0,0
22844,Schleswig-Holstein,SH_grenze,0,2018,organisation,1.0,150.0,169.6,16.052279,0,0
22844,Schleswig-Holstein,SH_grenze,0,2018,privat,4.0,13.14,14.1,16.052279,0,0
22844,Schleswig-Holstein,SH_grenze,0,2019,organisation,0.0,0.0,0.0,16.052279,0,0
22844,Schleswig-Holstein,SH_grenze,0,2019,privat,10.0,61.775000000000006,65.735,16.052279,0,0
22844,Schleswig-Holstein,SH_grenze,0,2020,organisation,4.0,210.20999999999998,211.35,16.052279,0,0
22844,Schleswig-Holstein,SH_grenze,0,2020,privat,18.0,149.13,157.025,16.052279,0,0
22844,Schleswig-Holstein,SH_grenze,0,2021,organisation,9.0,589.59,652.585,16.052279,0,0
22844,Schleswig-Holstein,SH_grenze,0,2021,privat,23.0,169.0,184.565,16.052279,0,0
22844,Schleswig-Holstein,SH_grenze,0,2022,organisation,3.0,117.0,125.595,16.052279,0,0
22844,Schleswig-Holstein,SH_grenze,0,2022,privat,47.0,516.76,562.04,16.052279,0,0
22844,Schleswig-Holstein,SH_grenze,0,2023,organisation,10.0,247.042,270.19,16.052279,1,0
22844,Schleswig-Holstein,SH_grenze,0,2023,privat,143.0,1155.238,1328.565,16.052279,1,0
22844,Schleswig-Holstein,SH_grenze,0,2024,organisation,6.0,1109.82,1323.53,16.052279,1,1
22844,Schleswig-Holstein,SH_grenze,0,2024,privat,120.0,949.987,1113.975,16.052279,1,1
22844,Schleswig-Holstein,SH_grenze,0,2025,organisation,16.0,1998.12,2266.8849999999998,16.052279,1,1
22844,Schleswig-Holstein,SH_grenze,0,2025,privat,94.0,758.837,856.49,16.052279,1,1
22846,Schleswig-Holstein,SH_grenze,0,2015,organisation,2.0,20.0,20.425,11.268643,0,0
22846,Schleswig-Holstein,SH_grenze,0,2015,privat,3.0,10.55,10.895,11.268643,0,0
22846,Schleswig-Holstein,SH_grenze,0,2016,organisation,0.0,0.0,0.0,11.268643,0,0
22846,Schleswig-Holstein,SH_grenze,0,2016,privat,0.0,0.0,0.0,11.268643,0,0
22846,Schleswig-Holstein,SH_grenze,0,2017,organisation,0.0,0.0,0.0,11.268643,0,0
22846,Schleswig-Holstein,SH_grenze,0,2017,privat,1.0,3.0,3.35,11.268643,0,0
22846,Schleswig-Holstein,SH_grenze,0,2018,organisation,0.0,0.0,0.0,11.268643,0,0
22846,Schleswig-Holstein,SH_grenze,0,2018,privat,5.0,37.725,38.125,11.268643,0,0
22846,Schleswig-Holstein,SH_grenze,0,2019,organisation,4.0,633.24,707.74,11.268643,0,0
22846,Schleswig-Holstein,SH_grenze,0,2019,privat,4.0,29.15,30.75,11.268643,0,0
22846,Schleswig-Holstein,SH_grenze,0,2020,organisation,1.0,30.0,32.09,11.268643,0,0
22846,Schleswig-Holstein,SH_grenze,0,2020,privat,8.0,57.18,61.815,11.268643,0,0
22846,Schleswig-Holstein,SH_grenze,0,2021,organisation,3.0,75.85,75.85,11.268643,0,0
22846,Schleswig-Holstein,SH_grenze,0,2021,privat,14.0,147.01,152.57999999999998,11.268643,0,0
22846,Schleswig-Holstein,SH_grenze,0,2022,organisation,2.0,43.5,49.11,11.268643,0,0
22846,Schleswig-Holstein,SH_grenze,0,2022,privat,21.0,168.8,192.86,11.268643,0,0
22846,Schleswig-Holstein,SH_grenze,0,2023,organisation,1.0,87.55,87.55,11.268643,1,0
22846,Schleswig-Holstein,SH_grenze,0,2023,privat,69.0,500.244,558.17,11.268643,1,0
22846,Schleswig-Holstein,SH_grenze,0,2024,organisation,0.0,0.0,0.0,11.268643,1,1
22846,Schleswig-Holstein,SH_grenze,0,2024,privat,43.0,351.83,420.821,11.268643,1,1
22846,Schleswig-Holstein,SH_grenze,0,2025,organisation,0.0,0.0,0.0,11.268643,1,1
22846,Schleswig-Holstein,SH_grenze,0,2025,privat,57.0,412.824,462.07,11.268643,1,1
22848,Schleswig-Holstein,SH_grenze,0,2015,organisation,1.0,36.8,37.5,13.630496,0,0
22848,Schleswig-Holstein,SH_grenze,0,2015,privat,4.0,18.82,19.5,13.630496,0,0
22848,Schleswig-Holstein,SH_grenze,0,2016,organisation,0.0,0.0,0.0,13.630496,0,0
22848,Schleswig-Holstein,SH_grenze,0,2016,privat,3.0,10.309999999999999,11.39,13.630496,0,0
22848,Schleswig-Holstein,SH_grenze,0,2017,organisation,1.0,95.0,99.76,13.630496,0,0
22848,Schleswig-Holstein,SH_grenze,0,2017,privat,2.0,12.2,14.43,13.630496,0,0
22848,Schleswig-Holstein,SH_grenze,0,2018,organisation,1.0,30.0,31.32,13.630496,0,0
22848,Schleswig-Holstein,SH_grenze,0,2018,privat,1.0,2.1,2.1,13.630496,0,0
22848,Schleswig-Holstein,SH_grenze,0,2019,organisation,0.0,0.0,0.0,13.630496,0,0
22848,Schleswig-Holstein,SH_grenze,0,2019,privat,8.0,33.95,37.085,13.630496,0,0
22848,Schleswig-Holstein,SH_grenze,0,2020,organisation,4.0,117.5,150.91,13.630496,0,0
22848,Schleswig-Holstein,SH_grenze,0,2020,privat,6.0,34.39,38.510000000000005,13.630496,0,0
22848,Schleswig-Holstein,SH_grenze,0,2021,organisation,1.0,9.2,10.8,13.630496,0,0
22848,Schleswig-Holstein,SH_grenze,0,2021,privat,7.0,41.735,47.725,13.630496,0,0
22848,Schleswig-Holstein,SH_grenze,0,2022,organisation,6.0,212.63,223.16,13.630496,0,0
22848,Schleswig-Holstein,SH_grenze,0,2022,privat,18.0,136.29,144.4,13.630496,0,0
22848,Schleswig-Holstein,SH_grenze,0,2023,organisation,7.0,647.23,770.48,13.630496,1,0
22848,Schleswig-Holstein,SH_grenze,0,2023,privat,47.0,324.167,368.34999999999997,13.630496,1,0
22848,Schleswig-Holstein,SH_grenze,0,2024,organisation,5.0,467.21,493.62,13.630496,1,1
22848,Schleswig-Holstein,SH_grenze,0,2024,privat,41.0,447.483,487.66,13.630496,1,1
22848,Schleswig-Holstein,SH_grenze,0,2025,organisation,10.0,743.729,820.339,13.630496,1,1
22848,Schleswig-Holstein,SH_grenze,0,2025,privat,25.0,236.49,264.28999999999996,13.630496,1,1
22850,Schleswig-Holstein,SH_grenze,0,2015,organisation,2.0,42.0,47.57,4.399145,0,0
22850,Schleswig-Holstein,SH_grenze,0,2015,privat,0.0,0.0,0.0,4.399145,0,0
22850,Schleswig-Holstein,SH_grenze,0,2016,organisation,0.0,0.0,0.0,4.399145,0,0
22850,Schleswig-Holstein,SH_grenze,0,2016,privat,0.0,0.0,0.0,4.399145,0,0
22850,Schleswig-Holstein,SH_grenze,0,2017,organisation,2.0,11.415,11.415,4.399145,0,0
22850,Schleswig-Holstein,SH_grenze,0,2017,privat,8.0,35.87,38.705,4.399145,0,0
22850,Schleswig-Holstein,SH_grenze,0,2018,organisation,0.0,0.0,0.0,4.399145,0,0
22850,Schleswig-Holstein,SH_grenze,0,2018,privat,7.0,40.85,42.69,4.399145,0,0
22850,Schleswig-Holstein,SH_grenze,0,2019,organisation,0.0,0.0,0.0,4.399145,0,0
22850,Schleswig-Holstein,SH_grenze,0,2019,privat,4.0,24.689999999999998,26.55,4.399145,0,0
22850,Schleswig-Holstein,SH_grenze,0,2020,organisation,0.0,0.0,0.0,4.399145,0,0
22850,Schleswig-Holstein,SH_grenze,0,2020,privat,3.0,15.95,17.685000000000002,4.399145,0,0
22850,Schleswig-Holstein,SH_grenze,0,2021,organisation,0.0,0.0,0.0,4.399145,0,0
22850,Schleswig-Holstein,SH_grenze,0,2021,privat,7.0,50.3,57.66,4.399145,0,0
22850,Schleswig-Holstein,SH_grenze,0,2022,organisation,0.0,0.0,0.0,4.399145,0,0
22850,Schleswig-Holstein,SH_grenze,0,2022,privat,13.0,85.835,96.71000000000001,4.399145,0,0
22850,Schleswig-Holstein,SH_grenze,0,2023,organisation,3.0,32.0,36.44,4.399145,1,0
22850,Schleswig-Holstein,SH_grenze,0,2023,privat,47.0,365.375,430.92,4.399145,1,0
22850,Schleswig-Holstein,SH_grenze,0,2024,organisation,2.0,99.3,121.21,4.399145,1,1
22850,Schleswig-Holstein,SH_grenze,0,2024,privat,51.0,332.424,386.165,4.399145,1,1
22850,Schleswig-Holstein,SH_grenze,0,2025,organisation,1.0,10.0,10.01,4.399145,1,1
22850,Schleswig-Holstein,SH_grenze,0,2025,privat,38.0,317.02000000000004,367.235,4.399145,1,1
22851,Schleswig-Holstein,SH_grenze,0,2015,organisation,3.0,53.64,59.86,12.737221,0,0
22851,Schleswig-Holstein,SH_grenze,0,2015,privat,11.0,54.379999999999995,64.09,12.737221,0,0
22851,Schleswig-Holstein,SH_grenze,0,2016,organisation,1.0,7.0,7.965,12.737221,0,0
22851,Schleswig-Holstein,SH_grenze,0,2016,privat,5.0,23.009999999999998,31.48,12.737221,0,0
22851,Schleswig-Holstein,SH_grenze,0,2017,organisation,2.0,27.2,34.370000000000005,12.737221,0,0
22851,Schleswig-Holstein,SH_grenze,0,2017,privat,2.0,10.91,10.91,12.737221,0,0
22851,Schleswig-Holstein,SH_grenze,0,2018,organisation,0.0,0.0,0.0,12.737221,0,0
22851,Schleswig-Holstein,SH_grenze,0,2018,privat,4.0,113.34,114.97,12.737221,0,0
22851,Schleswig-Holstein,SH_grenze,0,2019,organisation,1.0,3.42,3.42,12.737221,0,0
22851,Schleswig-Holstein,SH_grenze,0,2019,privat,4.0,48.89,57.0,12.737221,0,0
22851,Schleswig-Holstein,SH_grenze,0,2020,organisation,1.0,26.73,26.73,12.737221,0,0
22851,Schleswig-Holstein,SH_grenze,0,2020,privat,13.0,103.17,115.095,12.737221,0,0
22851,Schleswig-Holstein,SH_grenze,0,2021,organisation,2.0,77.0,106.46,12.737221,0,0
22851,Schleswig-Holstein,SH_grenze,0,2021,privat,18.0,124.21,132.21,12.737221,0,0
22851,Schleswig-Holstein,SH_grenze,0,2022,organisation,0.0,0.0,0.0,12.737221,0,0
22851,Schleswig-Holstein,SH_grenze,0,2022,privat,23.0,188.915,219.61499999999998,12.737221,0,0
22851,Schleswig-Holstein,SH_grenze,0,2023,organisation,4.0,170.7,203.07999999999998,12.737221,1,0
22851,Schleswig-Holstein,SH_grenze,0,2023,privat,93.0,705.583,799.1750000000001,12.737221,1,0
22851,Schleswig-Holstein,SH_grenze,0,2024,organisation,1.0,300.0,353.3,12.737221,1,1
22851,Schleswig-Holstein,SH_grenze,0,2024,privat,66.0,588.0840000000001,662.7149999999999,12.737221,1,1
22851,Schleswig-Holstein,SH_grenze,0,2025,organisation,0.0,0.0,0.0,12.737221,1,1
22851,Schleswig-Holstein,SH_grenze,0,2025,privat,45.0,316.92,368.36,12.737221,1,1
22869,Schleswig-Holstein,SH_grenze,0,2015,organisation,0.0,0.0,0.0,10.000219,0,0
22869,Schleswig-Holstein,SH_grenze,0,2015,privat,7.0,47.13,49.56,10.000219,0,0
22869,Schleswig-Holstein,SH_grenze,0,2016,organisation,2.0,4.02,4.02,10.000219,0,0
22869,Schleswig-Holstein,SH_grenze,0,2016,privat,3.0,26.86,27.46,10.000219,0,0
22869,Schleswig-Holstein,SH_grenze,0,2017,organisation,2.0,14.575,14.905,10.000219,0,0
22869,Schleswig-Holstein,SH_grenze,0,2017,privat,11.0,44.312,46.045,10.000219,0,0
22869,Schleswig-Holstein,SH_grenze,0,2018,organisation,2.0,103.0,129.06,10.000219,0,0
22869,Schleswig-Holstein,SH_grenze,0,2018,privat,6.0,33.38,36.71,10.000219,0,0
22869,Schleswig-Holstein,SH_grenze,0,2019,organisation,1.0,4.0,4.48,10.000219,0,0
22869,Schleswig-Holstein,SH_grenze,0,2019,privat,4.0,36.88,36.88,10.000219,0,0
22869,Schleswig-Holstein,SH_grenze,0,2020,organisation,0.0,0.0,0.0,10.000219,0,0
22869,Schleswig-Holstein,SH_grenze,0,2020,privat,5.0,28.3,32.0,10.000219,0,0
22869,Schleswig-Holstein,SH_grenze,0,2021,organisation,0.0,0.0,0.0,10.000219,0,0
22869,Schleswig-Holstein,SH_grenze,0,2021,privat,12.0,90.685,104.195,10.000219,0,0
22869,Schleswig-Holstein,SH_grenze,0,2022,organisation,0.0,0.0,0.0,10.000219,0,0
22869,Schleswig-Holstein,SH_grenze,0,2022,privat,39.0,279.255,316.13,10.000219,0,0
22869,Schleswig-Holstein,SH_grenze,0,2023,organisation,12.0,265.52,296.07,10.000219,1,0
22869,Schleswig-Holstein,SH_grenze,0,2023,privat,86.0,695.17,791.74,10.000219,1,0
22869,Schleswig-Holstein,SH_grenze,0,2024,organisation,2.0,27.9,28.9,10.000219,1,1
22869,Schleswig-Holstein,SH_grenze,0,2024,privat,84.0,755.96,839.485,10.000219,1,1
22869,Schleswig-Holstein,SH_grenze,0,2025,organisation,6.0,309.64,335.97,10.000219,1,1
22869,Schleswig-Holstein,SH_grenze,0,2025,privat,69.0,543.425,584.055,10.000219,1,1
22880,Schleswig-Holstein,SH_grenze,0,2015,organisation,2.0,18.99,18.99,32.512531,0,0
22880,Schleswig-Holstein,SH_grenze,0,2015,privat,11.0,29.88,33.86,32.512531,0,0
22880,Schleswig-Holstein,SH_grenze,0,2016,organisation,4.0,55.339999999999996,55.339999999999996,32.512531,0,0
22880,Schleswig-Holstein,SH_grenze,0,2016,privat,8.0,19.14,21.59,32.512531,0,0
22880,Schleswig-Holstein,SH_grenze,0,2017,organisation,3.0,46.17,46.17,32.512531,0,0
22880,Schleswig-Holstein,SH_grenze,0,2017,privat,13.0,73.68,81.084,32.512531,0,0
22880,Schleswig-Holstein,SH_grenze,0,2018,organisation,0.0,0.0,0.0,32.512531,0,0
22880,Schleswig-Holstein,SH_grenze,0,2018,privat,10.0,150.74,153.07999999999998,32.512531,0,0
22880,Schleswig-Holstein,SH_grenze,0,2019,organisation,3.0,118.1,121.28,32.512531,0,0
22880,Schleswig-Holstein,SH_grenze,0,2019,privat,6.0,24.91,25.61,32.512531,0,0
22880,Schleswig-Holstein,SH_grenze,0,2020,organisation,3.0,184.0,196.85,32.512531,0,0
22880,Schleswig-Holstein,SH_grenze,0,2020,privat,12.0,84.86,87.08,32.512531,0,0
22880,Schleswig-Holstein,SH_grenze,0,2021,organisation,3.0,170.0,197.44,32.512531,0,0
22880,Schleswig-Holstein,SH_grenze,0,2021,privat,39.0,374.125,400.65,32.512531,0,0
22880,Schleswig-Holstein,SH_grenze,0,2022,organisation,6.0,181.92000000000002,185.166,32.512531,0,0
22880,Schleswig-Holstein,SH_grenze,0,2022,privat,48.0,347.61,398.74,32.512531,0,0
22880,Schleswig-Holstein,SH_grenze,0,2023,organisation,5.0,173.81,197.285,32.512531,1,0
22880,Schleswig-Holstein,SH_grenze,0,2023,privat,133.0,1025.275,1169.175,32.512531,1,0
22880,Schleswig-Holstein,SH_grenze,0,2024,organisation,12.0,1242.7,1416.22,32.512531,1,1
22880,Schleswig-Holstein,SH_grenze,0,2024,privat,105.0,898.907,1003.765,32.512531,1,1
22880,Schleswig-Holstein,SH_grenze,0,2025,organisation,6.0,680.39,764.89,32.512531,1,1
22880,Schleswig-Holstein,SH_grenze,0,2025,privat,88.0,765.26,857.335,32.512531,1,1
22885,Schleswig-Holstein,SH_grenze,0,2015,organisation,0.0,0.0,0.0,24.741183,0,0
22885,Schleswig-Holstein,SH_grenze,0,2015,privat,2.0,10.7,11.99,24.741183,0,0
22885,Schleswig-Holstein,SH_grenze,0,2016,organisation,0.0,0.0,0.0,24.741183,0,0
22885,Schleswig-Holstein,SH_grenze,0,2016,privat,7.0,27.169999999999998,27.52,24.741183,0,0
22885,Schleswig-Holstein,SH_grenze,0,2017,organisation,1.0,99.36,99.36,24.741183,0,0
22885,Schleswig-Holstein,SH_grenze,0,2017,privat,5.0,17.973,21.93,24.741183,0,0
22885,Schleswig-Holstein,SH_grenze,0,2018,organisation,1.0,8.0,9.1,24.741183,0,0
22885,Schleswig-Holstein,SH_grenze,0,2018,privat,3.0,19.41,19.41,24.741183,0,0
22885,Schleswig-Holstein,SH_grenze,0,2019,organisation,1.0,224.0,224.0,24.741183,0,0
22885,Schleswig-Holstein,SH_grenze,0,2019,privat,7.0,57.4,60.260000000000005,24.741183,0,0
22885,Schleswig-Holstein,SH_grenze,0,2020,organisation,0.0,0.0,0.0,24.741183,0,0
22885,Schleswig-Holstein,SH_grenze,0,2020,privat,5.0,28.75,32.04,24.741183,0,0
22885,Schleswig-Holstein,SH_grenze,0,2021,organisation,0.0,0.0,0.0,24.741183,0,0
22885,Schleswig-Holstein,SH_grenze,0,2021,privat,25.0,198.665,216.49,24.741183,0,0
22885,Schleswig-Holstein,SH_grenze,0,2022,organisation,5.0,518.2,523.44,24.741183,0,0
22885,Schleswig-Holstein,SH_grenze,0,2022,privat,25.0,169.69,191.09,24.741183,0,0
22885,Schleswig-Holstein,SH_grenze,0,2023,organisation,1.0,72.0,85.69,24.741183,1,0
22885,Schleswig-Holstein,SH_grenze,0,2023,privat,106.0,881.335,1016.29,24.741183,1,0
22885,Schleswig-Holstein,SH_grenze,0,2024,organisation,8.0,1794.0,2123.7,24.741183,1,1
22885,Schleswig-Holstein,SH_grenze,0,2024,privat,63.0,533.891,589.92,24.741183,1,1
22885,Schleswig-Holstein,SH_grenze,0,2025,organisation,4.0,532.0,715.64,24.741183,1,1
22885,Schleswig-Holstein,SH_grenze,0,2025,privat,59.0,488.84,557.245,24.741183,1,1
22889,Schleswig-Holstein,SH_grenze,0,2015,organisation,0.0,0.0,0.0,39.803736,0,0
22889,Schleswig-Holstein,SH_grenze,0,2015,privat,3.0,17.18,17.77,39.803736,0,0
22889,Schleswig-Holstein,SH_grenze,0,2016,organisation,1.0,9.87,9.87,39.803736,0,0
22889,Schleswig-Holstein,SH_grenze,0,2016,privat,4.0,15.03,15.629999999999999,39.803736,0,0
22889,Schleswig-Holstein,SH_grenze,0,2017,organisation,1.0,139.32,139.32,39.803736,0,0
22889,Schleswig-Holstein,SH_grenze,0,2017,privat,4.0,26.65,28.335,39.803736,0,0
22889,Schleswig-Holstein,SH_grenze,0,2018,organisation,0.0,0.0,0.0,39.803736,0,0
22889,Schleswig-Holstein,SH_grenze,0,2018,privat,2.0,19.475,19.475,39.803736,0,0
22889,Schleswig-Holstein,SH_grenze,0,2019,organisation,2.0,159.6,172.68,39.803736,0,0
22889,Schleswig-Holstein,SH_grenze,0,2019,privat,3.0,15.0,16.42,39.803736,0,0
22889,Schleswig-Holstein,SH_grenze,0,2020,organisation,0.0,0.0,0.0,39.803736,0,0
22889,Schleswig-Holstein,SH_grenze,0,2020,privat,12.0,87.19999999999999,93.655,39.803736,0,0
22889,Schleswig-Holstein,SH_grenze,0,2021,organisation,0.0,0.0,0.0,39.803736,0,0
22889,Schleswig-Holstein,SH_grenze,0,2021,privat,15.0,94.73,112.78,39.803736,0,0
22889,Schleswig-Holstein,SH_grenze,0,2022,organisation,1.0,6.0,7.5,39.803736,0,0
22889,Schleswig-Holstein,SH_grenze,0,2022,privat,20.0,186.145,207.355,39.803736,0,0
22889,Schleswig-Holstein,SH_grenze,0,2023,organisation,2.0,39.6,41.36,39.803736,1,0
22889,Schleswig-Holstein,SH_grenze,0,2023,privat,89.0,784.745,876.479,39.803736,1,0
22889,Schleswig-Holstein,SH_grenze,0,2024,organisation,4.0,79.82,86.38,39.803736,1,1
22889,Schleswig-Holstein,SH_grenze,0,2024,privat,61.0,580.905,691.855,39.803736,1,1
22889,Schleswig-Holstein,SH_grenze,0,2025,organisation,1.0,4.84,4.84,39.803736,1,1
22889,Schleswig-Holstein,SH_grenze,0,2025,privat,48.0,441.685,491.055,39.803736,1,1
22926,Schleswig-Holstein,SH_grenze,0,2015,organisation,0.0,0.0,0.0,35.269952,0,0
22926,Schleswig-Holstein,SH_grenze,0,2015,privat,9.0,35.72,39.833,35.269952,0,0
22926,Schleswig-Holstein,SH_grenze,0,2016,organisation,4.0,113.77,114.92999999999999,35.269952,0,0
22926,Schleswig-Holstein,SH_grenze,0,2016,privat,14.0,87.86,96.63,35.269952,0,0
22926,Schleswig-Holstein,SH_grenze,0,2017,organisation,3.0,14.655,17.375,35.269952,0,0
22926,Schleswig-Holstein,SH_grenze,0,2017,privat,7.0,155.73000000000002,160.69,35.269952,0,0
22926,Schleswig-Holstein,SH_grenze,0,2018,organisation,1.0,389.88,389.88,35.269952,0,0
22926,Schleswig-Holstein,SH_grenze,0,2018,privat,18.0,201.85999999999999,210.07,35.269952,0,0
22926,Schleswig-Holstein,SH_grenze,0,2019,organisation,4.0,80.0,88.78,35.269952,0,0
22926,Schleswig-Holstein,SH_grenze,0,2019,privat,17.0,197.07999999999998,204.39,35.269952,0,0
22926,Schleswig-Holstein,SH_grenze,0,2020,organisation,5.0,74.5,88.13,35.269952,0,0
22926,Schleswig-Holstein,SH_grenze,0,2020,privat,45.0,285.875,315.845,35.269952,0,0
22926,Schleswig-Holstein,SH_grenze,0,2021,organisation,9.0,1135.5,1358.89,35.269952,0,0
22926,Schleswig-Holstein,SH_grenze,0,2021,privat,60.0,509.308,591.478,35.269952,0,0
22926,Schleswig-Holstein,SH_grenze,0,2022,organisation,6.0,706.0600000000001,789.26,35.269952,0,0
22926,Schleswig-Holstein,SH_grenze,0,2022,privat,74.0,584.235,665.977,35.269952,0,0
22926,Schleswig-Holstein,SH_grenze,0,2023,organisation,12.0,422.75,542.27,35.269952,1,0
22926,Schleswig-Holstein,SH_grenze,0,2023,privat,253.0,2368.982,2617.266,35.269952,1,0
22926,Schleswig-Holstein,SH_grenze,0,2024,organisation,21.0,1489.215,1586.165,35.269952,1,1
22926,Schleswig-Holstein,SH_grenze,0,2024,privat,246.0,2083.725,2374.976,35.269952,1,1
22926,Schleswig-Holstein,SH_grenze,0,2025,organisation,17.0,821.1,927.975,35.269952,1,1
22926,Schleswig-Holstein,SH_grenze,0,2025,privat,188.0,1616.867,1842.58,35.269952,1,1
22941,Schleswig-Holstein,SH_grenze,0,2015,organisation,1.0,4.59,4.59,49.810731,0,0
22941,Schleswig-Holstein,SH_grenze,0,2015,privat,8.0,38.5,41.795,49.810731,0,0
22941,Schleswig-Holstein,SH_grenze,0,2016,organisation,3.0,31.65,37.59,49.810731,0,0
22941,Schleswig-Holstein,SH_grenze,0,2016,privat,11.0,72.21,79.191,49.810731,0,0
22941,Schleswig-Holstein,SH_grenze,0,2017,organisation,2.0,27.0,32.82,49.810731,0,0
22941,Schleswig-Holstein,SH_grenze,0,2017,privat,8.0,41.285,42.489999999999995,49.810731,0,0
22941,Schleswig-Holstein,SH_grenze,0,2018,organisation,0.0,0.0,0.0,49.810731,0,0
22941,Schleswig-Holstein,SH_grenze,0,2018,privat,13.0,106.905,119.265,49.810731,0,0
22941,Schleswig-Holstein,SH_grenze,0,2019,organisation,11.0,343.90999999999997,378.18,49.810731,0,0
22941,Schleswig-Holstein,SH_grenze,0,2019,privat,18.0,208.21,215.805,49.810731,0,0
22941,Schleswig-Holstein,SH_grenze,0,2020,organisation,6.0,189.22,208.20000000000002,49.810731,0,0
22941,Schleswig-Holstein,SH_grenze,0,2020,privat,40.0,311.75,342.735,49.810731,0,0
22941,Schleswig-Holstein,SH_grenze,0,2021,organisation,2.0,220.0,265.65000000000003,49.810731,0,0
22941,Schleswig-Holstein,SH_grenze,0,2021,privat,44.0,373.87,420.065,49.810731,0,0
22941,Schleswig-Holstein,SH_grenze,0,2022,organisation,3.0,150.17000000000002,158.31,49.810731,0,0
22941,Schleswig-Holstein,SH_grenze,0,2022,privat,95.0,745.005,827.435,49.810731,0,0
22941,Schleswig-Holstein,SH_grenze,0,2023,organisation,14.0,1190.04,1511.8600000000001,49.810731,1,0
22941,Schleswig-Holstein,SH_grenze,0,2023,privat,185.0,1588.478,1814.666,49.810731,1,0
22941,Schleswig-Holstein,SH_grenze,0,2024,organisation,16.0,1313.72,1449.21,49.810731,1,1
22941,Schleswig-Holstein,SH_grenze,0,2024,privat,192.0,1616.896,1821.3719999999998,49.810731,1,1
22941,Schleswig-Holstein,SH_grenze,0,2025,organisation,8.0,410.40999999999997,429.15999999999997,49.810731,1,1
22941,Schleswig-Holstein,SH_grenze,0,2025,privat,145.0,1326.4180000000001,1499.375,49.810731,1,1
22949,Schleswig-Holstein,SH_grenze,0,2015,organisation,0.0,0.0,0.0,17.631821,0,0
22949,Schleswig-Holstein,SH_grenze,0,2015,privat,2.0,11.799999999999999,13.42,17.631821,0,0
22949,Schleswig-Holstein,SH_grenze,0,2016,organisation,0.0,0.0,0.0,17.631821,0,0
22949,Schleswig-Holstein,SH_grenze,0,2016,privat,3.0,16.515,19.154999999999998,17.631821,0,0
22949,Schleswig-Holstein,SH_grenze,0,2017,organisation,0.0,0.0,0.0,17.631821,0,0
22949,Schleswig-Holstein,SH_grenze,0,2017,privat,2.0,11.36,11.72,17.631821,0,0
22949,Schleswig-Holstein,SH_grenze,0,2018,organisation,0.0,0.0,0.0,17.631821,0,0
22949,Schleswig-Holstein,SH_grenze,0,2018,privat,3.0,17.93,19.25,17.631821,0,0
22949,Schleswig-Holstein,SH_grenze,0,2019,organisation,0.0,0.0,0.0,17.631821,0,0
22949,Schleswig-Holstein,SH_grenze,0,2019,privat,5.0,35.3,39.3,17.631821,0,0
22949,Schleswig-Holstein,SH_grenze,0,2020,organisation,0.0,0.0,0.0,17.631821,0,0
22949,Schleswig-Holstein,SH_grenze,0,2020,privat,11.0,74.725,94.055,17.631821,0,0
22949,Schleswig-Holstein,SH_grenze,0,2021,organisation,0.0,0.0,0.0,17.631821,0,0
22949,Schleswig-Holstein,SH_grenze,0,2021,privat,25.0,164.82999999999998,175.175,17.631821,0,0
22949,Schleswig-Holstein,SH_grenze,0,2022,organisation,3.0,37.2,43.8,17.631821,0,0
22949,Schleswig-Holstein,SH_grenze,0,2022,privat,32.0,246.14999999999998,279.375,17.631821,0,0
22949,Schleswig-Holstein,SH_grenze,0,2023,organisation,1.0,8.45,8.45,17.631821,1,0
22949,Schleswig-Holstein,SH_grenze,0,2023,privat,79.0,616.475,708.212,17.631821,1,0
22949,Schleswig-Holstein,SH_grenze,0,2024,organisation,2.0,15.0,17.46,17.631821,1,1
22949,Schleswig-Holstein,SH_grenze,0,2024,privat,78.0,639.468,744.66,17.631821,1,1
22949,Schleswig-Holstein,SH_grenze,0,2025,organisation,6.0,373.87,434.32,17.631821,1,1
22949,Schleswig-Holstein,SH_grenze,0,2025,privat,62.0,527.945,606.46,17.631821,1,1
23863,Schleswig-Holstein,SH_grenze,0,2015,organisation,0.0,0.0,0.0,32.517365,0,0
23863,Schleswig-Holstein,SH_grenze,0,2015,privat,2.0,15.0,16.83,32.517365,0,0
23863,Schleswig-Holstein,SH_grenze,0,2016,organisation,0.0,0.0,0.0,32.517365,0,0
23863,Schleswig-Holstein,SH_grenze,0,2016,privat,2.0,5.02,5.37,32.517365,0,0
23863,Schleswig-Holstein,SH_grenze,0,2017,organisation,0.0,0.0,0.0,32.517365,0,0
23863,Schleswig-Holstein,SH_grenze,0,2017,privat,4.0,14.684999999999999,15.035,32.517365,0,0
23863,Schleswig-Holstein,SH_grenze,0,2018,organisation,0.0,0.0,0.0,32.517365,0,0
23863,Schleswig-Holstein,SH_grenze,0,2018,privat,1.0,4.6,6.0,32.517365,0,0
23863,Schleswig-Holstein,SH_grenze,0,2019,organisation,1.0,25.0,29.9,32.517365,0,0
23863,Schleswig-Holstein,SH_grenze,0,2019,privat,6.0,42.760000000000005,45.120000000000005,32.517365,0,0
23863,Schleswig-Holstein,SH_grenze,0,2020,organisation,2.0,24.9,29.700000000000003,32.517365,0,0
23863,Schleswig-Holstein,SH_grenze,0,2020,privat,7.0,53.5,60.52,32.517365,0,0
23863,Schleswig-Holstein,SH_grenze,0,2021,organisation,1.0,8.0,8.58,32.517365,0,0
23863,Schleswig-Holstein,SH_grenze,0,2021,privat,17.0,166.91500000000002,182.43,32.517365,0,0
23863,Schleswig-Holstein,SH_grenze,0,2022,organisation,0.0,0.0,0.0,32.517365,0,0
23863,Schleswig-Holstein,SH_grenze,0,2022,privat,21.0,154.05,169.09,32.517365,0,0
23863,Schleswig-Holstein,SH_grenze,0,2023,organisation,1.0,9.72,9.72,32.517365,1,0
23863,Schleswig-Holstein,SH_grenze,0,2023,privat,66.0,616.53,675.215,32.517365,1,0
23863,Schleswig-Holstein,SH_grenze,0,2024,organisation,3.0,36.144,42.015,32.517365,1,1
23863,Schleswig-Holstein,SH_grenze,0,2024,privat,52.0,597.45,672.595,32.517365,1,1
23863,Schleswig-Holstein,SH_grenze,0,2025,organisation,2.0,228.0,257.19,32.517365,1,1
23863,Schleswig-Holstein,SH_grenze,0,2025,privat,38.0,317.43,376.665,32.517365,1,1
25421,Schleswig-Holstein,SH_grenze,0,2015,organisation,1.0,10.0,10.0,21.466606,0,0
25421,Schleswig-Holstein,SH_grenze,0,2015,privat,5.0,20.985,23.32,21.466606,0,0
25421,Schleswig-Holstein,SH_grenze,0,2016,organisation,0.0,0.0,0.0,21.466606,0,0
25421,Schleswig-Holstein,SH_grenze,0,2016,privat,11.0,40.367999999999995,44.464999999999996,21.466606,0,0
25421,Schleswig-Holstein,SH_grenze,0,2017,organisation,3.0,349.4,469.39,21.466606,0,0
25421,Schleswig-Holstein,SH_grenze,0,2017,privat,6.0,24.740000000000002,26.72,21.466606,0,0
25421,Schleswig-Holstein,SH_grenze,0,2018,organisation,3.0,107.0,111.35,21.466606,0,0
25421,Schleswig-Holstein,SH_grenze,0,2018,privat,4.0,23.799999999999997,23.88,21.466606,0,0
25421,Schleswig-Holstein,SH_grenze,0,2019,organisation,4.0,160.352,205.81,21.466606,0,0
25421,Schleswig-Holstein,SH_grenze,0,2019,privat,7.0,42.02,44.935,21.466606,0,0
25421,Schleswig-Holstein,SH_grenze,0,2020,organisation,7.0,93.4,104.73,21.466606,0,0
25421,Schleswig-Holstein,SH_grenze,0,2020,privat,23.0,161.22,174.76,21.466606,0,0
25421,Schleswig-Holstein,SH_grenze,0,2021,organisation,5.0,252.65,347.53000000000003,21.466606,0,0
25421,Schleswig-Holstein,SH_grenze,0,2021,privat,44.0,391.74,428.46,21.466606,0,0
25421,Schleswig-Holstein,SH_grenze,0,2022,organisation,1.0,7.0,8.1,21.466606,0,0
25421,Schleswig-Holstein,SH_grenze,0,2022,privat,92.0,704.912,795.5899999999999,21.466606,0,0
25421,Schleswig-Holstein,SH_grenze,0,2023,organisation,12.0,824.5,973.51,21.466606,1,0
25421,Schleswig-Holstein,SH_grenze,0,2023,privat,229.0,1736.432,1913.964,21.466606,1,0
25421,Schleswig-Holstein,SH_grenze,0,2024,organisation,25.0,609.87,692.05,21.466606,1,1
25421,Schleswig-Holstein,SH_grenze,0,2024,privat,255.0,2139.814,2366.46,21.466606,1,1
25421,Schleswig-Holstein,SH_grenze,0,2025,organisation,10.0,794.94,857.365,21.466606,1,1
25421,Schleswig-Holstein,SH_grenze,0,2025,privat,170.0,1507.04,1676.45,21.466606,1,1
25462,Schleswig-Holstein,SH_grenze,0,2015,organisation,2.0,161.88,161.88,13.142629,0,0
25462,Schleswig-Holstein,SH_grenze,0,2015,privat,7.0,39.31,40.7,13.142629,0,0
25462,Schleswig-Holstein,SH_grenze,0,2016,organisation,0.0,0.0,0.0,13.142629,0,0
25462,Schleswig-Holstein,SH_grenze,0,2016,privat,7.0,29.27,31.340000000000003,13.142629,0,0
25462,Schleswig-Holstein,SH_grenze,0,2017,organisation,0.0,0.0,0.0,13.142629,0,0
25462,Schleswig-Holstein,SH_grenze,0,2017,privat,3.0,22.92,25.009999999999998,13.142629,0,0
25462,Schleswig-Holstein,SH_grenze,0,2018,organisation,1.0,21.6,21.6,13.142629,0,0
25462,Schleswig-Holstein,SH_grenze,0,2018,privat,6.0,46.78,47.07,13.142629,0,0
25462,Schleswig-Holstein,SH_grenze,0,2019,organisation,1.0,36.0,48.8,13.142629,0,0
25462,Schleswig-Holstein,SH_grenze,0,2019,privat,6.0,31.36,35.25,13.142629,0,0
25462,Schleswig-Holstein,SH_grenze,0,2020,organisation,2.0,246.72,288.96000000000004,13.142629,0,0
25462,Schleswig-Holstein,SH_grenze,0,2020,privat,19.0,139.44,149.065,13.142629,0,0
25462,Schleswig-Holstein,SH_grenze,0,2021,organisation,3.0,90.0,110.21000000000001,13.142629,0,0
25462,Schleswig-Holstein,SH_grenze,0,2021,privat,32.0,275.9,309.90999999999997,13.142629,0,0
25462,Schleswig-Holstein,SH_grenze,0,2022,organisation,1.0,13.7,14.82,13.142629,0,0
25462,Schleswig-Holstein,SH_grenze,0,2022,privat,38.0,314.475,354.41499999999996,13.142629,0,0
25462,Schleswig-Holstein,SH_grenze,0,2023,organisation,6.0,343.6,413.52,13.142629,1,0
25462,Schleswig-Holstein,SH_grenze,0,2023,privat,161.0,1327.3799999999999,1496.853,13.142629,1,0
25462,Schleswig-Holstein,SH_grenze,0,2024,organisation,7.0,85.82000000000001,86.35000000000001,13.142629,1,1
25462,Schleswig-Holstein,SH_grenze,0,2024,privat,116.0,948.245,1073.435,13.142629,1,1
25462,Schleswig-Holstein,SH_grenze,0,2025,organisation,5.0,328.65,402.56,13.142629,1,1
25462,Schleswig-Holstein,SH_grenze,0,2025,privat,89.0,826.77,938.54,13.142629,1,1
25469,Schleswig-Holstein,SH_grenze,0,2015,organisation,2.0,6.6,10.532,12.577696,0,0
25469,Schleswig-Holstein,SH_grenze,0,2015,privat,11.0,50.445,54.665,12.577696,0,0
25469,Schleswig-Holstein,SH_grenze,0,2016,organisation,0.0,0.0,0.0,12.577696,0,0
25469,Schleswig-Holstein,SH_grenze,0,2016,privat,5.0,19.525000000000002,26.939999999999998,12.577696,0,0
25469,Schleswig-Holstein,SH_grenze,0,2017,organisation,1.0,7.6,9.045,12.577696,0,0
25469,Schleswig-Holstein,SH_grenze,0,2017,privat,6.0,29.64,30.020000000000003,12.577696,0,0
25469,Schleswig-Holstein,SH_grenze,0,2018,organisation,0.0,0.0,0.0,12.577696,0,0
25469,Schleswig-Holstein,SH_grenze,0,2018,privat,7.0,31.68,34.06,12.577696,0,0
25469,Schleswig-Holstein,SH_grenze,0,2019,organisation,1.0,8.5,8.68,12.577696,0,0
25469,Schleswig-Holstein,SH_grenze,0,2019,privat,16.0,110.375,123.465,12.577696,0,0
25469,Schleswig-Holstein,SH_grenze,0,2020,organisation,1.0,72.0,79.91,12.577696,0,0
25469,Schleswig-Holstein,SH_grenze,0,2020,privat,21.0,129.245,149.06,12.577696,0,0
25469,Schleswig-Holstein,SH_grenze,0,2021,organisation,3.0,125.56,127.09,12.577696,0,0
25469,Schleswig-Holstein,SH_grenze,0,2021,privat,13.0,114.0,127.99,12.577696,0,0
25469,Schleswig-Holstein,SH_grenze,0,2022,organisation,3.0,47.040000000000006,48.08,12.577696,0,0
25469,Schleswig-Holstein,SH_grenze,0,2022,privat,44.0,388.75,433.85,12.577696,0,0
25469,Schleswig-Holstein,SH_grenze,0,2023,organisation,4.0,143.04500000000002,150.525,12.577696,1,0
25469,Schleswig-Holstein,SH_grenze,0,2023,privat,165.0,1453.5339999999999,1614.345,12.577696,1,0
25469,Schleswig-Holstein,SH_grenze,0,2024,organisation,5.0,53.68,59.37,12.577696,1,1
25469,Schleswig-Holstein,SH_grenze,0,2024,privat,119.0,923.513,1034.605,12.577696,1,1
25469,Schleswig-Holstein,SH_grenze,0,2025,organisation,3.0,123.34,137.94,12.577696,1,1
25469,Schleswig-Holstein,SH_grenze,0,2025,privat,90.0,736.547,815.495,12.577696,1,1
25474,Schleswig-Holstein,SH_grenze,0,2015,organisation,0.0,0.0,0.0,31.416024,0,0
25474,Schleswig-Holstein,SH_grenze,0,2015,privat,3.0,12.125,12.475,31.416024,0,0
25474,Schleswig-Holstein,SH_grenze,0,2016,organisation,0.0,0.0,0.0,31.416024,0,0
25474,Schleswig-Holstein,SH_grenze,0,2016,privat,4.0,26.89,27.09,31.416024,0,0
25474,Schleswig-Holstein,SH_grenze,0,2017,organisation,1.0,25.0,29.64,31.416024,0,0
25474,Schleswig-Holstein,SH_grenze,0,2017,privat,9.0,29.94,32.82,31.416024,0,0
25474,Schleswig-Holstein,SH_grenze,0,2018,organisation,0.0,0.0,0.0,31.416024,0,0
25474,Schleswig-Holstein,SH_grenze,0,2018,privat,11.0,81.39,89.28,31.416024,0,0
25474,Schleswig-Holstein,SH_grenze,0,2019,organisation,2.0,120.0,128.82999999999998,31.416024,0,0
25474,Schleswig-Holstein,SH_grenze,0,2019,privat,15.0,106.33999999999999,116.72,31.416024,0,0
25474,Schleswig-Holstein,SH_grenze,0,2020,organisation,3.0,17.7,19.62,31.416024,0,0
25474,Schleswig-Holstein,SH_grenze,0,2020,privat,19.0,143.305,162.575,31.416024,0,0
25474,Schleswig-Holstein,SH_grenze,0,2021,organisation,3.0,54.870000000000005,57.5,31.416024,0,0
25474,Schleswig-Holstein,SH_grenze,0,2021,privat,31.0,255.19,282.225,31.416024,0,0
25474,Schleswig-Holstein,SH_grenze,0,2022,organisation,2.0,56.0,74.5,31.416024,0,0
25474,Schleswig-Holstein,SH_grenze,0,2022,privat,56.0,451.025,502.02500000000003,31.416024,0,0
25474,Schleswig-Holstein,SH_grenze,0,2023,organisation,9.0,153.36,161.67499999999998,31.416024,1,0
25474,Schleswig-Holstein,SH_grenze,0,2023,privat,163.0,1274.937,1445.9950000000001,31.416024,1,0
25474,Schleswig-Holstein,SH_grenze,0,2024,organisation,10.0,373.1,443.815,31.416024,1,1
25474,Schleswig-Holstein,SH_grenze,0,2024,privat,121.0,1081.256,1202.04,31.416024,1,1
25474,Schleswig-Holstein,SH_grenze,0,2025,organisation,4.0,224.0,298.1,31.416024,1,1
25474,Schleswig-Holstein,SH_grenze,0,2025,privat,97.0,975.05,1099.225,31.416024,1,1
25482,Schleswig-Holstein,SH_grenze,0,2015,organisation,0.0,0.0,0.0,20.390455,0,0
25482,Schleswig-Holstein,SH_grenze,0,2015,privat,2.0,7.640000000000001,8.040000000000001,20.390455,0,0
25482,Schleswig-Holstein,SH_grenze,0,2016,organisation,0.0,0.0,0.0,20.390455,0,0
25482,Schleswig-Holstein,SH_grenze,0,2016,privat,1.0,9.5,9.5,20.390455,0,0
25482,Schleswig-Holstein,SH_grenze,0,2017,organisation,1.0,29.64,29.64,20.390455,0,0
25482,Schleswig-Holstein,SH_grenze,0,2017,privat,3.0,17.67,18.02,20.390455,0,0
25482,Schleswig-Holstein,SH_grenze,0,2018,organisation,1.0,5.0,9.57,20.390455,0,0
25482,Schleswig-Holstein,SH_grenze,0,2018,privat,1.0,3.35,3.35,20.390455,0,0
25482,Schleswig-Holstein,SH_grenze,0,2019,organisation,2.0,18.0,19.615000000000002,20.390455,0,0
25482,Schleswig-Holstein,SH_grenze,0,2019,privat,0.0,0.0,0.0,20.390455,0,0
25482,Schleswig-Holstein,SH_grenze,0,2020,organisation,2.0,22.5,25.759999999999998,20.390455,0,0
25482,Schleswig-Holstein,SH_grenze,0,2020,privat,4.0,24.78,26.939999999999998,20.390455,0,0
25482,Schleswig-Holstein,SH_grenze,0,2021,organisation,0.0,0.0,0.0,20.390455,0,0
25482,Schleswig-Holstein,SH_grenze,0,2021,privat,5.0,38.08,50.339999999999996,20.390455,0,0
25482,Schleswig-Holstein,SH_grenze,0,2022,organisation,1.0,8.36,8.36,20.390455,0,0
25482,Schleswig-Holstein,SH_grenze,0,2022,privat,17.0,161.54,183.72,20.390455,0,0
25482,Schleswig-Holstein,SH_grenze,0,2023,organisation,1.0,4.0,4.62,20.390455,1,0
25482,Schleswig-Holstein,SH_grenze,0,2023,privat,64.0,538.11,598.6,20.390455,1,0
25482,Schleswig-Holstein,SH_grenze,0,2024,organisation,1.0,15.0,16.6,20.390455,1,1
25482,Schleswig-Holstein,SH_grenze,0,2024,privat,52.0,496.67,575.736,20.390455,1,1
25482,Schleswig-Holstein,SH_grenze,0,2025,organisation,1.0,39.0,39.6,20.390455,1,1
25482,Schleswig-Holstein,SH_grenze,0,2025,privat,36.0,272.955,319.0,20.390455,1,1
25488,Schleswig-Holstein,SH_grenze,0,2015,organisation,0.0,0.0,0.0,15.987281,0,0
25488,Schleswig-Holstein,SH_grenze,0,2015,privat,3.0,9.27,9.81,15.987281,0,0
25488,Schleswig-Holstein,SH_grenze,0,2016,organisation,0.0,0.0,0.0,15.987281,0,0
25488,Schleswig-Holstein,SH_grenze,0,2016,privat,7.0,22.56,23.99,15.987281,0,0
25488,Schleswig-Holstein,SH_grenze,0,2017,organisation,0.0,0.0,0.0,15.987281,0,0
25488,Schleswig-Holstein,SH_grenze,0,2017,privat,5.0,24.59,26.27,15.987281,0,0
25488,Schleswig-Holstein,SH_grenze,0,2018,organisation,0.0,0.0,0.0,15.987281,0,0
25488,Schleswig-Holstein,SH_grenze,0,2018,privat,2.0,9.14,9.14,15.987281,0,0
25488,Schleswig-Holstein,SH_grenze,0,2019,organisation,0.0,0.0,0.0,15.987281,0,0
25488,Schleswig-Holstein,SH_grenze,0,2019,privat,4.0,27.4,28.34,15.987281,0,0
25488,Schleswig-Holstein,SH_grenze,0,2020,organisation,0.0,0.0,0.0,15.987281,0,0
25488,Schleswig-Holstein,SH_grenze,0,2020,privat,5.0,65.63,65.81,15.987281,0,0
25488,Schleswig-Holstein,SH_grenze,0,2021,organisation,1.0,50.0,74.48,15.987281,0,0
25488,Schleswig-Holstein,SH_grenze,0,2021,privat,5.0,46.55,50.43,15.987281,0,0
25488,Schleswig-Holstein,SH_grenze,0,2022,organisation,2.0,19.625,20.025,15.987281,0,0
25488,Schleswig-Holstein,SH_grenze,0,2022,privat,17.0,118.74000000000001,129.825,15.987281,0,0
25488,Schleswig-Holstein,SH_grenze,0,2023,organisation,1.0,14.2,15.2,15.987281,1,0
25488,Schleswig-Holstein,SH_grenze,0,2023,privat,36.0,288.96,316.575,15.987281,1,0
25488,Schleswig-Holstein,SH_grenze,0,2024,organisation,2.0,43.67,44.339999999999996,15.987281,1,1
25488,Schleswig-Holstein,SH_grenze,0,2024,privat,28.0,407.22,465.31,15.987281,1,1
25488,Schleswig-Holstein,SH_grenze,0,2025,organisation,2.0,279.79,414.85,15.987281,1,1
25488,Schleswig-Holstein,SH_grenze,0,2025,privat,26.0,186.355,200.215,15.987281,1,1
