bundesland,year_month,solar_organisation,solar_privat,netto_kw_organisation,netto_kw_privat,solar_total,netto_kw_total,mandate_commercial,mandate_private,mandate_score,completions_wohngebaeude,completions_nichtwohn,completions_gesamt
Baden-Württemberg,2015-01,70,434,1948.376,4073.079,504,6021.455,0,0,0,15367.0,3433.0,18800.0
Baden-Württemberg,2015-02,61,300,1733.848,2740.456,361,4474.304,0,0,0,15367.0,3433.0,18800.0
Baden-Württemberg,2015-03,119,556,6344.77,5441.909,675,11786.679,0,0,0,15367.0,3433.0,18800.0
Baden-Württemberg,2015-04,92,664,4789.356,5779.702,756,10569.058,0,0,0,15367.0,3433.0,18800.0
Baden-Württemberg,2015-05,83,663,4052.145,5107.194,746,9159.339,0,0,0,15367.0,3433.0,18800.0
Baden-Württemberg,2015-06,87,700,3830.916,5896.243,787,9727.159,0,0,0,15367.0,3433.0,18800.0
Baden-Württemberg,2015-07,129,855,5827.784,6384.692,984,12212.475999999999,0,0,0,15367.0,3433.0,18800.0
Baden-Württemberg,2015-08,118,586,6638.492,4523.998,704,11162.49,0,0,0,15367.0,3433.0,18800.0
Baden-Württemberg,2015-09,121,677,5550.593,5382.624,798,10933.217,0,0,0,15367.0,3433.0,18800.0
Baden-Württemberg,2015-10,102,661,4888.134,4571.315,763,9459.449,0,0,0,15367.0,3433.0,18800.0
Baden-Württemberg,2015-11,103,600,5316.27,4868.727,703,10184.997,0,0,0,15367.0,3433.0,18800.0
Baden-Württemberg,2015-12,131,474,15011.909,6734.563,605,21746.472,0,0,0,15367.0,3433.0,18800.0
Baden-Württemberg,2016-01,95,483,3656.521,4344.45,578,8000.971,0,0,0,14454.0,3172.0,17626.0
Baden-Württemberg,2016-02,89,494,2206.675,3390.728,583,5597.403,0,0,0,14454.0,3172.0,17626.0
Baden-Württemberg,2016-03,87,599,2574.946,4748.879,686,7323.825,0,0,0,14454.0,3172.0,17626.0
Baden-Württemberg,2016-04,112,679,3214.15,5133.275,791,8347.425,0,0,0,14454.0,3172.0,17626.0
Baden-Württemberg,2016-05,112,724,3776.084,5898.996,836,9675.08,0,0,0,14454.0,3172.0,17626.0
Baden-Württemberg,2016-06,142,876,6049.89,6520.368,1018,12570.258000000002,0,0,0,14454.0,3172.0,17626.0
Baden-Württemberg,2016-07,139,882,4881.375,6873.54,1021,11754.915,0,0,0,14454.0,3172.0,17626.0
Baden-Württemberg,2016-08,128,721,4296.661,5738.045,849,10034.706,0,0,0,14454.0,3172.0,17626.0
Baden-Württemberg,2016-09,140,797,4353.275,5796.135,937,10149.41,0,0,0,14454.0,3172.0,17626.0
Baden-Württemberg,2016-10,119,798,4638.328,6403.113,917,11041.441,0,0,0,14454.0,3172.0,17626.0
Baden-Württemberg,2016-11,120,698,4498.939,5328.603,818,9827.542000000001,0,0,0,14454.0,3172.0,17626.0
Baden-Württemberg,2016-12,101,474,5864.655,3989.812,575,9854.467,0,0,0,14454.0,3172.0,17626.0
Baden-Württemberg,2017-01,64,465,2023.866,3741.609,529,5765.475,0,0,0,14173.0,3093.0,17266.0
Baden-Württemberg,2017-02,144,727,7043.296,9057.329,871,16100.625,0,0,0,14173.0,3093.0,17266.0
Baden-Württemberg,2017-03,132,898,3276.907,9104.451000000001,1030,12381.358,0,0,0,14173.0,3093.0,17266.0
Baden-Württemberg,2017-04,153,882,7414.081,9211.756,1035,16625.837,0,0,0,14173.0,3093.0,17266.0
Baden-Württemberg,2017-05,176,1068,7909.504,9603.015,1244,17512.519,0,0,0,14173.0,3093.0,17266.0
Baden-Württemberg,2017-06,162,1082,5184.099,9388.418,1244,14572.517,0,0,0,14173.0,3093.0,17266.0
Baden-Württemberg,2017-07,140,1145,5974.679,10204.972,1285,16179.651,0,0,0,14173.0,3093.0,17266.0
Baden-Württemberg,2017-08,146,937,6155.57,8065.818,1083,14221.387999999999,0,0,0,14173.0,3093.0,17266.0
Baden-Württemberg,2017-09,157,981,5167.588,7966.739,1138,13134.327,0,0,0,14173.0,3093.0,17266.0
Baden-Württemberg,2017-10,138,1033,6334.514,9456.874,1171,15791.387999999999,0,0,0,14173.0,3093.0,17266.0
Baden-Württemberg,2017-11,136,826,5475.231,6743.132,962,12218.363,0,0,0,14173.0,3093.0,17266.0
Baden-Württemberg,2017-12,80,530,3704.323,4251.3279999999995,610,7955.651,0,0,0,14173.0,3093.0,17266.0
Baden-Württemberg,2018-01,178,1045,9782.263,11284.9,1223,21067.163,0,0,0,14241.0,3898.0,18139.0
Baden-Württemberg,2018-02,110,701,5076.183,6381.814,811,11457.997,0,0,0,14241.0,3898.0,18139.0
Baden-Württemberg,2018-03,142,878,5587.853,8260.913,1020,13848.766,0,0,0,14241.0,3898.0,18139.0
Baden-Württemberg,2018-04,172,1042,10625.426,11638.645,1214,22264.071,0,0,0,14241.0,3898.0,18139.0
Baden-Württemberg,2018-05,143,1030,8485.295,9535.594,1173,18020.889,0,0,0,14241.0,3898.0,18139.0
Baden-Württemberg,2018-06,181,1156,8488.618,13440.526,1337,21929.144,0,0,0,14241.0,3898.0,18139.0
Baden-Württemberg,2018-07,234,1305,12643.373,15151.981,1539,27795.354,0,0,0,14241.0,3898.0,18139.0
Baden-Württemberg,2018-08,204,1109,10359.096,14743.757,1313,25102.853,0,0,0,14241.0,3898.0,18139.0
Baden-Württemberg,2018-09,156,1098,7276.536,13028.714,1254,20305.25,0,0,0,14241.0,3898.0,18139.0
Baden-Württemberg,2018-10,196,1172,10038.269,11935.228,1368,21973.497,0,0,0,14241.0,3898.0,18139.0
Baden-Württemberg,2018-11,179,1058,9989.883,13153.922,1237,23143.805,0,0,0,14241.0,3898.0,18139.0
Baden-Württemberg,2018-12,168,644,12851.994999999999,9934.969,812,22786.964,0,0,0,14241.0,3898.0,18139.0
Baden-Württemberg,2019-01,354,1234,32855.671,26349.818,1588,59205.489,0,0,0,13730.0,3243.0,16973.0
Baden-Württemberg,2019-02,188,1060,14024.057,16141.276,1248,30165.333,0,0,0,13730.0,3243.0,16973.0
Baden-Württemberg,2019-03,206,1238,14184.159,16556.518,1444,30740.677,0,0,0,13730.0,3243.0,16973.0
Baden-Württemberg,2019-04,195,1434,8503.337,16541.156,1629,25044.493,0,0,0,13730.0,3243.0,16973.0
Baden-Württemberg,2019-05,210,1567,9549.299,18258.541,1777,27807.840000000004,0,0,0,13730.0,3243.0,16973.0
Baden-Württemberg,2019-06,150,1429,8935.481,15533.2,1579,24468.681,0,0,0,13730.0,3243.0,16973.0
Baden-Württemberg,2019-07,229,1920,13260.524,20529.132,2149,33789.656,0,0,0,13730.0,3243.0,16973.0
Baden-Württemberg,2019-08,171,1421,11184.667,16502.119,1592,27686.786,0,0,0,13730.0,3243.0,16973.0
Baden-Württemberg,2019-09,215,1730,11978.684,18680.233,1945,30658.917,0,0,0,13730.0,3243.0,16973.0
Baden-Württemberg,2019-10,266,1947,13200.665,20680.513,2213,33881.178,0,0,0,13730.0,3243.0,16973.0
Baden-Württemberg,2019-11,186,1642,7375.749,14720.806,1828,22096.555,0,0,0,13730.0,3243.0,16973.0
Baden-Württemberg,2019-12,154,1056,8454.709,9785.814,1210,18240.523,0,0,0,13730.0,3243.0,16973.0
Baden-Württemberg,2020-01,343,2099,26505.836,24949.953,2442,51455.789000000004,0,0,0,14919.0,3262.0,18181.0
Baden-Württemberg,2020-02,192,1504,11008.117,15744.729,1696,26752.845999999998,0,0,0,14919.0,3262.0,18181.0
Baden-Württemberg,2020-03,267,2174,14849.713,22823.513,2441,37673.225999999995,0,0,0,14919.0,3262.0,18181.0
Baden-Württemberg,2020-04,296,2423,17179.651,25593.149,2719,42772.8,0,0,0,14919.0,3262.0,18181.0
Baden-Württemberg,2020-05,259,2419,15212.885,26332.403,2678,41545.288,0,0,0,14919.0,3262.0,18181.0
Baden-Württemberg,2020-06,262,2507,15840.673,26608.887,2769,42449.56,0,0,0,14919.0,3262.0,18181.0
Baden-Württemberg,2020-07,324,3039,18339.018,29227.585,3363,47566.603,0,0,0,14919.0,3262.0,18181.0
Baden-Württemberg,2020-08,203,2236,11911.798999999999,24180.21,2439,36092.009,0,0,0,14919.0,3262.0,18181.0
Baden-Württemberg,2020-09,260,2710,14367.571,28761.45,2970,43129.021,0,0,0,14919.0,3262.0,18181.0
Baden-Württemberg,2020-10,290,2822,16481.897,27877.055,3112,44358.952000000005,0,0,0,14919.0,3262.0,18181.0
Baden-Württemberg,2020-11,282,2822,23237.893,24545.521,3104,47783.414000000004,0,0,0,14919.0,3262.0,18181.0
Baden-Württemberg,2020-12,233,1784,16462.549,17991.803,2017,34454.352,0,0,0,14919.0,3262.0,18181.0
Baden-Württemberg,2021-01,240,2038,15123.165,20420.869,2278,35544.034,0,0,0,13675.0,3049.0,16724.0
Baden-Württemberg,2021-02,200,1926,9666.59,19948.804,2126,29615.394,0,0,0,13675.0,3049.0,16724.0
Baden-Württemberg,2021-03,299,2836,25236.34,30918.827,3135,56155.167,0,0,0,13675.0,3049.0,16724.0
Baden-Württemberg,2021-04,273,3012,13612.585,29234.459,3285,42847.043999999994,0,0,0,13675.0,3049.0,16724.0
Baden-Württemberg,2021-05,282,2801,14347.408,27606.194,3083,41953.602,0,0,0,13675.0,3049.0,16724.0
Baden-Württemberg,2021-06,280,3269,13611.35,31712.34,3549,45323.69,0,0,0,13675.0,3049.0,16724.0
Baden-Württemberg,2021-07,288,3613,13780.384,35394.467,3901,49174.850999999995,0,0,0,13675.0,3049.0,16724.0
Baden-Württemberg,2021-08,235,2641,12811.31,25406.375,2876,38217.685,0,0,0,13675.0,3049.0,16724.0
Baden-Württemberg,2021-09,234,3376,14144.103,31554.482,3610,45698.585,0,0,0,13675.0,3049.0,16724.0
Baden-Württemberg,2021-10,279,3533,18749.376,33122.84,3812,51872.216,0,0,0,13675.0,3049.0,16724.0
Baden-Württemberg,2021-11,278,3243,22599.441,31169.079,3521,53768.520000000004,0,0,0,13675.0,3049.0,16724.0
Baden-Württemberg,2021-12,231,2363,12009.005,21789.218,2594,33798.223,0,0,0,13675.0,3049.0,16724.0
Baden-Württemberg,2022-01,262,2764,15985.977,26911.405,3026,42897.382,1,0,1,13794.0,2806.0,16600.0
Baden-Württemberg,2022-02,260,2996,16463.498,26916.778,3256,43380.276,1,0,1,13794.0,2806.0,16600.0
Baden-Württemberg,2022-03,284,4184,15589.22,38875.925,4468,54465.145000000004,1,0,1,13794.0,2806.0,16600.0
Baden-Württemberg,2022-04,227,3756,11194.142,34771.488,3983,45965.63,1,0,1,13794.0,2806.0,16600.0
Baden-Württemberg,2022-05,281,4404,15227.01,39626.531,4685,54853.541000000005,1,1,2,13794.0,2806.0,16600.0
Baden-Württemberg,2022-06,239,3809,19694.559,34404.853,4048,54099.412000000004,1,1,2,13794.0,2806.0,16600.0
Baden-Württemberg,2022-07,236,4008,13736.655,36647.292,4244,50383.947,1,1,2,13794.0,2806.0,16600.0
Baden-Württemberg,2022-08,343,4986,21001.783,47890.25,5329,68892.033,1,1,2,13794.0,2806.0,16600.0
Baden-Württemberg,2022-09,311,4818,19199.567,44340.558,5129,63540.125,1,1,2,13794.0,2806.0,16600.0
Baden-Württemberg,2022-10,293,4313,19594.133,39826.616,4606,59420.749,1,1,2,13794.0,2806.0,16600.0
Baden-Württemberg,2022-11,300,3506,19877.301,32260.391,3806,52137.691999999995,1,1,2,13794.0,2806.0,16600.0
Baden-Württemberg,2022-12,190,1814,18634.84,17163.32,2004,35798.16,1,1,2,13794.0,2806.0,16600.0
Baden-Württemberg,2023-01,386,8340,19242.585,81798.292,8726,101040.87700000001,1,1,2,13523.0,2700.0,16223.0
Baden-Württemberg,2023-02,391,7107,25132.981,67253.14,7498,92386.121,1,1,2,13523.0,2700.0,16223.0
Baden-Württemberg,2023-03,494,9207,43481.671,87737.244,9701,131218.915,1,1,2,13523.0,2700.0,16223.0
Baden-Württemberg,2023-04,402,7936,29154.725,77077.454,8338,106232.179,1,1,2,13523.0,2700.0,16223.0
Baden-Württemberg,2023-05,520,9860,42843.825,95128.96399999999,10380,137972.789,1,1,2,13523.0,2700.0,16223.0
Baden-Württemberg,2023-06,578,10816,40179.879,104529.947,11394,144709.826,1,1,2,13523.0,2700.0,16223.0
Baden-Württemberg,2023-07,604,11341,49913.212,110639.492,11945,160552.704,1,1,2,13523.0,2700.0,16223.0
Baden-Württemberg,2023-08,561,9568,39344.617,93840.286,10129,133184.903,1,1,2,13523.0,2700.0,16223.0
Baden-Württemberg,2023-09,512,10071,38863.053,97256.051,10583,136119.104,1,1,2,13523.0,2700.0,16223.0
Baden-Württemberg,2023-10,556,10245,31729.61,98291.01,10801,130020.62,1,1,2,13523.0,2700.0,16223.0
Baden-Württemberg,2023-11,555,9527,37707.698,92782.676,10082,130490.37400000001,1,1,2,13523.0,2700.0,16223.0
Baden-Württemberg,2023-12,515,6928,38297.447,70191.107,7443,108488.554,1,1,2,13523.0,2700.0,16223.0
Baden-Württemberg,2024-01,785,9131,56445.547,104846.531,9916,161292.078,1,1,2,10820.0,2859.0,13679.0
Baden-Württemberg,2024-02,412,6991,22103.248,67158.559,7403,89261.807,1,1,2,10820.0,2859.0,13679.0
Baden-Württemberg,2024-03,524,7915,28393.027000000002,77970.398,8439,106363.425,1,1,2,10820.0,2859.0,13679.0
Baden-Württemberg,2024-04,525,8660,36190.036,84715.436,9185,120905.47200000001,1,1,2,10820.0,2859.0,13679.0
Baden-Württemberg,2024-05,553,7889,34615.825,78582.64199999999,8442,113198.46699999999,1,1,2,10820.0,2859.0,13679.0
Baden-Württemberg,2024-06,604,8848,44533.216,90405.249,9452,134938.465,1,1,2,10820.0,2859.0,13679.0
Baden-Württemberg,2024-07,861,10192,58214.041,107156.379,11053,165370.41999999998,1,1,2,10820.0,2859.0,13679.0
Baden-Württemberg,2024-08,454,6510,24074.288,66168.667,6964,90242.955,1,1,2,10820.0,2859.0,13679.0
Baden-Württemberg,2024-09,538,7384,33249.812,76699.604,7922,109949.416,1,1,2,10820.0,2859.0,13679.0
Baden-Württemberg,2024-10,624,7383,44282.747,77942.053,8007,122224.8,1,1,2,10820.0,2859.0,13679.0
Baden-Württemberg,2024-11,662,7247,38485.332,77989.1,7909,116474.432,1,1,2,10820.0,2859.0,13679.0
Baden-Württemberg,2024-12,679,6922,50306.685,88050.395,7601,138357.08000000002,1,1,2,10820.0,2859.0,13679.0
Baden-Württemberg,2025-01,958,7354,71641.606,101663.053,8312,173304.65899999999,1,1,2,7970.0,2529.0,10499.0
Baden-Württemberg,2025-02,603,5425,35073.181,63192.278,6028,98265.459,1,1,2,7970.0,2529.0,10499.0
Baden-Württemberg,2025-03,371,4684,22381.149,47829.127,5055,70210.276,1,1,2,7970.0,2529.0,10499.0
Baden-Württemberg,2025-04,451,5706,47888.09,60143.549,6157,108031.639,1,1,2,7970.0,2529.0,10499.0
Baden-Württemberg,2025-05,457,5974,34505.61,62374.862,6431,96880.47200000001,1,1,2,7970.0,2529.0,10499.0
Baden-Württemberg,2025-06,463,5728,25950.725,61550.396,6191,87501.121,1,1,2,7970.0,2529.0,10499.0
Baden-Württemberg,2025-07,735,7450,46208.25,83825.54,8185,130033.79,1,1,2,7970.0,2529.0,10499.0
Baden-Württemberg,2025-08,385,4816,24832.772,50443.394,5201,75276.166,1,1,2,7970.0,2529.0,10499.0
Baden-Württemberg,2025-09,478,5822,34335.494,61644.86,6300,95980.35399999999,1,1,2,7970.0,2529.0,10499.0
Baden-Württemberg,2025-10,506,5850,29676.174,63280.004,6356,92956.178,1,1,2,7970.0,2529.0,10499.0
Baden-Württemberg,2025-11,497,5510,37052.36,59693.728,6007,96746.088,1,1,2,7970.0,2529.0,10499.0
Baden-Württemberg,2025-12,494,4937,39839.053,54226.815,5431,94065.868,1,1,2,7970.0,2529.0,10499.0
Bayern,2015-01,108,733,6952.645,7322.424,841,14275.069,0,0,0,23074.0,7695.0,30769.0
Bayern,2015-02,47,434,1817.03,3355.061,481,5172.091,0,0,0,23074.0,7695.0,30769.0
Bayern,2015-03,86,927,2720.55,7940.753,1013,10661.303,0,0,0,23074.0,7695.0,30769.0
Bayern,2015-04,104,1057,4378.329,8475.922,1161,12854.251,0,0,0,23074.0,7695.0,30769.0
Bayern,2015-05,116,1023,4278.729,8667.463,1139,12946.192,0,0,0,23074.0,7695.0,30769.0
Bayern,2015-06,124,1167,6619.26,9402.964,1291,16022.224,0,0,0,23074.0,7695.0,30769.0
Bayern,2015-07,152,1207,7186.298,9369.275,1359,16555.573,0,0,0,23074.0,7695.0,30769.0
Bayern,2015-08,130,992,5020.855,7913.223,1122,12934.078,0,0,0,23074.0,7695.0,30769.0
Bayern,2015-09,128,1089,7518.805,9169.678,1217,16688.483,0,0,0,23074.0,7695.0,30769.0
Bayern,2015-10,118,1038,5258.04,8186.812,1156,13444.851999999999,0,0,0,23074.0,7695.0,30769.0
Bayern,2015-11,139,855,6127.716,7491.419,994,13619.135,0,0,0,23074.0,7695.0,30769.0
Bayern,2015-12,160,659,17873.028,6345.167,819,24218.195,0,0,0,23074.0,7695.0,30769.0
Bayern,2016-01,97,788,3779.0099999999998,6480.702,885,10259.712,0,0,0,21583.0,6904.0,28487.0
Bayern,2016-02,72,647,1824.545,5016.304,719,6840.849,0,0,0,21583.0,6904.0,28487.0
Bayern,2016-03,120,950,3997.06,7452.171,1070,11449.231,0,0,0,21583.0,6904.0,28487.0
Bayern,2016-04,144,1065,5327.805,8219.266,1209,13547.071,0,0,0,21583.0,6904.0,28487.0
Bayern,2016-05,135,1022,5185.365,8218.204,1157,13403.569,0,0,0,21583.0,6904.0,28487.0
Bayern,2016-06,162,1316,6000.11,11406.346,1478,17406.456,0,0,0,21583.0,6904.0,28487.0
Bayern,2016-07,112,1242,3843.381,9304.522,1354,13147.903,0,0,0,21583.0,6904.0,28487.0
Bayern,2016-08,121,1131,4942.119,8981.431,1252,13923.55,0,0,0,21583.0,6904.0,28487.0
Bayern,2016-09,134,1109,6081.08,8703.74,1243,14784.82,0,0,0,21583.0,6904.0,28487.0
Bayern,2016-10,121,1017,4038.995,7815.068,1138,11854.063,0,0,0,21583.0,6904.0,28487.0
Bayern,2016-11,107,849,6293.94,6986.234,956,13280.173999999999,0,0,0,21583.0,6904.0,28487.0
Bayern,2016-12,71,558,5991.14,4825.007,629,10816.147,0,0,0,21583.0,6904.0,28487.0
Bayern,2017-01,92,699,3391.36,6650.531,791,10041.891,0,0,0,25166.0,7240.0,32406.0
Bayern,2017-02,132,1054,7515.176,10314.465,1186,17829.641,0,0,0,25166.0,7240.0,32406.0
Bayern,2017-03,156,1341,8361.195,13291.46,1497,21652.655,0,0,0,25166.0,7240.0,32406.0
Bayern,2017-04,186,1344,8610.935,14640.574,1530,23251.509,0,0,0,25166.0,7240.0,32406.0
Bayern,2017-05,164,1739,6445.332,18214.762,1903,24660.093999999997,0,0,0,25166.0,7240.0,32406.0
Bayern,2017-06,160,1573,8803.193,17094.011,1733,25897.203999999998,0,0,0,25166.0,7240.0,32406.0
Bayern,2017-07,190,1698,11044.875,18312.095,1888,29356.97,0,0,0,25166.0,7240.0,32406.0
Bayern,2017-08,156,1515,7261.41,14608.24,1671,21869.65,0,0,0,25166.0,7240.0,32406.0
Bayern,2017-09,162,1555,5736.014,14813.299,1717,20549.313000000002,0,0,0,25166.0,7240.0,32406.0
Bayern,2017-10,149,1500,5870.454,14690.699,1649,20561.153,0,0,0,25166.0,7240.0,32406.0
Bayern,2017-11,110,1200,3470.175,10270.524,1310,13740.699,0,0,0,25166.0,7240.0,32406.0
Bayern,2017-12,56,625,2152.32,5709.587,681,7861.907000000001,0,0,0,25166.0,7240.0,32406.0
Bayern,2018-01,275,1704,20126.688,25705.709,1979,45832.397,0,0,0,24012.0,7044.0,31056.0
Bayern,2018-02,108,811,8860.690999999999,10338.759,919,19199.449999999997,0,0,0,24012.0,7044.0,31056.0
Bayern,2018-03,137,1144,8062.612,12538.779,1281,20601.391,0,0,0,24012.0,7044.0,31056.0
Bayern,2018-04,204,1590,9816.495,18777.782,1794,28594.277000000002,0,0,0,24012.0,7044.0,31056.0
Bayern,2018-05,168,1650,8468.49,18179.381,1818,26647.871,0,0,0,24012.0,7044.0,31056.0
Bayern,2018-06,232,1731,12595.84,22201.819,1963,34797.659,0,0,0,24012.0,7044.0,31056.0
Bayern,2018-07,263,1979,15497.52,25643.298,2242,41140.818,0,0,0,24012.0,7044.0,31056.0
Bayern,2018-08,202,1608,12669.295,20380.353,1810,33049.648,0,0,0,24012.0,7044.0,31056.0
Bayern,2018-09,200,1606,12912.26,20503.1,1806,33415.36,0,0,0,24012.0,7044.0,31056.0
Bayern,2018-10,194,1562,11424.32,16670.161,1756,28094.481,0,0,0,24012.0,7044.0,31056.0
Bayern,2018-11,204,1313,13650.585,16494.312,1517,30144.897,0,0,0,24012.0,7044.0,31056.0
Bayern,2018-12,128,788,9558.645,13753.158,916,23311.803,0,0,0,24012.0,7044.0,31056.0
Bayern,2019-01,483,2037,50932.742,55653.483,2520,106586.225,0,0,0,23875.0,6575.0,30450.0
Bayern,2019-02,179,1174,14664.495,20818.206,1353,35482.701,0,0,0,23875.0,6575.0,30450.0
Bayern,2019-03,241,1838,14348.697,28699.242,2079,43047.939,0,0,0,23875.0,6575.0,30450.0
Bayern,2019-04,243,2206,12034.987,24413.831,2449,36448.818,0,0,0,23875.0,6575.0,30450.0
Bayern,2019-05,228,2294,12475.381,27450.688,2522,39926.068999999996,0,0,0,23875.0,6575.0,30450.0
Bayern,2019-06,236,2140,15023.362,26949.684,2376,41973.046,0,0,0,23875.0,6575.0,30450.0
Bayern,2019-07,298,2606,14791.658,29446.14,2904,44237.797999999995,0,0,0,23875.0,6575.0,30450.0
Bayern,2019-08,240,2013,12909.485,23756.569,2253,36666.054000000004,0,0,0,23875.0,6575.0,30450.0
Bayern,2019-09,255,2385,15920.282,29185.358,2640,45105.64,0,0,0,23875.0,6575.0,30450.0
Bayern,2019-10,262,2496,14400.09,28166.593,2758,42566.683000000005,0,0,0,23875.0,6575.0,30450.0
Bayern,2019-11,187,2059,10003.965,20684.085,2246,30688.05,0,0,0,23875.0,6575.0,30450.0
Bayern,2019-12,111,1054,5657.146,10715.41,1165,16372.556,0,0,0,23875.0,6575.0,30450.0
Bayern,2020-01,435,3340,26502.201,47726.084,3775,74228.285,0,0,0,25449.0,6893.0,32342.0
Bayern,2020-02,206,1964,12864.509,21815.437,2170,34679.946,0,0,0,25449.0,6893.0,32342.0
Bayern,2020-03,300,3234,15050.097,38158.914,3534,53209.011,0,0,0,25449.0,6893.0,32342.0
Bayern,2020-04,322,3624,17979.47,41736.68,3946,59716.15,0,0,0,25449.0,6893.0,32342.0
Bayern,2020-05,321,3666,18672.93,43291.508,3987,61964.438,0,0,0,25449.0,6893.0,32342.0
Bayern,2020-06,368,3754,22148.561,42591.820999999996,4122,64740.382,0,0,0,25449.0,6893.0,32342.0
Bayern,2020-07,368,4494,20596.985,46601.344,4862,67198.329,0,0,0,25449.0,6893.0,32342.0
Bayern,2020-08,295,3336,16694.98,37794.317,3631,54489.297000000006,0,0,0,25449.0,6893.0,32342.0
Bayern,2020-09,335,4152,19681.337,45796.033,4487,65477.37,0,0,0,25449.0,6893.0,32342.0
Bayern,2020-10,298,4320,17654.332,43543.291,4618,61197.62299999999,0,0,0,25449.0,6893.0,32342.0
Bayern,2020-11,293,3775,15962.286,35924.933,4068,51887.219,0,0,0,25449.0,6893.0,32342.0
Bayern,2020-12,216,2268,19154.06,22855.863,2484,42009.923,0,0,0,25449.0,6893.0,32342.0
Bayern,2021-01,333,3276,23046.119,42687.562,3609,65733.681,0,0,0,22808.0,6477.0,29285.0
Bayern,2021-02,193,2551,9943.565,27276.158,2744,37219.723,0,0,0,22808.0,6477.0,29285.0
Bayern,2021-03,335,4551,31253.121,53808.675,4886,85061.796,0,0,0,22808.0,6477.0,29285.0
Bayern,2021-04,293,4294,13143.124,47245.351,4587,60388.475000000006,0,0,0,22808.0,6477.0,29285.0
Bayern,2021-05,324,4295,16983.557,47563.881,4619,64547.438,0,0,0,22808.0,6477.0,29285.0
Bayern,2021-06,309,4701,15452.345,50449.001,5010,65901.34599999999,0,0,0,22808.0,6477.0,29285.0
Bayern,2021-07,361,4816,16227.21,51439.973,5177,67667.18299999999,0,0,0,22808.0,6477.0,29285.0
Bayern,2021-08,337,3986,15611.792,41560.683,4323,57172.475,0,0,0,22808.0,6477.0,29285.0
Bayern,2021-09,332,4944,13863.19,51544.446,5276,65407.636000000006,0,0,0,22808.0,6477.0,29285.0
Bayern,2021-10,317,4810,14633.333,50133.996,5127,64767.329,0,0,0,22808.0,6477.0,29285.0
Bayern,2021-11,293,4272,14171.083,42629.077,4565,56800.159999999996,0,0,0,22808.0,6477.0,29285.0
Bayern,2021-12,190,2387,9577.89,22991.047,2577,32568.936999999998,0,0,0,22808.0,6477.0,29285.0
Bayern,2022-01,312,3942,16689.435,42477.746,4254,59167.181,0,0,0,23261.0,6522.0,29783.0
Bayern,2022-02,225,3650,11945.782,35996.37,3875,47942.152,0,0,0,23261.0,6522.0,29783.0
Bayern,2022-03,347,6049,27278.798,60222.066,6396,87500.864,0,0,0,23261.0,6522.0,29783.0
Bayern,2022-04,297,5384,16742.235,54362.823,5681,71105.05799999999,0,0,0,23261.0,6522.0,29783.0
Bayern,2022-05,332,6345,19311.09,62355.787,6677,81666.877,0,0,0,23261.0,6522.0,29783.0
Bayern,2022-06,295,5480,20193.75,53689.081,5775,73882.831,0,0,0,23261.0,6522.0,29783.0
Bayern,2022-07,283,5161,14637.726999999999,51130.508,5444,65768.235,0,0,0,23261.0,6522.0,29783.0
Bayern,2022-08,458,7644,27979.178,81609.976,8102,109589.154,0,0,0,23261.0,6522.0,29783.0
Bayern,2022-09,364,6866,27061.6,68526.869,7230,95588.46900000001,0,0,0,23261.0,6522.0,29783.0
Bayern,2022-10,337,5781,17545.43,58508.941,6118,76054.371,0,0,0,23261.0,6522.0,29783.0
Bayern,2022-11,316,4432,22442.837,44249.246,4748,66692.083,0,0,0,23261.0,6522.0,29783.0
Bayern,2022-12,218,2218,15472.451000000001,21443.971,2436,36916.422000000006,0,0,0,23261.0,6522.0,29783.0
Bayern,2023-01,606,14132,35704.284,154454.28,14738,190158.564,0,0,0,23459.0,6218.0,29677.0
Bayern,2023-02,449,9577,30408.923,98579.108,10026,128988.03099999999,0,0,0,23459.0,6218.0,29677.0
Bayern,2023-03,565,12798,30646.83,133825.599,13363,164472.429,1,0,1,23459.0,6218.0,29677.0
Bayern,2023-04,489,11260,36453.577,118135.495,11749,154589.072,1,0,1,23459.0,6218.0,29677.0
Bayern,2023-05,593,14009,39351.711,150141.939,14602,189493.65000000002,1,0,1,23459.0,6218.0,29677.0
Bayern,2023-06,667,15383,38379.24,162291.368,16050,200670.60799999998,1,0,1,23459.0,6218.0,29677.0
Bayern,2023-07,723,15758,42696.648,165408.887,16481,208105.53499999997,1,0,1,23459.0,6218.0,29677.0
Bayern,2023-08,645,14494,41425.932,151472.523,15139,192898.455,1,0,1,23459.0,6218.0,29677.0
Bayern,2023-09,642,14491,36357.763,149695.709,15133,186053.472,1,0,1,23459.0,6218.0,29677.0
Bayern,2023-10,699,14512,49245.213,150454.333,15211,199699.54600000003,1,0,1,23459.0,6218.0,29677.0
Bayern,2023-11,641,12654,34452.665,131775.513,13295,166228.178,1,0,1,23459.0,6218.0,29677.0
Bayern,2023-12,448,7426,27723.03,77170.746,7874,104893.776,1,0,1,23459.0,6218.0,29677.0
Bayern,2024-01,920,13026,70424.802,173745.982,13946,244170.78399999999,1,0,1,18572.0,5901.0,24473.0
Bayern,2024-02,479,8502,30387.946,86528.281,8981,116916.227,1,0,1,18572.0,5901.0,24473.0
Bayern,2024-03,683,10738,37601.041,110083.295,11421,147684.336,1,0,1,18572.0,5901.0,24473.0
Bayern,2024-04,695,11804,44832.737,125715.565,12499,170548.302,1,0,1,18572.0,5901.0,24473.0
Bayern,2024-05,603,10729,39931.425,118926.598,11332,158858.023,1,0,1,18572.0,5901.0,24473.0
Bayern,2024-06,692,11167,51682.132,123166.235,11859,174848.367,1,0,1,18572.0,5901.0,24473.0
Bayern,2024-07,953,13789,62235.815,162873.596,14742,225109.411,1,0,1,18572.0,5901.0,24473.0
Bayern,2024-08,615,8320,33453.955,90026.835,8935,123480.79000000001,1,0,1,18572.0,5901.0,24473.0
Bayern,2024-09,593,9177,29874.802,101316.438,9770,131191.24,1,0,1,18572.0,5901.0,24473.0
Bayern,2024-10,736,10002,55836.975,112076.998,10738,167913.973,1,0,1,18572.0,5901.0,24473.0
Bayern,2024-11,709,9169,48533.608,108161.491,9878,156695.099,1,0,1,18572.0,5901.0,24473.0
Bayern,2024-12,716,7785,68542.005,103392.563,8501,171934.568,1,0,1,18572.0,5901.0,24473.0
Bayern,2025-01,1035,9464,87365.215,169199.184,10499,256564.399,1,0,1,15206.0,5786.0,20992.0
Bayern,2025-02,560,6742,40872.533,84016.497,7302,124889.03,1,0,1,15206.0,5786.0,20992.0
Bayern,2025-03,345,5499,31213.385,58133.556,5844,89346.94099999999,1,0,1,15206.0,5786.0,20992.0
Bayern,2025-04,447,6725,35201.077,70830.14,7172,106031.217,1,0,1,15206.0,5786.0,20992.0
Bayern,2025-05,451,7213,24593.495,78797.774,7664,103391.269,1,0,1,15206.0,5786.0,20992.0
Bayern,2025-06,432,6716,28841.755,75367.006,7148,104208.761,1,0,1,15206.0,5786.0,20992.0
Bayern,2025-07,656,8895,36720.095,106464.335,9551,143184.43,1,0,1,15206.0,5786.0,20992.0
Bayern,2025-08,420,5578,28824.91,61251.231,5998,90076.141,1,0,1,15206.0,5786.0,20992.0
Bayern,2025-09,481,6677,27545.304,74772.504,7158,102317.808,1,0,1,15206.0,5786.0,20992.0
Bayern,2025-10,418,5976,27973.189,64756.333,6394,92729.522,1,0,1,15206.0,5786.0,20992.0
Bayern,2025-11,436,6315,25025.139,72132.226,6751,97157.36499999999,1,0,1,15206.0,5786.0,20992.0
Bayern,2025-12,414,4652,50469.033,56699.752,5066,107168.785,1,0,1,15206.0,5786.0,20992.0
Berlin,2015-01,2,19,78.0,111.069,21,189.06900000000002,0,0,0,2011.0,208.0,2219.0
Berlin,2015-02,4,17,445.6,134.29000000000002,21,579.8900000000001,0,0,0,2011.0,208.0,2219.0
Berlin,2015-03,5,17,823.1,99.7,22,922.8000000000001,0,0,0,2011.0,208.0,2219.0
Berlin,2015-04,6,26,306.86,146.957,32,453.817,0,0,0,2011.0,208.0,2219.0
Berlin,2015-05,5,26,237.24,150.16,31,387.4,0,0,0,2011.0,208.0,2219.0
Berlin,2015-06,7,15,99.648,81.985,22,181.63299999999998,0,0,0,2011.0,208.0,2219.0
Berlin,2015-07,8,24,291.315,111.866,32,403.181,0,0,0,2011.0,208.0,2219.0
Berlin,2015-08,7,24,239.02,128.25,31,367.27,0,0,0,2011.0,208.0,2219.0
Berlin,2015-09,4,20,122.0,107.04,24,229.04000000000002,0,0,0,2011.0,208.0,2219.0
Berlin,2015-10,8,16,128.55,85.702,24,214.252,0,0,0,2011.0,208.0,2219.0
Berlin,2015-11,9,16,108.24,99.03999999999999,25,207.27999999999997,0,0,0,2011.0,208.0,2219.0
Berlin,2015-12,23,17,1191.81,93.87,40,1285.6799999999998,0,0,0,2011.0,208.0,2219.0
Berlin,2016-01,4,17,86.13,99.03,21,185.16,0,0,0,2217.0,229.0,2446.0
Berlin,2016-02,4,13,54.32,52.494,17,106.814,0,0,0,2217.0,229.0,2446.0
Berlin,2016-03,1,30,75.92,137.54500000000002,31,213.46500000000003,0,0,0,2217.0,229.0,2446.0
Berlin,2016-04,2,22,21.15,148.466,24,169.616,0,0,0,2217.0,229.0,2446.0
Berlin,2016-05,3,18,80.9,79.943,21,160.84300000000002,0,0,0,2217.0,229.0,2446.0
Berlin,2016-06,8,26,69.82,122.229,34,192.04899999999998,0,0,0,2217.0,229.0,2446.0
Berlin,2016-07,7,24,62.31,109.10000000000001,31,171.41000000000003,0,0,0,2217.0,229.0,2446.0
Berlin,2016-08,7,32,130.07,131.905,39,261.975,0,0,0,2217.0,229.0,2446.0
Berlin,2016-09,8,27,418.565,159.18,35,577.745,0,0,0,2217.0,229.0,2446.0
Berlin,2016-10,4,17,236.24,85.025,21,321.265,0,0,0,2217.0,229.0,2446.0
Berlin,2016-11,2,20,197.0,109.355,22,306.355,0,0,0,2217.0,229.0,2446.0
Berlin,2016-12,2,9,6.5,36.42,11,42.92,0,0,0,2217.0,229.0,2446.0
Berlin,2017-01,4,22,110.93,151.225,26,262.155,0,0,0,1943.0,203.0,2146.0
Berlin,2017-02,66,13,1450.24,91.336,79,1541.576,0,0,0,1943.0,203.0,2146.0
Berlin,2017-03,11,36,331.395,185.6,47,516.995,0,0,0,1943.0,203.0,2146.0
Berlin,2017-04,13,33,671.66,161.94,46,833.5999999999999,0,0,0,1943.0,203.0,2146.0
Berlin,2017-05,11,36,606.95,183.165,47,790.115,0,0,0,1943.0,203.0,2146.0
Berlin,2017-06,4,51,26.016,250.685,55,276.701,0,0,0,1943.0,203.0,2146.0
Berlin,2017-07,11,30,267.73,173.77,41,441.5,0,0,0,1943.0,203.0,2146.0
Berlin,2017-08,5,40,128.475,209.507,45,337.98199999999997,0,0,0,1943.0,203.0,2146.0
Berlin,2017-09,11,36,299.58,197.50900000000001,47,497.089,0,0,0,1943.0,203.0,2146.0
Berlin,2017-10,5,34,266.68,185.175,39,451.855,0,0,0,1943.0,203.0,2146.0
Berlin,2017-11,18,36,1725.0900000000001,230.98000000000002,54,1956.0700000000002,0,0,0,1943.0,203.0,2146.0
Berlin,2017-12,16,22,879.04,105.485,38,984.525,0,0,0,1943.0,203.0,2146.0
Berlin,2018-01,4,31,46.37,168.01,35,214.38,0,0,0,2101.0,225.0,2326.0
Berlin,2018-02,13,32,474.06,155.685,45,629.745,0,0,0,2101.0,225.0,2326.0
Berlin,2018-03,4,42,54.085,216.291,46,270.376,0,0,0,2101.0,225.0,2326.0
Berlin,2018-04,10,48,308.96,233.68,58,542.64,0,0,0,2101.0,225.0,2326.0
Berlin,2018-05,5,42,227.88,265.225,47,493.105,0,0,0,2101.0,225.0,2326.0
Berlin,2018-06,2,36,31.0,202.232,38,233.232,0,0,0,2101.0,225.0,2326.0
Berlin,2018-07,4,35,247.01,199.691,39,446.701,0,0,0,2101.0,225.0,2326.0
Berlin,2018-08,7,45,118.67,268.84,52,387.51,0,0,0,2101.0,225.0,2326.0
Berlin,2018-09,8,32,131.4,205.825,40,337.225,0,0,0,2101.0,225.0,2326.0
Berlin,2018-10,11,33,512.675,207.755,44,720.43,0,0,0,2101.0,225.0,2326.0
Berlin,2018-11,8,33,451.83000000000004,216.74,41,668.57,0,0,0,2101.0,225.0,2326.0
Berlin,2018-12,16,26,1475.08,186.77,42,1661.85,0,0,0,2101.0,225.0,2326.0
Berlin,2019-01,11,44,429.21,355.16,55,784.37,0,0,0,2144.0,214.0,2358.0
Berlin,2019-02,1,43,66.0,239.49,44,305.49,0,0,0,2144.0,214.0,2358.0
Berlin,2019-03,7,57,250.75,370.21999999999997,64,620.97,0,0,0,2144.0,214.0,2358.0
Berlin,2019-04,10,47,859.86,323.847,57,1183.7069999999999,0,0,0,2144.0,214.0,2358.0
Berlin,2019-05,26,55,840.1,342.851,81,1182.951,0,0,0,2144.0,214.0,2358.0
Berlin,2019-06,7,56,99.99000000000001,372.983,63,472.973,0,0,0,2144.0,214.0,2358.0
Berlin,2019-07,13,67,546.3870000000001,454.236,80,1000.623,0,0,0,2144.0,214.0,2358.0
Berlin,2019-08,8,69,610.52,459.885,77,1070.405,0,0,0,2144.0,214.0,2358.0
Berlin,2019-09,5,57,122.14,365.695,62,487.835,0,0,0,2144.0,214.0,2358.0
Berlin,2019-10,27,54,824.75,365.125,81,1189.875,0,0,0,2144.0,214.0,2358.0
Berlin,2019-11,14,60,649.3299999999999,400.575,74,1049.905,0,0,0,2144.0,214.0,2358.0
Berlin,2019-12,8,48,253.57999999999998,290.395,56,543.9749999999999,0,0,0,2144.0,214.0,2358.0
Berlin,2020-01,15,100,467.15,691.0550000000001,115,1158.205,0,0,0,1589.0,155.0,1744.0
Berlin,2020-02,9,74,300.98,506.221,83,807.201,0,0,0,1589.0,155.0,1744.0
Berlin,2020-03,16,107,435.805,843.295,123,1279.1,0,0,0,1589.0,155.0,1744.0
Berlin,2020-04,9,97,648.0,678.595,106,1326.595,0,0,0,1589.0,155.0,1744.0
Berlin,2020-05,24,90,502.91999999999996,673.468,114,1176.388,0,0,0,1589.0,155.0,1744.0
Berlin,2020-06,21,103,770.51,690.425,124,1460.935,0,0,0,1589.0,155.0,1744.0
Berlin,2020-07,17,116,628.79,726.105,133,1354.895,0,0,0,1589.0,155.0,1744.0
Berlin,2020-08,16,83,604.3100000000001,568.535,99,1172.845,0,0,0,1589.0,155.0,1744.0
Berlin,2020-09,14,114,1052.32,866.9,128,1919.2199999999998,0,0,0,1589.0,155.0,1744.0
Berlin,2020-10,14,108,1260.4,738.393,122,1998.7930000000001,0,0,0,1589.0,155.0,1744.0
Berlin,2020-11,10,134,618.525,889.535,144,1508.06,0,0,0,1589.0,155.0,1744.0
Berlin,2020-12,12,94,523.69,630.995,106,1154.685,0,0,0,1589.0,155.0,1744.0
Berlin,2021-01,31,110,1315.3899999999999,769.038,141,2084.428,0,0,0,1868.0,182.0,2050.0
Berlin,2021-02,15,91,553.96,656.1899999999999,106,1210.15,0,0,0,1868.0,182.0,2050.0
Berlin,2021-03,24,138,1562.522,950.39,162,2512.912,0,0,0,1868.0,182.0,2050.0
Berlin,2021-04,6,110,259.26,852.23,116,1111.49,0,0,0,1868.0,182.0,2050.0
Berlin,2021-05,6,123,358.71,873.841,129,1232.551,0,0,0,1868.0,182.0,2050.0
Berlin,2021-06,15,138,625.7,1062.057,153,1687.757,0,0,0,1868.0,182.0,2050.0
Berlin,2021-07,28,121,785.4300000000001,833.882,149,1619.312,0,0,0,1868.0,182.0,2050.0
Berlin,2021-08,18,119,582.66,826.0,137,1408.6599999999999,0,0,0,1868.0,182.0,2050.0
Berlin,2021-09,28,157,1674.18,1164.43,185,2838.61,0,0,0,1868.0,182.0,2050.0
Berlin,2021-10,13,166,617.3,1339.85,179,1957.1499999999999,0,0,0,1868.0,182.0,2050.0
Berlin,2021-11,44,158,2236.18,1116.76,202,3352.9399999999996,0,0,0,1868.0,182.0,2050.0
Berlin,2021-12,3,112,608.9,860.439,115,1469.339,0,0,0,1868.0,182.0,2050.0
Berlin,2022-01,11,155,806.01,1158.097,166,1964.107,0,0,0,1570.0,187.0,1757.0
Berlin,2022-02,12,147,381.66,1013.673,159,1395.333,0,0,0,1570.0,187.0,1757.0
Berlin,2022-03,21,200,954.0,1359.54,221,2313.54,0,0,0,1570.0,187.0,1757.0
Berlin,2022-04,12,153,258.90000000000003,1095.893,165,1354.7930000000001,0,0,0,1570.0,187.0,1757.0
Berlin,2022-05,4,215,228.55,1589.81,219,1818.36,0,0,0,1570.0,187.0,1757.0
Berlin,2022-06,14,193,392.32,1458.66,207,1850.98,0,0,0,1570.0,187.0,1757.0
Berlin,2022-07,15,179,527.55,1348.211,194,1875.761,0,0,0,1570.0,187.0,1757.0
Berlin,2022-08,20,286,928.88,2154.393,306,3083.273,0,0,0,1570.0,187.0,1757.0
Berlin,2022-09,35,250,1424.78,1942.3700000000001,285,3367.15,0,0,0,1570.0,187.0,1757.0
Berlin,2022-10,23,221,781.925,1765.06,244,2546.9849999999997,0,0,0,1570.0,187.0,1757.0
Berlin,2022-11,35,276,1336.995,2162.791,311,3499.786,0,0,0,1570.0,187.0,1757.0
Berlin,2022-12,25,183,2134.0,1407.835,208,3541.835,0,0,0,1570.0,187.0,1757.0
Berlin,2023-01,20,448,2114.611,3529.611,468,5644.222,1,1,2,1436.0,201.0,1637.0
Berlin,2023-02,41,415,1609.68,3187.568,456,4797.2480000000005,1,1,2,1436.0,201.0,1637.0
Berlin,2023-03,24,517,1504.67,3977.556,541,5482.226000000001,1,1,2,1436.0,201.0,1637.0
Berlin,2023-04,23,438,928.7,3519.634,461,4448.334,1,1,2,1436.0,201.0,1637.0
Berlin,2023-05,29,592,890.23,4574.658,621,5464.888000000001,1,1,2,1436.0,201.0,1637.0
Berlin,2023-06,45,654,2074.43,4938.9890000000005,699,7013.419,1,1,2,1436.0,201.0,1637.0
Berlin,2023-07,41,677,1238.78,5253.339,718,6492.119,1,1,2,1436.0,201.0,1637.0
Berlin,2023-08,22,653,962.39,5161.585,675,6123.975,1,1,2,1436.0,201.0,1637.0
Berlin,2023-09,42,639,2754.54,5132.311,681,7886.851,1,1,2,1436.0,201.0,1637.0
Berlin,2023-10,28,543,812.385,4162.9619999999995,571,4975.347,1,1,2,1436.0,201.0,1637.0
Berlin,2023-11,57,627,4126.29,5038.843,684,9165.133,1,1,2,1436.0,201.0,1637.0
Berlin,2023-12,39,381,4340.1,3032.116,420,7372.216,1,1,2,1436.0,201.0,1637.0
Berlin,2024-01,58,408,3751.99,4335.705,466,8087.695,1,1,2,1555.0,173.0,1728.0
Berlin,2024-02,22,453,984.528,3560.366,475,4544.894,1,1,2,1555.0,173.0,1728.0
Berlin,2024-03,17,473,3634.25,3726.431,490,7360.6810000000005,1,1,2,1555.0,173.0,1728.0
Berlin,2024-04,48,481,2009.07,3682.4,529,5691.47,1,1,2,1555.0,173.0,1728.0
Berlin,2024-05,53,504,1372.37,4023.707,557,5396.076999999999,1,1,2,1555.0,173.0,1728.0
Berlin,2024-06,65,517,3891.315,3952.15,582,7843.465,1,1,2,1555.0,173.0,1728.0
Berlin,2024-07,61,553,2723.99,4557.514,614,7281.504,1,1,2,1555.0,173.0,1728.0
Berlin,2024-08,39,414,1273.16,3244.841,453,4518.001,1,1,2,1555.0,173.0,1728.0
Berlin,2024-09,56,465,3737.02,3631.35,521,7368.37,1,1,2,1555.0,173.0,1728.0
Berlin,2024-10,60,480,2085.625,3929.651,540,6015.276,1,1,2,1555.0,173.0,1728.0
Berlin,2024-11,137,405,5305.87,3384.854,542,8690.724,1,1,2,1555.0,173.0,1728.0
Berlin,2024-12,173,439,10466.41,3727.515,612,14193.925,1,1,2,1555.0,173.0,1728.0
Berlin,2025-01,119,359,7768.47,3164.484,478,10932.954,1,1,2,1155.0,168.0,1323.0
Berlin,2025-02,117,281,4080.205,2395.591,398,6475.796,1,1,2,1155.0,168.0,1323.0
Berlin,2025-03,32,327,1502.13,2566.069,359,4068.199,1,1,2,1155.0,168.0,1323.0
Berlin,2025-04,39,358,1632.31,3163.635,397,4795.945,1,1,2,1155.0,168.0,1323.0
Berlin,2025-05,53,394,2128.1,3556.228,447,5684.3279999999995,1,1,2,1155.0,168.0,1323.0
Berlin,2025-06,47,400,1045.505,3178.962,447,4224.467000000001,1,1,2,1155.0,168.0,1323.0
Berlin,2025-07,90,494,5825.43,4650.911,584,10476.341,1,1,2,1155.0,168.0,1323.0
Berlin,2025-08,63,315,1921.195,2780.856,378,4702.051,1,1,2,1155.0,168.0,1323.0
Berlin,2025-09,89,396,3059.5789999999997,3213.985,485,6273.564,1,1,2,1155.0,168.0,1323.0
Berlin,2025-10,94,368,3594.24,3267.37,462,6861.61,1,1,2,1155.0,168.0,1323.0
Berlin,2025-11,71,369,3074.235,3121.733,440,6195.968000000001,1,1,2,1155.0,168.0,1323.0
Berlin,2025-12,77,294,2922.65,2836.055,371,5758.705,1,1,2,1155.0,168.0,1323.0
Brandenburg,2015-01,16,76,2468.19,627.808,92,3095.998,0,0,0,5519.0,642.0,6161.0
Brandenburg,2015-02,6,61,337.6,676.981,67,1014.581,0,0,0,5519.0,642.0,6161.0
Brandenburg,2015-03,24,102,560.495,923.785,126,1484.28,0,0,0,5519.0,642.0,6161.0
Brandenburg,2015-04,13,106,266.92,856.824,119,1123.744,0,0,0,5519.0,642.0,6161.0
Brandenburg,2015-05,17,113,1162.64,922.486,130,2085.126,0,0,0,5519.0,642.0,6161.0
Brandenburg,2015-06,18,123,840.6,1068.9950000000001,141,1909.5950000000003,0,0,0,5519.0,642.0,6161.0
Brandenburg,2015-07,14,129,1292.075,1113.2250000000001,143,2405.3,0,0,0,5519.0,642.0,6161.0
Brandenburg,2015-08,16,139,342.26,907.65,155,1249.9099999999999,0,0,0,5519.0,642.0,6161.0
Brandenburg,2015-09,14,131,1504.31,756.833,145,2261.143,0,0,0,5519.0,642.0,6161.0
Brandenburg,2015-10,13,127,588.396,683.965,140,1272.3609999999999,0,0,0,5519.0,642.0,6161.0
Brandenburg,2015-11,12,122,1179.475,632.475,134,1811.9499999999998,0,0,0,5519.0,642.0,6161.0
Brandenburg,2015-12,20,107,1668.92,2250.66,127,3919.58,0,0,0,5519.0,642.0,6161.0
Brandenburg,2016-01,11,95,1692.32,559.4399999999999,106,2251.7599999999998,0,0,0,6159.0,622.0,6781.0
Brandenburg,2016-02,12,88,1292.3200000000002,526.692,100,1819.0120000000002,0,0,0,6159.0,622.0,6781.0
Brandenburg,2016-03,18,116,4921.639999999999,3802.9100000000003,134,8724.55,0,0,0,6159.0,622.0,6781.0
Brandenburg,2016-04,17,143,2691.596,1539.868,160,4231.464,0,0,0,6159.0,622.0,6781.0
Brandenburg,2016-05,17,151,1923.045,1547.855,168,3470.9,0,0,0,6159.0,622.0,6781.0
Brandenburg,2016-06,17,159,1338.1299999999999,975.085,176,2313.215,0,0,0,6159.0,622.0,6781.0
Brandenburg,2016-07,18,153,2731.635,1076.506,171,3808.1410000000005,0,0,0,6159.0,622.0,6781.0
Brandenburg,2016-08,27,133,2453.6549999999997,1114.26,160,3567.915,0,0,0,6159.0,622.0,6781.0
Brandenburg,2016-09,18,167,3338.16,951.71,185,4289.87,0,0,0,6159.0,622.0,6781.0
Brandenburg,2016-10,17,131,1188.83,734.641,148,1923.471,0,0,0,6159.0,622.0,6781.0
Brandenburg,2016-11,20,129,1072.55,732.318,149,1804.868,0,0,0,6159.0,622.0,6781.0
Brandenburg,2016-12,38,74,21316.63,2465.16,112,23781.79,0,0,0,6159.0,622.0,6781.0
Brandenburg,2017-01,10,101,125.23,542.377,111,667.607,0,0,0,5643.0,671.0,6314.0
Brandenburg,2017-02,27,99,2452.03,1696.065,126,4148.095,0,0,0,5643.0,671.0,6314.0
Brandenburg,2017-03,29,205,2803.515,1581.069,234,4384.584,0,0,0,5643.0,671.0,6314.0
Brandenburg,2017-04,31,177,4316.01,1698.72,208,6014.7300000000005,0,0,0,5643.0,671.0,6314.0
Brandenburg,2017-05,26,180,5079.515,3067.877,206,8147.392,0,0,0,5643.0,671.0,6314.0
Brandenburg,2017-06,18,202,2187.08,1539.19,220,3726.27,0,0,0,5643.0,671.0,6314.0
Brandenburg,2017-07,23,178,2616.95,1917.105,201,4534.055,0,0,0,5643.0,671.0,6314.0
Brandenburg,2017-08,24,176,3350.035,1067.7,200,4417.735,0,0,0,5643.0,671.0,6314.0
Brandenburg,2017-09,18,166,1895.085,1020.817,184,2915.902,0,0,0,5643.0,671.0,6314.0
Brandenburg,2017-10,29,139,4778.405,1735.536,168,6513.941,0,0,0,5643.0,671.0,6314.0
Brandenburg,2017-11,17,158,2348.325,1070.32,175,3418.6449999999995,0,0,0,5643.0,671.0,6314.0
Brandenburg,2017-12,15,95,2169.765,722.975,110,2892.74,0,0,0,5643.0,671.0,6314.0
Brandenburg,2018-01,75,174,17632.065,2383.083,249,20015.147999999997,0,0,0,5859.0,610.0,6469.0
Brandenburg,2018-02,28,105,6526.175,890.543,133,7416.718,0,0,0,5859.0,610.0,6469.0
Brandenburg,2018-03,26,160,4734.29,1398.692,186,6132.982,0,0,0,5859.0,610.0,6469.0
Brandenburg,2018-04,44,221,12264.21,2396.155,265,14660.365,0,0,0,5859.0,610.0,6469.0
Brandenburg,2018-05,28,222,3642.665,3678.97,250,7321.635,0,0,0,5859.0,610.0,6469.0
Brandenburg,2018-06,47,232,10755.9,3123.619,279,13879.519,0,0,0,5859.0,610.0,6469.0
Brandenburg,2018-07,61,210,15093.508,2553.862,271,17647.37,0,0,0,5859.0,610.0,6469.0
Brandenburg,2018-08,49,204,12062.525,2172.463,253,14234.988,0,0,0,5859.0,610.0,6469.0
Brandenburg,2018-09,42,187,10338.082,2417.31,229,12755.392,0,0,0,5859.0,610.0,6469.0
Brandenburg,2018-10,46,197,10414.34,1782.031,243,12196.371,0,0,0,5859.0,610.0,6469.0
Brandenburg,2018-11,41,190,8398.405,1664.795,231,10063.2,0,0,0,5859.0,610.0,6469.0
Brandenburg,2018-12,39,97,9110.27,1772.375,136,10882.645,0,0,0,5859.0,610.0,6469.0
Brandenburg,2019-01,175,248,48516.322,11594.695,423,60111.017,0,0,0,5714.0,578.0,6292.0
Brandenburg,2019-02,59,177,16894.169,2503.525,236,19397.694000000003,0,0,0,5714.0,578.0,6292.0
Brandenburg,2019-03,56,272,15348.006,3636.82,328,18984.826,0,0,0,5714.0,578.0,6292.0
Brandenburg,2019-04,46,270,4837.62,2951.786,316,7789.406,0,0,0,5714.0,578.0,6292.0
Brandenburg,2019-05,43,266,6195.81,2385.475,309,8581.285,0,0,0,5714.0,578.0,6292.0
Brandenburg,2019-06,47,277,6380.805,3348.4100000000003,324,9729.215,0,0,0,5714.0,578.0,6292.0
Brandenburg,2019-07,53,312,9275.685,2994.8,365,12270.485,0,0,0,5714.0,578.0,6292.0
Brandenburg,2019-08,42,349,7687.303,3975.275,391,11662.578,0,0,0,5714.0,578.0,6292.0
Brandenburg,2019-09,73,317,16556.405,3046.4049999999997,390,19602.809999999998,0,0,0,5714.0,578.0,6292.0
Brandenburg,2019-10,48,334,10947.49,3328.897,382,14276.386999999999,0,0,0,5714.0,578.0,6292.0
Brandenburg,2019-11,29,300,4818.495,3766.794,329,8585.289,0,0,0,5714.0,578.0,6292.0
Brandenburg,2019-12,35,204,4005.1200000000003,2026.32,239,6031.4400000000005,0,0,0,5714.0,578.0,6292.0
Brandenburg,2020-01,96,387,14668.55,6093.79,483,20762.34,0,0,0,5545.0,575.0,6120.0
Brandenburg,2020-02,55,320,9186.91,5713.077,375,14899.987000000001,0,0,0,5545.0,575.0,6120.0
Brandenburg,2020-03,50,415,9034.31,4560.926,465,13595.236,0,0,0,5545.0,575.0,6120.0
Brandenburg,2020-04,73,426,10676.956,5260.52,499,15937.476,0,0,0,5545.0,575.0,6120.0
Brandenburg,2020-05,50,457,9180.15,3745.629,507,12925.778999999999,0,0,0,5545.0,575.0,6120.0
Brandenburg,2020-06,70,484,10678.204,5020.608,554,15698.812,0,0,0,5545.0,575.0,6120.0
Brandenburg,2020-07,69,547,9574.156,5253.024,616,14827.18,0,0,0,5545.0,575.0,6120.0
Brandenburg,2020-08,62,459,8369.315,4482.716,521,12852.031,0,0,0,5545.0,575.0,6120.0
Brandenburg,2020-09,57,540,8936.96,6035.323,597,14972.283,0,0,0,5545.0,575.0,6120.0
Brandenburg,2020-10,67,483,7279.845,4700.578,550,11980.423,0,0,0,5545.0,575.0,6120.0
Brandenburg,2020-11,55,508,9121.495,5152.54,563,14274.035,0,0,0,5545.0,575.0,6120.0
Brandenburg,2020-12,48,355,7036.356,4184.302,403,11220.658,0,0,0,5545.0,575.0,6120.0
Brandenburg,2021-01,60,460,8368.75,5576.965,520,13945.715,0,0,0,5842.0,563.0,6405.0
Brandenburg,2021-02,32,367,5588.108,3109.32,399,8697.428,0,0,0,5842.0,563.0,6405.0
Brandenburg,2021-03,80,624,18102.554,7782.351,704,25884.905,0,0,0,5842.0,563.0,6405.0
Brandenburg,2021-04,49,542,3357.755,5542.56,591,8900.315,0,0,0,5842.0,563.0,6405.0
Brandenburg,2021-05,40,563,2039.965,5239.899,603,7279.8640000000005,0,0,0,5842.0,563.0,6405.0
Brandenburg,2021-06,58,581,3810.0950000000003,5188.816,639,8998.911,0,0,0,5842.0,563.0,6405.0
Brandenburg,2021-07,51,563,4596.655,4759.796,614,9356.451000000001,0,0,0,5842.0,563.0,6405.0
Brandenburg,2021-08,61,530,4799.150000000001,4613.339,591,9412.489000000001,0,0,0,5842.0,563.0,6405.0
Brandenburg,2021-09,47,605,3314.7599999999998,5048.18,652,8362.94,0,0,0,5842.0,563.0,6405.0
Brandenburg,2021-10,46,597,2504.535,4885.986,643,7390.521,0,0,0,5842.0,563.0,6405.0
Brandenburg,2021-11,42,571,1815.88,4953.736,613,6769.616,0,0,0,5842.0,563.0,6405.0
Brandenburg,2021-12,39,397,4824.66,3715.1389999999997,436,8539.798999999999,0,0,0,5842.0,563.0,6405.0
Brandenburg,2022-01,66,640,8239.601,5736.09,706,13975.691,0,0,0,5176.0,622.0,5798.0
Brandenburg,2022-02,38,604,3803.3450000000003,5227.739,642,9031.083999999999,0,0,0,5176.0,622.0,5798.0
Brandenburg,2022-03,61,912,8562.879,9600.513,973,18163.392,0,0,0,5176.0,622.0,5798.0
Brandenburg,2022-04,29,752,758.9,5859.261,781,6618.161,0,0,0,5176.0,622.0,5798.0
Brandenburg,2022-05,58,825,3800.255,6845.824,883,10646.079,0,0,0,5176.0,622.0,5798.0
Brandenburg,2022-06,59,924,4448.475,7240.711,983,11689.186000000002,0,0,0,5176.0,622.0,5798.0
Brandenburg,2022-07,42,787,5570.315,6993.647,829,12563.962,0,0,0,5176.0,622.0,5798.0
Brandenburg,2022-08,60,1168,8068.44,9886.772,1228,17955.212,0,0,0,5176.0,622.0,5798.0
Brandenburg,2022-09,50,1154,6444.5,9510.382,1204,15954.882,0,0,0,5176.0,622.0,5798.0
Brandenburg,2022-10,45,959,3123.332,7869.9220000000005,1004,10993.254,0,0,0,5176.0,622.0,5798.0
Brandenburg,2022-11,47,1061,3524.66,8602.98,1108,12127.64,0,0,0,5176.0,622.0,5798.0
Brandenburg,2022-12,41,559,4647.937,4620.558,600,9268.494999999999,0,0,0,5176.0,622.0,5798.0
Brandenburg,2023-01,96,1687,9255.725,17879.992,1783,27135.716999999997,0,0,0,5517.0,648.0,6165.0
Brandenburg,2023-02,57,1569,3233.29,13792.63,1626,17025.92,0,0,0,5517.0,648.0,6165.0
Brandenburg,2023-03,94,1992,4068.81,17027.176,2086,21095.986,0,0,0,5517.0,648.0,6165.0
Brandenburg,2023-04,72,1836,9213.054,15321.654,1908,24534.708,0,0,0,5517.0,648.0,6165.0
Brandenburg,2023-05,96,2403,6588.845,19651.648,2499,26240.493000000002,0,0,0,5517.0,648.0,6165.0
Brandenburg,2023-06,100,2643,3688.44,23572.462,2743,27260.902,0,0,0,5517.0,648.0,6165.0
Brandenburg,2023-07,92,2480,8948.43,20256.93,2572,29205.36,0,0,0,5517.0,648.0,6165.0
Brandenburg,2023-08,76,2395,5792.015,19545.709,2471,25337.724,0,0,0,5517.0,648.0,6165.0
Brandenburg,2023-09,72,2502,6796.479,20330.583,2574,27127.061999999998,0,0,0,5517.0,648.0,6165.0
Brandenburg,2023-10,68,2090,4829.39,17159.111,2158,21988.501,0,0,0,5517.0,648.0,6165.0
Brandenburg,2023-11,82,2073,9279.85,18349.903,2155,27629.752999999997,0,0,0,5517.0,648.0,6165.0
Brandenburg,2023-12,82,1356,15459.119999999999,13428.146999999999,1438,28887.267,0,0,0,5517.0,648.0,6165.0
Brandenburg,2024-01,161,1617,20158.867,15790.875,1778,35949.742,0,0,0,4351.0,577.0,4928.0
Brandenburg,2024-02,73,1490,10891.76,12290.234,1563,23181.994,0,0,0,4351.0,577.0,4928.0
Brandenburg,2024-03,91,1666,5637.633,13307.24,1757,18944.873,0,0,0,4351.0,577.0,4928.0
Brandenburg,2024-04,109,1834,8855.12,18254.018,1943,27109.138,0,0,0,4351.0,577.0,4928.0
Brandenburg,2024-05,119,1893,8604.445,15564.809,2012,24169.254,0,0,0,4351.0,577.0,4928.0
Brandenburg,2024-06,144,1786,12839.925,15601.229,1930,28441.154,1,0,1,4351.0,577.0,4928.0
Brandenburg,2024-07,123,1908,16217.914999999999,17076.433,2031,33294.348,1,0,1,4351.0,577.0,4928.0
Brandenburg,2024-08,97,1387,6693.13,11710.896,1484,18404.026,1,0,1,4351.0,577.0,4928.0
Brandenburg,2024-09,96,1486,7581.52,12799.64,1582,20381.16,1,0,1,4351.0,577.0,4928.0
Brandenburg,2024-10,80,1472,6844.66,13021.57,1552,19866.23,1,0,1,4351.0,577.0,4928.0
Brandenburg,2024-11,98,1440,7194.505,12700.444,1538,19894.949,1,0,1,4351.0,577.0,4928.0
Brandenburg,2024-12,165,1269,17515.7,15089.153,1434,32604.853000000003,1,0,1,4351.0,577.0,4928.0
Brandenburg,2025-01,152,1260,23884.342,16203.046,1412,40087.388,1,0,1,3154.0,515.0,3669.0
Brandenburg,2025-02,87,1006,8326.735,10253.532,1093,18580.267,1,0,1,3154.0,515.0,3669.0
Brandenburg,2025-03,80,1003,5191.925,8800.186,1083,13992.111,1,0,1,3154.0,515.0,3669.0
Brandenburg,2025-04,73,1164,6577.88,10733.625,1237,17311.505,1,0,1,3154.0,515.0,3669.0
Brandenburg,2025-05,91,1163,11998.65,11292.971,1254,23291.621,1,0,1,3154.0,515.0,3669.0
Brandenburg,2025-06,119,1086,8690.865,9835.896,1205,18526.761,1,0,1,3154.0,515.0,3669.0
Brandenburg,2025-07,86,1279,9998.0,13207.566,1365,23205.566,1,0,1,3154.0,515.0,3669.0
Brandenburg,2025-08,90,891,8415.84,7535.493,981,15951.333,1,0,1,3154.0,515.0,3669.0
Brandenburg,2025-09,61,994,6222.415,8937.277,1055,15159.692,1,0,1,3154.0,515.0,3669.0
Brandenburg,2025-10,49,916,3122.12,8246.452,965,11368.572,1,0,1,3154.0,515.0,3669.0
Brandenburg,2025-11,67,877,11716.095000000001,8007.268,944,19723.363,1,0,1,3154.0,515.0,3669.0
Brandenburg,2025-12,77,804,12604.94,9281.97,881,21886.91,1,0,1,3154.0,515.0,3669.0
Bremen,2015-01,0,3,0.0,37.5,3,37.5,0,0,0,566.0,102.0,668.0
Bremen,2015-02,0,3,0.0,11.02,3,11.02,0,0,0,566.0,102.0,668.0
Bremen,2015-03,0,5,0.0,25.32,5,25.32,0,0,0,566.0,102.0,668.0
Bremen,2015-04,1,2,68.25,8.38,3,76.63,0,0,0,566.0,102.0,668.0
Bremen,2015-05,1,4,41.0,14.450000000000001,5,55.45,0,0,0,566.0,102.0,668.0
Bremen,2015-06,2,5,48.89,31.2,7,80.09,0,0,0,566.0,102.0,668.0
Bremen,2015-07,3,4,242.84,17.67,7,260.51,0,0,0,566.0,102.0,668.0
Bremen,2015-08,0,5,0.0,54.22,5,54.22,0,0,0,566.0,102.0,668.0
Bremen,2015-09,0,2,0.0,12.16,2,12.16,0,0,0,566.0,102.0,668.0
Bremen,2015-10,4,5,51.980000000000004,39.730000000000004,9,91.71000000000001,0,0,0,566.0,102.0,668.0
Bremen,2015-11,1,4,315.0,14.56,5,329.56,0,0,0,566.0,102.0,668.0
Bremen,2015-12,4,3,534.88,77.22,7,612.1,0,0,0,566.0,102.0,668.0
Bremen,2016-01,0,6,0.0,41.46,6,41.46,0,0,0,528.0,121.0,649.0
Bremen,2016-02,0,6,0.0,31.85,6,31.85,0,0,0,528.0,121.0,649.0
Bremen,2016-03,1,3,29.15,14.0,4,43.15,0,0,0,528.0,121.0,649.0
Bremen,2016-04,1,4,9.36,15.59,5,24.95,0,0,0,528.0,121.0,649.0
Bremen,2016-05,2,2,54.4,16.0,4,70.4,0,0,0,528.0,121.0,649.0
Bremen,2016-06,2,6,31.1,35.410000000000004,8,66.51,0,0,0,528.0,121.0,649.0
Bremen,2016-07,3,3,289.03,21.064999999999998,6,310.09499999999997,0,0,0,528.0,121.0,649.0
Bremen,2016-08,2,4,60.0,26.98,6,86.98,0,0,0,528.0,121.0,649.0
Bremen,2016-09,2,5,44.6,46.65,7,91.25,0,0,0,528.0,121.0,649.0
Bremen,2016-10,2,2,22.0,10.5,4,32.5,0,0,0,528.0,121.0,649.0
Bremen,2016-11,2,1,19.34,9.84,3,29.18,0,0,0,528.0,121.0,649.0
Bremen,2016-12,2,4,62.25,30.689999999999998,6,92.94,0,0,0,528.0,121.0,649.0
Bremen,2017-01,2,1,17.380000000000003,5.0,3,22.380000000000003,0,0,0,655.0,115.0,770.0
Bremen,2017-02,1,7,5.0,37.339999999999996,8,42.339999999999996,0,0,0,655.0,115.0,770.0
Bremen,2017-03,0,5,0.0,25.4,5,25.4,0,0,0,655.0,115.0,770.0
Bremen,2017-04,2,6,36.54,27.009999999999998,8,63.55,0,0,0,655.0,115.0,770.0
Bremen,2017-05,2,4,17.92,35.03,6,52.95,0,0,0,655.0,115.0,770.0
Bremen,2017-06,2,6,67.8,141.4,8,209.2,0,0,0,655.0,115.0,770.0
Bremen,2017-07,1,6,11.0,56.67999999999999,7,67.67999999999999,0,0,0,655.0,115.0,770.0
Bremen,2017-08,2,3,22.0,19.71,5,41.71,0,0,0,655.0,115.0,770.0
Bremen,2017-09,1,4,9.9,25.310000000000002,5,35.21,0,0,0,655.0,115.0,770.0
Bremen,2017-10,2,3,33.0,12.6,5,45.6,0,0,0,655.0,115.0,770.0
Bremen,2017-11,3,4,148.22,25.0,7,173.22,0,0,0,655.0,115.0,770.0
Bremen,2017-12,2,1,20.0,50.4,3,70.4,0,0,0,655.0,115.0,770.0
Bremen,2018-01,2,2,167.0,11.0,4,178.0,0,0,0,479.0,109.0,588.0
Bremen,2018-02,1,8,5.76,44.513999999999996,9,50.273999999999994,0,0,0,479.0,109.0,588.0
Bremen,2018-03,2,6,153.33,38.599999999999994,8,191.93,0,0,0,479.0,109.0,588.0
Bremen,2018-04,2,4,81.0,37.2,6,118.2,0,0,0,479.0,109.0,588.0
Bremen,2018-05,1,4,16.2,30.740000000000002,5,46.94,0,0,0,479.0,109.0,588.0
Bremen,2018-06,4,4,228.55,21.619999999999997,8,250.17000000000002,0,0,0,479.0,109.0,588.0
Bremen,2018-07,0,5,0.0,63.2,5,63.2,0,0,0,479.0,109.0,588.0
Bremen,2018-08,3,6,142.43,30.71,9,173.14000000000001,0,0,0,479.0,109.0,588.0
Bremen,2018-09,6,8,165.48000000000002,55.175,14,220.65500000000003,0,0,0,479.0,109.0,588.0
Bremen,2018-10,3,9,242.5,46.32,12,288.82,0,0,0,479.0,109.0,588.0
Bremen,2018-11,4,4,50.42,44.88,8,95.30000000000001,0,0,0,479.0,109.0,588.0
Bremen,2018-12,1,3,50.0,20.9,4,70.9,0,0,0,479.0,109.0,588.0
Bremen,2019-01,6,11,216.28,62.07,17,278.35,0,0,0,387.0,117.0,504.0
Bremen,2019-02,3,4,60.4,534.5,7,594.9,0,0,0,387.0,117.0,504.0
Bremen,2019-03,2,10,98.525,58.66,12,157.185,0,0,0,387.0,117.0,504.0
Bremen,2019-04,1,10,5.5,150.83999999999997,11,156.33999999999997,0,0,0,387.0,117.0,504.0
Bremen,2019-05,3,7,62.6,67.44,10,130.04,0,0,0,387.0,117.0,504.0
Bremen,2019-06,6,13,488.15999999999997,66.67999999999999,19,554.8399999999999,0,0,0,387.0,117.0,504.0
Bremen,2019-07,1,9,120.0,57.3,10,177.3,0,0,0,387.0,117.0,504.0
Bremen,2019-08,1,10,9.6,65.11500000000001,11,74.715,0,0,0,387.0,117.0,504.0
Bremen,2019-09,0,9,0.0,396.08,9,396.08,0,0,0,387.0,117.0,504.0
Bremen,2019-10,3,4,78.88,23.455000000000002,7,102.335,0,0,0,387.0,117.0,504.0
Bremen,2019-11,4,7,610.2,46.1,11,656.3000000000001,0,0,0,387.0,117.0,504.0
Bremen,2019-12,3,9,46.6,108.21,12,154.81,0,0,0,387.0,117.0,504.0
Bremen,2020-01,2,19,22.0,182.775,21,204.775,0,0,0,470.0,108.0,578.0
Bremen,2020-02,5,22,180.66,171.875,27,352.53499999999997,0,0,0,470.0,108.0,578.0
Bremen,2020-03,4,12,262.115,387.6,16,649.715,0,0,0,470.0,108.0,578.0
Bremen,2020-04,4,24,243.97000000000003,163.09,28,407.06000000000006,0,0,0,470.0,108.0,578.0
Bremen,2020-05,1,11,195.975,81.67,12,277.645,0,0,0,470.0,108.0,578.0
Bremen,2020-06,3,23,61.65,163.623,26,225.273,0,0,0,470.0,108.0,578.0
Bremen,2020-07,1,21,7.0,159.025,22,166.025,0,0,0,470.0,108.0,578.0
Bremen,2020-08,4,29,60.64,229.78,33,290.42,0,0,0,470.0,108.0,578.0
Bremen,2020-09,7,28,169.64,188.05,35,357.69,0,0,0,470.0,108.0,578.0
Bremen,2020-10,3,20,72.3,120.54,23,192.84,0,0,0,470.0,108.0,578.0
Bremen,2020-11,5,20,498.3,135.54500000000002,25,633.845,0,0,0,470.0,108.0,578.0
Bremen,2020-12,6,12,256.24,105.06,18,361.3,0,0,0,470.0,108.0,578.0
Bremen,2021-01,4,15,293.5,101.92,19,395.42,0,0,0,298.0,83.0,381.0
Bremen,2021-02,5,26,763.61,198.785,31,962.395,0,0,0,298.0,83.0,381.0
Bremen,2021-03,13,21,2191.5,155.99,34,2347.49,0,0,0,298.0,83.0,381.0
Bremen,2021-04,4,11,182.7,72.845,15,255.545,0,0,0,298.0,83.0,381.0
Bremen,2021-05,6,22,346.18,167.441,28,513.621,0,0,0,298.0,83.0,381.0
Bremen,2021-06,6,22,193.65000000000003,146.76,28,340.41,0,0,0,298.0,83.0,381.0
Bremen,2021-07,5,19,245.46,134.15,24,379.61,0,0,0,298.0,83.0,381.0
Bremen,2021-08,2,17,360.0,115.0,19,475.0,0,0,0,298.0,83.0,381.0
Bremen,2021-09,1,25,19.04,183.67000000000002,26,202.71,0,0,0,298.0,83.0,381.0
Bremen,2021-10,1,21,7.0,183.541,22,190.541,0,0,0,298.0,83.0,381.0
Bremen,2021-11,6,31,243.3,215.66,37,458.96000000000004,0,0,0,298.0,83.0,381.0
Bremen,2021-12,5,15,223.26,133.85,20,357.11,0,0,0,298.0,83.0,381.0
Bremen,2022-01,3,19,66.4,134.03,22,200.43,0,0,0,293.0,83.0,376.0
Bremen,2022-02,4,31,139.64,219.215,35,358.855,0,0,0,293.0,83.0,376.0
Bremen,2022-03,7,53,269.08,358.335,60,627.415,0,0,0,293.0,83.0,376.0
Bremen,2022-04,3,44,358.51,309.65,47,668.16,0,0,0,293.0,83.0,376.0
Bremen,2022-05,3,32,135.1,232.365,35,367.46500000000003,0,0,0,293.0,83.0,376.0
Bremen,2022-06,3,60,146.36,465.175,63,611.5350000000001,0,0,0,293.0,83.0,376.0
Bremen,2022-07,11,48,236.97,342.295,59,579.265,0,0,0,293.0,83.0,376.0
Bremen,2022-08,4,40,147.1,309.537,44,456.63699999999994,0,0,0,293.0,83.0,376.0
Bremen,2022-09,12,46,653.34,328.67,58,982.01,0,0,0,293.0,83.0,376.0
Bremen,2022-10,4,31,110.92000000000002,250.825,35,361.745,0,0,0,293.0,83.0,376.0
Bremen,2022-11,2,44,115.935,342.77,46,458.705,0,0,0,293.0,83.0,376.0
Bremen,2022-12,4,26,173.03,180.44,30,353.47,0,0,0,293.0,83.0,376.0
Bremen,2023-01,6,83,357.76,632.18,89,989.9399999999999,0,0,0,248.0,87.0,335.0
Bremen,2023-02,11,91,954.03,910.731,102,1864.761,0,0,0,248.0,87.0,335.0
Bremen,2023-03,11,100,654.5,766.04,111,1420.54,0,0,0,248.0,87.0,335.0
Bremen,2023-04,5,104,136.44,803.043,109,939.483,0,0,0,248.0,87.0,335.0
Bremen,2023-05,3,138,37.2,1033.256,141,1070.4560000000001,0,0,0,248.0,87.0,335.0
Bremen,2023-06,9,140,324.40999999999997,940.284,149,1264.694,0,0,0,248.0,87.0,335.0
Bremen,2023-07,8,146,501.06,1206.46,154,1707.52,0,0,0,248.0,87.0,335.0
Bremen,2023-08,14,182,1186.3899999999999,1327.946,196,2514.336,0,0,0,248.0,87.0,335.0
Bremen,2023-09,7,107,643.46,1153.501,114,1796.961,0,0,0,248.0,87.0,335.0
Bremen,2023-10,10,146,6989.249999999999,1109.545,156,8098.794999999999,0,0,0,248.0,87.0,335.0
Bremen,2023-11,10,138,921.7349999999999,983.2819999999999,148,1905.0169999999998,0,0,0,248.0,87.0,335.0
Bremen,2023-12,30,151,3416.085,1191.662,181,4607.747,0,0,0,248.0,87.0,335.0
Bremen,2024-01,13,179,1127.6599999999999,1390.474,192,2518.134,0,0,0,254.0,105.0,359.0
Bremen,2024-02,16,196,373.37,1518.6109999999999,212,1891.9809999999998,0,0,0,254.0,105.0,359.0
Bremen,2024-03,26,267,981.52,2068.992,293,3050.512,0,0,0,254.0,105.0,359.0
Bremen,2024-04,19,256,612.2,1828.245,275,2440.4449999999997,0,0,0,254.0,105.0,359.0
Bremen,2024-05,21,154,3430.3,1152.27,175,4582.57,0,0,0,254.0,105.0,359.0
Bremen,2024-06,24,186,950.915,1416.648,210,2367.563,0,0,0,254.0,105.0,359.0
Bremen,2024-07,28,178,1302.02,1277.69,206,2579.71,0,0,0,254.0,105.0,359.0
Bremen,2024-08,27,206,911.11,1527.44,233,2438.55,0,0,0,254.0,105.0,359.0
Bremen,2024-09,16,165,892.04,1220.1,181,2112.14,0,0,0,254.0,105.0,359.0
Bremen,2024-10,22,165,2791.25,1335.165,187,4126.415,0,0,0,254.0,105.0,359.0
Bremen,2024-11,9,123,428.03999999999996,931.985,132,1360.025,0,0,0,254.0,105.0,359.0
Bremen,2024-12,26,125,1778.215,1118.23,151,2896.4449999999997,0,0,0,254.0,105.0,359.0
Bremen,2025-01,25,126,1755.9850000000001,1104.51,151,2860.495,0,0,0,192.0,87.0,279.0
Bremen,2025-02,20,125,4619.849999999999,1001.21,145,5621.0599999999995,0,0,0,192.0,87.0,279.0
Bremen,2025-03,10,123,408.26,883.2099999999999,133,1291.4699999999998,0,0,0,192.0,87.0,279.0
Bremen,2025-04,11,115,1037.7150000000001,840.82,126,1878.5350000000003,0,0,0,192.0,87.0,279.0
Bremen,2025-05,24,140,7057.532,1241.82,164,8299.352,0,0,0,192.0,87.0,279.0
Bremen,2025-06,54,136,4511.83,1077.06,190,5588.889999999999,0,0,0,192.0,87.0,279.0
Bremen,2025-07,45,168,4967.294999999999,1305.452,213,6272.746999999999,1,1,2,192.0,87.0,279.0
Bremen,2025-08,29,136,1765.96,1062.938,165,2828.898,1,1,2,192.0,87.0,279.0
Bremen,2025-09,36,128,1635.26,974.71,164,2609.9700000000003,1,1,2,192.0,87.0,279.0
Bremen,2025-10,11,112,1017.09,876.855,123,1893.9450000000002,1,1,2,192.0,87.0,279.0
Bremen,2025-11,12,112,583.69,852.41,124,1436.1,1,1,2,192.0,87.0,279.0
Bremen,2025-12,28,104,1095.35,856.2149999999999,132,1951.5649999999998,1,1,2,192.0,87.0,279.0
Hamburg,2015-01,1,10,3.35,30.355,11,33.705,0,0,0,1760.0,111.0,1871.0
Hamburg,2015-02,0,8,0.0,41.955,8,41.955,0,0,0,1760.0,111.0,1871.0
Hamburg,2015-03,0,9,0.0,46.969,9,46.969,0,0,0,1760.0,111.0,1871.0
Hamburg,2015-04,4,8,113.81,31.555,12,145.365,0,0,0,1760.0,111.0,1871.0
Hamburg,2015-05,1,7,1.5,20.799999999999997,8,22.299999999999997,0,0,0,1760.0,111.0,1871.0
Hamburg,2015-06,4,7,28.04,37.845,11,65.88499999999999,0,0,0,1760.0,111.0,1871.0
Hamburg,2015-07,6,16,92.87,82.83,22,175.7,0,0,0,1760.0,111.0,1871.0
Hamburg,2015-08,4,5,74.9,18.359,9,93.25900000000001,0,0,0,1760.0,111.0,1871.0
Hamburg,2015-09,1,16,20.0,93.085,17,113.085,0,0,0,1760.0,111.0,1871.0
Hamburg,2015-10,1,13,18.0,42.81,14,60.81,0,0,0,1760.0,111.0,1871.0
Hamburg,2015-11,2,9,95.26,58.09,11,153.35000000000002,0,0,0,1760.0,111.0,1871.0
Hamburg,2015-12,5,10,223.37,54.37,15,277.74,0,0,0,1760.0,111.0,1871.0
Hamburg,2016-01,4,5,37.5,48.89,9,86.39,0,0,0,1438.0,117.0,1555.0
Hamburg,2016-02,3,9,20.759999999999998,34.94,12,55.699999999999996,0,0,0,1438.0,117.0,1555.0
Hamburg,2016-03,4,8,30.880000000000003,37.16,12,68.03999999999999,0,0,0,1438.0,117.0,1555.0
Hamburg,2016-04,5,18,96.89,79.4,23,176.29000000000002,0,0,0,1438.0,117.0,1555.0
Hamburg,2016-05,2,12,14.0,62.785,14,76.785,0,0,0,1438.0,117.0,1555.0
Hamburg,2016-06,1,14,17.0,58.07999999999999,15,75.07999999999998,0,0,0,1438.0,117.0,1555.0
Hamburg,2016-07,1,18,5.5,122.755,19,128.255,0,0,0,1438.0,117.0,1555.0
Hamburg,2016-08,1,19,10.0,73.104,20,83.104,0,0,0,1438.0,117.0,1555.0
Hamburg,2016-09,2,16,23.799999999999997,158.18,18,181.98000000000002,0,0,0,1438.0,117.0,1555.0
Hamburg,2016-10,4,19,44.7,88.45,23,133.15,0,0,0,1438.0,117.0,1555.0
Hamburg,2016-11,9,16,134.805,76.615,25,211.42000000000002,0,0,0,1438.0,117.0,1555.0
Hamburg,2016-12,2,9,17.25,60.0,11,77.25,0,0,0,1438.0,117.0,1555.0
Hamburg,2017-01,3,9,11.51,48.480000000000004,12,59.99,0,0,0,1700.0,130.0,1830.0
Hamburg,2017-02,2,13,101.13000000000001,70.21,15,171.34,0,0,0,1700.0,130.0,1830.0
Hamburg,2017-03,3,11,21.240000000000002,52.49,14,73.73,0,0,0,1700.0,130.0,1830.0
Hamburg,2017-04,4,23,51.12,101.065,27,152.185,0,0,0,1700.0,130.0,1830.0
Hamburg,2017-05,4,17,43.019999999999996,82.07,21,125.08999999999999,0,0,0,1700.0,130.0,1830.0
Hamburg,2017-06,1,22,8.0,99.11,23,107.11,0,0,0,1700.0,130.0,1830.0
Hamburg,2017-07,7,20,219.7,84.541,27,304.241,0,0,0,1700.0,130.0,1830.0
Hamburg,2017-08,7,16,583.995,85.05,23,669.045,0,0,0,1700.0,130.0,1830.0
Hamburg,2017-09,3,11,42.2,62.42,14,104.62,0,0,0,1700.0,130.0,1830.0
Hamburg,2017-10,3,20,63.34,368.875,23,432.21500000000003,0,0,0,1700.0,130.0,1830.0
Hamburg,2017-11,6,10,205.005,47.63,16,252.635,0,0,0,1700.0,130.0,1830.0
Hamburg,2017-12,2,14,12.32,87.39,16,99.71000000000001,0,0,0,1700.0,130.0,1830.0
Hamburg,2018-01,1,15,15.12,84.338,16,99.458,0,0,0,1882.0,120.0,2002.0
Hamburg,2018-02,1,12,3.99,59.45,13,63.440000000000005,0,0,0,1882.0,120.0,2002.0
Hamburg,2018-03,3,17,76.2,90.205,20,166.405,0,0,0,1882.0,120.0,2002.0
Hamburg,2018-04,2,11,73.896,96.855,13,170.751,0,0,0,1882.0,120.0,2002.0
Hamburg,2018-05,5,18,801.6800000000001,95.235,23,896.9150000000001,0,0,0,1882.0,120.0,2002.0
Hamburg,2018-06,20,15,209.09,104.045,35,313.135,0,0,0,1882.0,120.0,2002.0
Hamburg,2018-07,5,21,77.52,116.131,26,193.651,0,0,0,1882.0,120.0,2002.0
Hamburg,2018-08,9,21,211.4,142.51,30,353.90999999999997,0,0,0,1882.0,120.0,2002.0
Hamburg,2018-09,11,14,161.41,69.18,25,230.59,0,0,0,1882.0,120.0,2002.0
Hamburg,2018-10,5,16,41.94,92.35,21,134.29,0,0,0,1882.0,120.0,2002.0
Hamburg,2018-11,8,21,440.03,128.09,29,568.12,0,0,0,1882.0,120.0,2002.0
Hamburg,2018-12,34,6,364.5,47.7,40,412.2,0,0,0,1882.0,120.0,2002.0
Hamburg,2019-01,12,13,164.63,66.85000000000001,25,231.48000000000002,0,0,0,1900.0,112.0,2012.0
Hamburg,2019-02,4,9,126.36,68.24,13,194.6,0,0,0,1900.0,112.0,2012.0
Hamburg,2019-03,5,25,48.7,135.44,30,184.14,0,0,0,1900.0,112.0,2012.0
Hamburg,2019-04,4,20,187.13,96.88,24,284.01,0,0,0,1900.0,112.0,2012.0
Hamburg,2019-05,7,25,344.28000000000003,162.5,32,506.78000000000003,0,0,0,1900.0,112.0,2012.0
Hamburg,2019-06,4,25,345.05,148.93,29,493.98,0,0,0,1900.0,112.0,2012.0
Hamburg,2019-07,11,19,258.22,101.97,30,360.19000000000005,0,0,0,1900.0,112.0,2012.0
Hamburg,2019-08,5,32,164.18,177.794,37,341.97400000000005,0,0,0,1900.0,112.0,2012.0
Hamburg,2019-09,9,25,149.135,165.085,34,314.22,0,0,0,1900.0,112.0,2012.0
Hamburg,2019-10,7,27,438.56,140.2,34,578.76,0,0,0,1900.0,112.0,2012.0
Hamburg,2019-11,5,39,44.8,238.325,44,283.125,0,0,0,1900.0,112.0,2012.0
Hamburg,2019-12,2,14,155.0,88.515,16,243.515,0,0,0,1900.0,112.0,2012.0
Hamburg,2020-01,12,21,740.29,157.265,33,897.555,0,0,0,1624.0,105.0,1729.0
Hamburg,2020-02,4,30,57.254999999999995,174.38,34,231.635,0,0,0,1624.0,105.0,1729.0
Hamburg,2020-03,4,37,249.81999999999996,294.215,41,544.035,0,0,0,1624.0,105.0,1729.0
Hamburg,2020-04,11,34,515.39,240.89000000000001,45,756.28,0,0,0,1624.0,105.0,1729.0
Hamburg,2020-05,7,46,183.2,334.86,53,518.06,0,0,0,1624.0,105.0,1729.0
Hamburg,2020-06,10,42,158.04,295.26,52,453.29999999999995,0,0,0,1624.0,105.0,1729.0
Hamburg,2020-07,15,31,602.895,249.13,46,852.025,0,0,0,1624.0,105.0,1729.0
Hamburg,2020-08,18,33,401.7,215.025,51,616.725,0,0,0,1624.0,105.0,1729.0
Hamburg,2020-09,5,39,967.62,257.025,44,1224.645,0,0,0,1624.0,105.0,1729.0
Hamburg,2020-10,10,72,216.74,370.43,82,587.1700000000001,0,0,0,1624.0,105.0,1729.0
Hamburg,2020-11,8,52,808.1800000000001,377.45,60,1185.63,0,0,0,1624.0,105.0,1729.0
Hamburg,2020-12,11,47,199.6,329.075,58,528.675,0,0,0,1624.0,105.0,1729.0
Hamburg,2021-01,11,36,176.87,321.305,47,498.175,0,0,0,1332.0,78.0,1410.0
Hamburg,2021-02,5,41,45.800000000000004,249.415,46,295.215,0,0,0,1332.0,78.0,1410.0
Hamburg,2021-03,6,68,725.0,475.63,74,1200.63,0,0,0,1332.0,78.0,1410.0
Hamburg,2021-04,5,65,61.620000000000005,449.53,70,511.15,0,0,0,1332.0,78.0,1410.0
Hamburg,2021-05,9,60,181.4,503.91499999999996,69,685.3149999999999,0,0,0,1332.0,78.0,1410.0
Hamburg,2021-06,5,68,112.60499999999999,493.52,73,606.125,0,0,0,1332.0,78.0,1410.0
Hamburg,2021-07,10,67,166.91,492.66499999999996,77,659.5749999999999,0,0,0,1332.0,78.0,1410.0
Hamburg,2021-08,9,62,113.72,487.865,71,601.585,0,0,0,1332.0,78.0,1410.0
Hamburg,2021-09,9,77,372.88,569.783,86,942.663,0,0,0,1332.0,78.0,1410.0
Hamburg,2021-10,7,78,260.72,525.145,85,785.865,0,0,0,1332.0,78.0,1410.0
Hamburg,2021-11,7,89,65.135,715.5749999999999,96,780.7099999999999,0,0,0,1332.0,78.0,1410.0
Hamburg,2021-12,7,47,149.64,421.85,54,571.49,0,0,0,1332.0,78.0,1410.0
Hamburg,2022-01,13,70,618.1,528.465,83,1146.565,0,0,0,1476.0,98.0,1574.0
Hamburg,2022-02,7,75,235.055,586.205,82,821.26,0,0,0,1476.0,98.0,1574.0
Hamburg,2022-03,5,102,56.745,809.46,107,866.205,0,0,0,1476.0,98.0,1574.0
Hamburg,2022-04,5,82,240.435,581.893,87,822.328,0,0,0,1476.0,98.0,1574.0
Hamburg,2022-05,5,88,179.43,712.89,93,892.3199999999999,0,0,0,1476.0,98.0,1574.0
Hamburg,2022-06,5,103,79.38,816.545,108,895.925,0,0,0,1476.0,98.0,1574.0
Hamburg,2022-07,4,70,132.4,504.235,74,636.635,0,0,0,1476.0,98.0,1574.0
Hamburg,2022-08,13,150,306.76,1117.07,163,1423.83,0,0,0,1476.0,98.0,1574.0
Hamburg,2022-09,6,135,95.55,996.875,141,1092.425,0,0,0,1476.0,98.0,1574.0
Hamburg,2022-10,5,101,68.0,790.09,106,858.09,0,0,0,1476.0,98.0,1574.0
Hamburg,2022-11,7,117,132.15,1469.444,124,1601.594,0,0,0,1476.0,98.0,1574.0
Hamburg,2022-12,10,81,284.46999999999997,719.373,91,1003.8430000000001,0,0,0,1476.0,98.0,1574.0
Hamburg,2023-01,16,213,352.33,1540.234,229,1892.5639999999999,1,1,2,1092.0,72.0,1164.0
Hamburg,2023-02,14,188,1280.21,1427.94,202,2708.15,1,1,2,1092.0,72.0,1164.0
Hamburg,2023-03,15,238,1227.94,1976.71,253,3204.65,1,1,2,1092.0,72.0,1164.0
Hamburg,2023-04,15,236,1104.848,1906.574,251,3011.422,1,1,2,1092.0,72.0,1164.0
Hamburg,2023-05,8,291,692.9,2345.953,299,3038.853,1,1,2,1092.0,72.0,1164.0
Hamburg,2023-06,24,356,844.125,2966.514,380,3810.639,1,1,2,1092.0,72.0,1164.0
Hamburg,2023-07,25,445,1067.48,3573.19,470,4640.67,1,1,2,1092.0,72.0,1164.0
Hamburg,2023-08,36,429,1284.35,3703.293,465,4987.643,1,1,2,1092.0,72.0,1164.0
Hamburg,2023-09,27,381,1672.5149999999999,3096.252,408,4768.767,1,1,2,1092.0,72.0,1164.0
Hamburg,2023-10,10,302,459.04,2448.614,312,2907.654,1,1,2,1092.0,72.0,1164.0
Hamburg,2023-11,22,290,1544.46,2370.46,312,3914.92,1,1,2,1092.0,72.0,1164.0
Hamburg,2023-12,14,187,736.17,1490.772,201,2226.942,1,1,2,1092.0,72.0,1164.0
Hamburg,2024-01,24,297,1143.54,2613.941,321,3757.4809999999998,1,1,2,966.0,78.0,1044.0
Hamburg,2024-02,22,271,853.744,2332.053,293,3185.797,1,1,2,966.0,78.0,1044.0
Hamburg,2024-03,30,316,1176.735,2659.183,346,3835.9179999999997,1,1,2,966.0,78.0,1044.0
Hamburg,2024-04,31,301,1314.35,2325.397,332,3639.747,1,1,2,966.0,78.0,1044.0
Hamburg,2024-05,28,293,1664.03,2461.464,321,4125.494,1,1,2,966.0,78.0,1044.0
Hamburg,2024-06,33,288,2208.975,2297.4519999999998,321,4506.427,1,1,2,966.0,78.0,1044.0
Hamburg,2024-07,39,336,2797.75,3170.211,375,5967.960999999999,1,1,2,966.0,78.0,1044.0
Hamburg,2024-08,27,263,868.15,2142.392,290,3010.542,1,1,2,966.0,78.0,1044.0
Hamburg,2024-09,48,271,1422.735,2261.495,319,3684.2299999999996,1,1,2,966.0,78.0,1044.0
Hamburg,2024-10,46,270,1271.98,2358.247,316,3630.227,1,1,2,966.0,78.0,1044.0
Hamburg,2024-11,39,284,3790.025,2324.46,323,6114.485000000001,1,1,2,966.0,78.0,1044.0
Hamburg,2024-12,28,268,1813.28,2491.427,296,4304.707,1,1,2,966.0,78.0,1044.0
Hamburg,2025-01,51,259,3119.645,2934.409,310,6054.054,1,1,2,709.0,59.0,768.0
Hamburg,2025-02,39,229,2206.91,2252.067,268,4458.977,1,1,2,709.0,59.0,768.0
Hamburg,2025-03,31,252,1182.65,2168.517,283,3351.167,1,1,2,709.0,59.0,768.0
Hamburg,2025-04,27,274,2353.55,2313.619,301,4667.169,1,1,2,709.0,59.0,768.0
Hamburg,2025-05,34,291,1208.08,2423.027,325,3631.107,1,1,2,709.0,59.0,768.0
Hamburg,2025-06,23,287,948.2,2530.476,310,3478.6760000000004,1,1,2,709.0,59.0,768.0
Hamburg,2025-07,70,364,2616.125,3243.877,434,5860.002,1,1,2,709.0,59.0,768.0
Hamburg,2025-08,23,247,657.07,1932.295,270,2589.3650000000002,1,1,2,709.0,59.0,768.0
Hamburg,2025-09,36,332,2875.305,2903.282,368,5778.5869999999995,1,1,2,709.0,59.0,768.0
Hamburg,2025-10,73,275,3048.025,2327.89,348,5375.915,1,1,2,709.0,59.0,768.0
Hamburg,2025-11,29,262,724.13,2238.424,291,2962.554,1,1,2,709.0,59.0,768.0
Hamburg,2025-12,78,245,2610.48,2097.301,323,4707.781,1,1,2,709.0,59.0,768.0
Hessen,2015-01,45,198,1195.436,1589.263,243,2784.6989999999996,0,0,0,5853.0,1288.0,7141.0
Hessen,2015-02,20,133,593.219,921.905,153,1515.124,0,0,0,5853.0,1288.0,7141.0
Hessen,2015-03,21,197,555.0450000000001,1468.821,218,2023.866,0,0,0,5853.0,1288.0,7141.0
Hessen,2015-04,42,210,2554.945,1865.407,252,4420.352,0,0,0,5853.0,1288.0,7141.0
Hessen,2015-05,31,203,630.575,1414.771,234,2045.346,0,0,0,5853.0,1288.0,7141.0
Hessen,2015-06,36,245,1816.25,1912.843,281,3729.093,0,0,0,5853.0,1288.0,7141.0
Hessen,2015-07,46,271,1768.625,2334.535,317,4103.16,0,0,0,5853.0,1288.0,7141.0
Hessen,2015-08,36,235,2054.065,1662.069,271,3716.134,0,0,0,5853.0,1288.0,7141.0
Hessen,2015-09,35,267,1257.49,2058.712,302,3316.202,0,0,0,5853.0,1288.0,7141.0
Hessen,2015-10,30,252,1471.685,1770.441,282,3242.126,0,0,0,5853.0,1288.0,7141.0
Hessen,2015-11,31,207,2229.97,1894.258,238,4124.228,0,0,0,5853.0,1288.0,7141.0
Hessen,2015-12,44,149,3045.479,1081.264,193,4126.7429999999995,0,0,0,5853.0,1288.0,7141.0
Hessen,2016-01,30,169,780.0550000000001,1135.308,199,1915.363,0,0,0,6425.0,1282.0,7707.0
Hessen,2016-02,31,172,445.27,1308.905,203,1754.175,0,0,0,6425.0,1282.0,7707.0
Hessen,2016-03,40,173,1693.52,1313.656,213,3007.176,0,0,0,6425.0,1282.0,7707.0
Hessen,2016-04,35,241,1484.616,1669.3,276,3153.916,0,0,0,6425.0,1282.0,7707.0
Hessen,2016-05,41,263,1343.694,2440.72,304,3784.4139999999998,0,0,0,6425.0,1282.0,7707.0
Hessen,2016-06,48,271,1580.95,2298.071,319,3879.0209999999997,0,0,0,6425.0,1282.0,7707.0
Hessen,2016-07,39,257,955.665,1991.934,296,2947.599,0,0,0,6425.0,1282.0,7707.0
Hessen,2016-08,50,264,1903.415,1909.563,314,3812.978,0,0,0,6425.0,1282.0,7707.0
Hessen,2016-09,47,271,1740.52,1939.636,318,3680.156,0,0,0,6425.0,1282.0,7707.0
Hessen,2016-10,38,217,1317.815,1415.027,255,2732.842,0,0,0,6425.0,1282.0,7707.0
Hessen,2016-11,43,230,1025.108,1478.639,273,2503.747,0,0,0,6425.0,1282.0,7707.0
Hessen,2016-12,40,202,2655.3650000000002,1439.855,242,4095.2200000000003,0,0,0,6425.0,1282.0,7707.0
Hessen,2017-01,30,164,1091.1200000000001,1079.19,194,2170.3100000000004,0,0,0,6838.0,1310.0,8148.0
Hessen,2017-02,65,286,2826.192,2425.953,351,5252.145,0,0,0,6838.0,1310.0,8148.0
Hessen,2017-03,66,375,1691.24,3040.444,441,4731.684,0,0,0,6838.0,1310.0,8148.0
Hessen,2017-04,36,317,2572.7,2675.408,353,5248.108,0,0,0,6838.0,1310.0,8148.0
Hessen,2017-05,69,377,2218.44,3189.819,446,5408.259,0,0,0,6838.0,1310.0,8148.0
Hessen,2017-06,78,378,2683.8650000000002,3244.909,456,5928.774,0,0,0,6838.0,1310.0,8148.0
Hessen,2017-07,75,342,4208.11,3100.934,417,7309.044,0,0,0,6838.0,1310.0,8148.0
Hessen,2017-08,62,400,1911.895,3081.284,462,4993.179,0,0,0,6838.0,1310.0,8148.0
Hessen,2017-09,58,383,1754.412,2958.948,441,4713.36,0,0,0,6838.0,1310.0,8148.0
Hessen,2017-10,44,354,1577.2640000000001,2694.348,398,4271.612,0,0,0,6838.0,1310.0,8148.0
Hessen,2017-11,70,345,2091.712,2870.869,415,4962.581,0,0,0,6838.0,1310.0,8148.0
Hessen,2017-12,35,211,1442.975,1420.97,246,2863.9449999999997,0,0,0,6838.0,1310.0,8148.0
Hessen,2018-01,84,322,3591.115,3458.763,406,7049.878,0,0,0,6147.0,1288.0,7435.0
Hessen,2018-02,43,237,2381.56,2546.918,280,4928.478,0,0,0,6147.0,1288.0,7435.0
Hessen,2018-03,63,280,2861.509,2692.95,343,5554.459,0,0,0,6147.0,1288.0,7435.0
Hessen,2018-04,75,360,4447.12,3860.319,435,8307.439,0,0,0,6147.0,1288.0,7435.0
Hessen,2018-05,69,365,2576.435,3133.112,434,5709.5470000000005,0,0,0,6147.0,1288.0,7435.0
Hessen,2018-06,68,392,5066.655,3893.409,460,8960.064,0,0,0,6147.0,1288.0,7435.0
Hessen,2018-07,93,432,5758.885,4726.417,525,10485.302,0,0,0,6147.0,1288.0,7435.0
Hessen,2018-08,61,365,4719.925,4026.5099999999998,426,8746.435,0,0,0,6147.0,1288.0,7435.0
Hessen,2018-09,79,422,4508.763,4060.503,501,8569.266,0,0,0,6147.0,1288.0,7435.0
Hessen,2018-10,57,350,2718.953,2966.648,407,5685.601000000001,0,0,0,6147.0,1288.0,7435.0
Hessen,2018-11,59,352,4497.585,3066.7,411,7564.285,0,0,0,6147.0,1288.0,7435.0
Hessen,2018-12,41,187,6877.347,2313.903,228,9191.25,0,0,0,6147.0,1288.0,7435.0
Hessen,2019-01,147,379,15493.582,7776.32,526,23269.902000000002,0,0,0,6166.0,1295.0,7461.0
Hessen,2019-02,78,336,5101.71,4928.439,414,10030.149000000001,0,0,0,6166.0,1295.0,7461.0
Hessen,2019-03,80,407,5928.81,4771.341,487,10700.151000000002,0,0,0,6166.0,1295.0,7461.0
Hessen,2019-04,62,498,2499.145,4792.099,560,7291.244000000001,0,0,0,6166.0,1295.0,7461.0
Hessen,2019-05,67,490,3291.755,5760.061,557,9051.815999999999,0,0,0,6166.0,1295.0,7461.0
Hessen,2019-06,68,490,3417.54,4438.882,558,7856.422,0,0,0,6166.0,1295.0,7461.0
Hessen,2019-07,80,574,3161.74,6646.094,654,9807.833999999999,0,0,0,6166.0,1295.0,7461.0
Hessen,2019-08,88,564,5714.64,6526.003,652,12240.643,0,0,0,6166.0,1295.0,7461.0
Hessen,2019-09,63,595,3063.445,7668.275,658,10731.72,0,0,0,6166.0,1295.0,7461.0
Hessen,2019-10,87,595,6078.875,5805.85,682,11884.725,0,0,0,6166.0,1295.0,7461.0
Hessen,2019-11,57,547,2212.865,4628.037,604,6840.902,0,0,0,6166.0,1295.0,7461.0
Hessen,2019-12,53,324,2699.677,2864.699,377,5564.376,0,0,0,6166.0,1295.0,7461.0
Hessen,2020-01,136,686,10486.615,8111.18,822,18597.795,0,0,0,6713.0,1403.0,8116.0
Hessen,2020-02,119,531,4118.471,5760.868,650,9879.339,0,0,0,6713.0,1403.0,8116.0
Hessen,2020-03,76,743,3913.48,8092.966,819,12006.446,0,0,0,6713.0,1403.0,8116.0
Hessen,2020-04,93,795,7251.615,7850.226,888,15101.841,0,0,0,6713.0,1403.0,8116.0
Hessen,2020-05,130,846,5711.61,8633.729,976,14345.339,0,0,0,6713.0,1403.0,8116.0
Hessen,2020-06,127,901,7364.28,8713.743,1028,16078.023000000001,0,0,0,6713.0,1403.0,8116.0
Hessen,2020-07,113,988,6691.615,9168.475,1101,15860.09,0,0,0,6713.0,1403.0,8116.0
Hessen,2020-08,99,857,6982.26,7306.588,956,14288.848,0,0,0,6713.0,1403.0,8116.0
Hessen,2020-09,102,1050,7754.56,9753.263,1152,17507.823,0,0,0,6713.0,1403.0,8116.0
Hessen,2020-10,106,989,7125.695,9079.617,1095,16205.312,0,0,0,6713.0,1403.0,8116.0
Hessen,2020-11,73,995,8127.635,9316.106,1068,17443.741,0,0,0,6713.0,1403.0,8116.0
Hessen,2020-12,87,721,5086.205,6151.336,808,11237.541000000001,0,0,0,6713.0,1403.0,8116.0
Hessen,2021-01,159,763,7604.011,8177.176,922,15781.187000000002,0,0,0,6273.0,1300.0,7573.0
Hessen,2021-02,97,716,3992.2599999999998,6493.664,813,10485.923999999999,0,0,0,6273.0,1300.0,7573.0
Hessen,2021-03,127,1085,10882.195,11486.838,1212,22369.033,0,0,0,6273.0,1300.0,7573.0
Hessen,2021-04,118,1075,3748.335,10477.516,1193,14225.850999999999,0,0,0,6273.0,1300.0,7573.0
Hessen,2021-05,112,1139,5080.788,11025.154,1251,16105.942,0,0,0,6273.0,1300.0,7573.0
Hessen,2021-06,102,1219,4179.945,12286.163,1321,16466.108,0,0,0,6273.0,1300.0,7573.0
Hessen,2021-07,103,1237,6145.38,11328.891,1340,17474.271,0,0,0,6273.0,1300.0,7573.0
Hessen,2021-08,92,1059,4190.475,10373.371,1151,14563.846,0,0,0,6273.0,1300.0,7573.0
Hessen,2021-09,92,1273,6090.638,12700.482,1365,18791.12,0,0,0,6273.0,1300.0,7573.0
Hessen,2021-10,102,1217,6314.795,11606.94,1319,17921.735,0,0,0,6273.0,1300.0,7573.0
Hessen,2021-11,92,1327,4531.84,12160.297,1419,16692.137000000002,0,0,0,6273.0,1300.0,7573.0
Hessen,2021-12,75,890,3986.272,8103.3,965,12089.572,0,0,0,6273.0,1300.0,7573.0
Hessen,2022-01,113,1097,3239.645,10169.227,1210,13408.872000000001,0,0,0,6539.0,1299.0,7838.0
Hessen,2022-02,94,1169,5536.807,10891.842,1263,16428.649,0,0,0,6539.0,1299.0,7838.0
Hessen,2022-03,95,1619,4719.437,14849.637,1714,19569.074,0,0,0,6539.0,1299.0,7838.0
Hessen,2022-04,88,1299,3964.43,12055.519,1387,16019.949,0,0,0,6539.0,1299.0,7838.0
Hessen,2022-05,93,1558,4005.362,14589.792,1651,18595.154,0,0,0,6539.0,1299.0,7838.0
Hessen,2022-06,96,1610,4040.95,14468.824,1706,18509.774,0,0,0,6539.0,1299.0,7838.0
Hessen,2022-07,82,1567,6726.275,14267.089,1649,20993.364,0,0,0,6539.0,1299.0,7838.0
Hessen,2022-08,117,2007,7721.065,18452.555,2124,26173.62,0,0,0,6539.0,1299.0,7838.0
Hessen,2022-09,146,1902,7625.914,17951.858,2048,25577.772,0,0,0,6539.0,1299.0,7838.0
Hessen,2022-10,113,1762,7193.335,15999.227,1875,23192.562,0,0,0,6539.0,1299.0,7838.0
Hessen,2022-11,124,1839,7139.695,16761.823,1963,23901.518,0,0,0,6539.0,1299.0,7838.0
Hessen,2022-12,103,929,5809.245,8342.342,1032,14151.587,0,0,0,6539.0,1299.0,7838.0
Hessen,2023-01,126,2972,7402.82,28046.284,3098,35449.104,0,0,0,5900.0,1229.0,7129.0
Hessen,2023-02,144,3103,7119.096,28728.335,3247,35847.431,0,0,0,5900.0,1229.0,7129.0
Hessen,2023-03,161,3840,9889.613,36398.727,4001,46288.34,0,0,0,5900.0,1229.0,7129.0
Hessen,2023-04,138,3110,7609.74,29119.577,3248,36729.317,0,0,0,5900.0,1229.0,7129.0
Hessen,2023-05,183,4064,11661.663,37809.037,4247,49470.7,0,0,0,5900.0,1229.0,7129.0
Hessen,2023-06,210,4694,15107.512999999999,43138.017,4904,58245.53,0,0,0,5900.0,1229.0,7129.0
Hessen,2023-07,194,4536,14059.515,44744.167,4730,58803.682,0,0,0,5900.0,1229.0,7129.0
Hessen,2023-08,199,4364,9129.445,41746.334,4563,50875.779,0,0,0,5900.0,1229.0,7129.0
Hessen,2023-09,207,4536,11256.635,42536.533,4743,53793.168000000005,0,0,0,5900.0,1229.0,7129.0
Hessen,2023-10,175,4113,17624.392,38722.959,4288,56347.351,0,0,0,5900.0,1229.0,7129.0
Hessen,2023-11,225,4423,11279.901,41906.286,4648,53186.187,0,0,0,5900.0,1229.0,7129.0
Hessen,2023-12,175,2864,11937.88,27974.163,3039,39912.043,0,0,0,5900.0,1229.0,7129.0
Hessen,2024-01,302,4161,25112.922,44277.707,4463,69390.629,0,0,0,4638.0,1290.0,5928.0
Hessen,2024-02,166,3304,12085.105,31235.304,3470,43320.409,0,0,0,4638.0,1290.0,5928.0
Hessen,2024-03,210,3469,13287.335000000001,33051.712,3679,46339.047,0,0,0,4638.0,1290.0,5928.0
Hessen,2024-04,234,3625,13100.175,34207.846,3859,47308.02099999999,0,0,0,4638.0,1290.0,5928.0
Hessen,2024-05,171,3435,10261.28,34317.082,3606,44578.362,0,0,0,4638.0,1290.0,5928.0
Hessen,2024-06,260,3883,13614.319,39501.969,4143,53116.288,0,0,0,4638.0,1290.0,5928.0
Hessen,2024-07,251,4572,18047.73,47860.036,4823,65907.766,0,0,0,4638.0,1290.0,5928.0
Hessen,2024-08,199,3418,13296.45,34290.48,3617,47586.93000000001,0,0,0,4638.0,1290.0,5928.0
Hessen,2024-09,209,3345,13093.635,33467.091,3554,46560.726,0,0,0,4638.0,1290.0,5928.0
Hessen,2024-10,162,3292,12508.597,33502.998,3454,46011.595,0,0,0,4638.0,1290.0,5928.0
Hessen,2024-11,199,3180,15056.855,32557.619,3379,47614.474,0,0,0,4638.0,1290.0,5928.0
Hessen,2024-12,221,2721,12764.12,31131.36,2942,43895.48,0,0,0,4638.0,1290.0,5928.0
Hessen,2025-01,305,2897,20236.058,37286.514,3202,57522.572,0,0,0,3423.0,1039.0,4462.0
Hessen,2025-02,174,2373,9434.285,26403.336,2547,35837.621,0,0,0,3423.0,1039.0,4462.0
Hessen,2025-03,153,2267,10624.315,22447.028,2420,33071.343,0,0,0,3423.0,1039.0,4462.0
Hessen,2025-04,171,2375,10076.149,24115.926,2546,34192.075,0,0,0,3423.0,1039.0,4462.0
Hessen,2025-05,145,2594,10342.074,26735.107,2739,37077.181,0,0,0,3423.0,1039.0,4462.0
Hessen,2025-06,192,2462,12219.55,25609.272,2654,37828.822,0,0,0,3423.0,1039.0,4462.0
Hessen,2025-07,217,2893,14648.375,31117.408,3110,45765.782999999996,0,0,0,3423.0,1039.0,4462.0
Hessen,2025-08,150,2350,10943.58,23927.682,2500,34871.262,0,0,0,3423.0,1039.0,4462.0
Hessen,2025-09,168,2398,9442.4,24920.424,2566,34362.824,0,0,0,3423.0,1039.0,4462.0
Hessen,2025-10,190,2323,11252.425,24309.981,2513,35562.406,0,0,0,3423.0,1039.0,4462.0
Hessen,2025-11,125,2183,9848.73,23422.487,2308,33271.217000000004,0,0,0,3423.0,1039.0,4462.0
Hessen,2025-12,135,1741,14739.635,19000.619,1876,33740.254,0,0,0,3423.0,1039.0,4462.0
Mecklenburg-Vorpommern,2015-01,13,35,1311.6200000000001,865.466,48,2177.0860000000002,0,0,0,2372.0,535.0,2907.0
Mecklenburg-Vorpommern,2015-02,2,22,38.3,342.04,24,380.34000000000003,0,0,0,2372.0,535.0,2907.0
Mecklenburg-Vorpommern,2015-03,10,32,641.135,378.263,42,1019.3979999999999,0,0,0,2372.0,535.0,2907.0
Mecklenburg-Vorpommern,2015-04,17,38,1608.81,208.895,55,1817.705,0,0,0,2372.0,535.0,2907.0
Mecklenburg-Vorpommern,2015-05,12,34,3764.59,482.40500000000003,46,4246.995,0,0,0,2372.0,535.0,2907.0
Mecklenburg-Vorpommern,2015-06,14,52,2958.06,606.405,66,3564.465,0,0,0,2372.0,535.0,2907.0
Mecklenburg-Vorpommern,2015-07,26,47,3307.62,381.625,73,3689.245,0,0,0,2372.0,535.0,2907.0
Mecklenburg-Vorpommern,2015-08,16,48,693.87,835.0699999999999,64,1528.94,0,0,0,2372.0,535.0,2907.0
Mecklenburg-Vorpommern,2015-09,9,47,2624.7400000000002,451.523,56,3076.2630000000004,0,0,0,2372.0,535.0,2907.0
Mecklenburg-Vorpommern,2015-10,6,33,770.75,445.519,39,1216.269,0,0,0,2372.0,535.0,2907.0
Mecklenburg-Vorpommern,2015-11,8,25,826.59,166.095,33,992.6850000000001,0,0,0,2372.0,535.0,2907.0
Mecklenburg-Vorpommern,2015-12,14,26,2070.8199999999997,1697.914,40,3768.7339999999995,0,0,0,2372.0,535.0,2907.0
Mecklenburg-Vorpommern,2016-01,9,15,1618.9,107.74,24,1726.64,0,0,0,2392.0,454.0,2846.0
Mecklenburg-Vorpommern,2016-02,7,19,477.28,455.61,26,932.89,0,0,0,2392.0,454.0,2846.0
Mecklenburg-Vorpommern,2016-03,9,43,2611.4449999999997,472.46,52,3083.9049999999997,0,0,0,2392.0,454.0,2846.0
Mecklenburg-Vorpommern,2016-04,11,35,2395.38,626.725,46,3022.105,0,0,0,2392.0,454.0,2846.0
Mecklenburg-Vorpommern,2016-05,15,45,1408.3,987.805,60,2396.105,0,0,0,2392.0,454.0,2846.0
Mecklenburg-Vorpommern,2016-06,16,43,3625.8,276.025,59,3901.8250000000003,0,0,0,2392.0,454.0,2846.0
Mecklenburg-Vorpommern,2016-07,13,51,1397.1399999999999,900.338,64,2297.478,0,0,0,2392.0,454.0,2846.0
Mecklenburg-Vorpommern,2016-08,8,50,2125.875,723.177,58,2849.052,0,0,0,2392.0,454.0,2846.0
Mecklenburg-Vorpommern,2016-09,16,44,3452.1549999999997,1086.791,60,4538.946,0,0,0,2392.0,454.0,2846.0
Mecklenburg-Vorpommern,2016-10,14,47,3003.69,658.925,61,3662.615,0,0,0,2392.0,454.0,2846.0
Mecklenburg-Vorpommern,2016-11,9,26,3031.37,743.44,35,3774.81,0,0,0,2392.0,454.0,2846.0
Mecklenburg-Vorpommern,2016-12,24,38,14297.35,3472.48,62,17769.83,0,0,0,2392.0,454.0,2846.0
Mecklenburg-Vorpommern,2017-01,10,36,619.01,914.02,46,1533.03,0,0,0,2305.0,482.0,2787.0
Mecklenburg-Vorpommern,2017-02,17,41,2086.83,2730.8,58,4817.63,0,0,0,2305.0,482.0,2787.0
Mecklenburg-Vorpommern,2017-03,20,65,3550.9900000000002,1634.097,85,5185.087,0,0,0,2305.0,482.0,2787.0
Mecklenburg-Vorpommern,2017-04,21,54,5168.5199999999995,943.675,75,6112.195,0,0,0,2305.0,482.0,2787.0
Mecklenburg-Vorpommern,2017-05,27,61,7502.295,1254.483,88,8756.778,0,0,0,2305.0,482.0,2787.0
Mecklenburg-Vorpommern,2017-06,21,64,2386.0099999999998,491.876,85,2877.8859999999995,0,0,0,2305.0,482.0,2787.0
Mecklenburg-Vorpommern,2017-07,23,69,4114.215,1580.018,92,5694.233,0,0,0,2305.0,482.0,2787.0
Mecklenburg-Vorpommern,2017-08,17,56,1988.12,1363.955,73,3352.075,0,0,0,2305.0,482.0,2787.0
Mecklenburg-Vorpommern,2017-09,16,55,2666.27,1587.862,71,4254.132,0,0,0,2305.0,482.0,2787.0
Mecklenburg-Vorpommern,2017-10,16,64,4317.36,1299.045,80,5616.405,0,0,0,2305.0,482.0,2787.0
Mecklenburg-Vorpommern,2017-11,18,45,3179.86,657.1750000000001,63,3837.0350000000003,0,0,0,2305.0,482.0,2787.0
Mecklenburg-Vorpommern,2017-12,15,40,3288.022,759.534,55,4047.556,0,0,0,2305.0,482.0,2787.0
Mecklenburg-Vorpommern,2018-01,34,55,8716.45,3521.1259999999997,89,12237.576000000001,0,0,0,2528.0,488.0,3016.0
Mecklenburg-Vorpommern,2018-02,12,45,2388.8900000000003,1751.4450000000002,57,4140.335000000001,0,0,0,2528.0,488.0,3016.0
Mecklenburg-Vorpommern,2018-03,26,58,4725.235,1558.222,84,6283.456999999999,0,0,0,2528.0,488.0,3016.0
Mecklenburg-Vorpommern,2018-04,22,66,5283.13,3469.665,88,8752.795,0,0,0,2528.0,488.0,3016.0
Mecklenburg-Vorpommern,2018-05,29,57,4622.305,1619.865,86,6242.17,0,0,0,2528.0,488.0,3016.0
Mecklenburg-Vorpommern,2018-06,28,83,8290.947,1959.518,111,10250.465,0,0,0,2528.0,488.0,3016.0
Mecklenburg-Vorpommern,2018-07,51,72,13095.175,2729.245,123,15824.419999999998,0,0,0,2528.0,488.0,3016.0
Mecklenburg-Vorpommern,2018-08,18,64,3503.98,2401.25,82,5905.23,0,0,0,2528.0,488.0,3016.0
Mecklenburg-Vorpommern,2018-09,26,65,4496.895,891.985,91,5388.88,0,0,0,2528.0,488.0,3016.0
Mecklenburg-Vorpommern,2018-10,19,38,5290.041,1770.765,57,7060.8060000000005,0,0,0,2528.0,488.0,3016.0
Mecklenburg-Vorpommern,2018-11,31,56,8182.71,1438.28,87,9620.99,0,0,0,2528.0,488.0,3016.0
Mecklenburg-Vorpommern,2018-12,32,40,6583.385,680.575,72,7263.96,0,0,0,2528.0,488.0,3016.0
Mecklenburg-Vorpommern,2019-01,149,102,52142.406,11830.936,251,63973.342000000004,0,0,0,2445.0,461.0,2906.0
Mecklenburg-Vorpommern,2019-02,52,57,12280.7,1145.385,109,13426.085000000001,0,0,0,2445.0,461.0,2906.0
Mecklenburg-Vorpommern,2019-03,36,103,6758.08,2381.21,139,9139.29,0,0,0,2445.0,461.0,2906.0
Mecklenburg-Vorpommern,2019-04,27,85,4488.08,704.68,112,5192.76,0,0,0,2445.0,461.0,2906.0
Mecklenburg-Vorpommern,2019-05,19,108,3702.3900000000003,1497.03,127,5199.42,0,0,0,2445.0,461.0,2906.0
Mecklenburg-Vorpommern,2019-06,28,94,4696.21,1521.085,122,6217.295,0,0,0,2445.0,461.0,2906.0
Mecklenburg-Vorpommern,2019-07,19,107,4649.18,2954.005,126,7603.185,0,0,0,2445.0,461.0,2906.0
Mecklenburg-Vorpommern,2019-08,14,100,2696.66,2925.821,114,5622.481,0,0,0,2445.0,461.0,2906.0
Mecklenburg-Vorpommern,2019-09,35,87,4936.900000000001,1692.595,122,6629.495000000001,0,0,0,2445.0,461.0,2906.0
Mecklenburg-Vorpommern,2019-10,28,93,3856.276,2042.0849999999998,121,5898.361,0,0,0,2445.0,461.0,2906.0
Mecklenburg-Vorpommern,2019-11,23,117,4024.83,897.081,140,4921.911,0,0,0,2445.0,461.0,2906.0
Mecklenburg-Vorpommern,2019-12,12,71,1684.835,702.658,83,2387.493,0,0,0,2445.0,461.0,2906.0
Mecklenburg-Vorpommern,2020-01,67,111,15256.893,2333.61,178,17590.503,0,0,0,3449.0,515.0,3964.0
Mecklenburg-Vorpommern,2020-02,26,90,4637.375,1580.55,116,6217.925,0,0,0,3449.0,515.0,3964.0
Mecklenburg-Vorpommern,2020-03,34,140,7267.092000000001,2299.275,174,9566.367,0,0,0,3449.0,515.0,3964.0
Mecklenburg-Vorpommern,2020-04,21,158,4964.37,1813.73,179,6778.1,0,0,0,3449.0,515.0,3964.0
Mecklenburg-Vorpommern,2020-05,38,163,7432.83,2549.63,201,9982.46,0,0,0,3449.0,515.0,3964.0
Mecklenburg-Vorpommern,2020-06,38,160,8148.155,2477.776,198,10625.931,0,0,0,3449.0,515.0,3964.0
Mecklenburg-Vorpommern,2020-07,37,170,6914.26,2029.142,207,8943.402,0,0,0,3449.0,515.0,3964.0
Mecklenburg-Vorpommern,2020-08,44,168,9659.955,1651.055,212,11311.01,0,0,0,3449.0,515.0,3964.0
Mecklenburg-Vorpommern,2020-09,53,189,5831.395,2307.965,242,8139.360000000001,0,0,0,3449.0,515.0,3964.0
Mecklenburg-Vorpommern,2020-10,25,200,3685.72,3413.35,225,7099.07,0,0,0,3449.0,515.0,3964.0
Mecklenburg-Vorpommern,2020-11,29,168,3703.18,2169.045,197,5872.225,0,0,0,3449.0,515.0,3964.0
Mecklenburg-Vorpommern,2020-12,26,126,6417.72,1269.0149999999999,152,7686.735000000001,0,0,0,3449.0,515.0,3964.0
Mecklenburg-Vorpommern,2021-01,49,143,6281.742,3198.265,192,9480.007,0,0,0,1976.0,406.0,2382.0
Mecklenburg-Vorpommern,2021-02,20,113,3928.23,1423.055,133,5351.285,0,0,0,1976.0,406.0,2382.0
Mecklenburg-Vorpommern,2021-03,62,240,15924.84,5870.5199999999995,302,21795.36,0,0,0,1976.0,406.0,2382.0
Mecklenburg-Vorpommern,2021-04,32,200,2145.73,2358.44,232,4504.17,0,0,0,1976.0,406.0,2382.0
Mecklenburg-Vorpommern,2021-05,18,189,1647.8600000000001,1785.116,207,3432.976,0,0,0,1976.0,406.0,2382.0
Mecklenburg-Vorpommern,2021-06,27,228,1842.18,3684.55,255,5526.7300000000005,0,0,0,1976.0,406.0,2382.0
Mecklenburg-Vorpommern,2021-07,28,202,1319.844,2441.083,230,3760.927,0,0,0,1976.0,406.0,2382.0
Mecklenburg-Vorpommern,2021-08,27,232,2100.84,2022.155,259,4122.995,0,0,0,1976.0,406.0,2382.0
Mecklenburg-Vorpommern,2021-09,27,237,1894.525,2518.3849999999998,264,4412.91,0,0,0,1976.0,406.0,2382.0
Mecklenburg-Vorpommern,2021-10,28,208,1379.735,2214.348,236,3594.0829999999996,0,0,0,1976.0,406.0,2382.0
Mecklenburg-Vorpommern,2021-11,25,245,1776.99,1975.475,270,3752.465,0,0,0,1976.0,406.0,2382.0
Mecklenburg-Vorpommern,2021-12,12,150,358.31,1431.95,162,1790.26,0,0,0,1976.0,406.0,2382.0
Mecklenburg-Vorpommern,2022-01,23,240,3278.085,2368.07,263,5646.155000000001,0,0,0,2273.0,432.0,2705.0
Mecklenburg-Vorpommern,2022-02,21,235,1216.7,1961.715,256,3178.415,0,0,0,2273.0,432.0,2705.0
Mecklenburg-Vorpommern,2022-03,38,377,1708.86,3458.64,415,5167.5,0,0,0,2273.0,432.0,2705.0
Mecklenburg-Vorpommern,2022-04,21,292,768.27,2438.313,313,3206.583,0,0,0,2273.0,432.0,2705.0
Mecklenburg-Vorpommern,2022-05,37,398,3215.79,3540.82,435,6756.610000000001,0,0,0,2273.0,432.0,2705.0
Mecklenburg-Vorpommern,2022-06,22,350,1694.84,3347.435,372,5042.275,0,0,0,2273.0,432.0,2705.0
Mecklenburg-Vorpommern,2022-07,23,361,2097.78,3661.155,384,5758.935,0,0,0,2273.0,432.0,2705.0
Mecklenburg-Vorpommern,2022-08,36,466,3284.15,3813.718,502,7097.868,0,0,0,2273.0,432.0,2705.0
Mecklenburg-Vorpommern,2022-09,38,454,1396.03,3709.517,492,5105.547,0,0,0,2273.0,432.0,2705.0
Mecklenburg-Vorpommern,2022-10,28,391,1071.69,3278.04,419,4349.73,0,0,0,2273.0,432.0,2705.0
Mecklenburg-Vorpommern,2022-11,43,508,2163.1349999999998,4241.245,551,6404.379999999999,0,0,0,2273.0,432.0,2705.0
Mecklenburg-Vorpommern,2022-12,34,288,1296.36,2758.27,322,4054.63,0,0,0,2273.0,432.0,2705.0
Mecklenburg-Vorpommern,2023-01,66,888,8435.29,8332.057,954,16767.347,0,0,0,2058.0,381.0,2439.0
Mecklenburg-Vorpommern,2023-02,30,707,1692.15,6619.899,737,8312.049,0,0,0,2058.0,381.0,2439.0
Mecklenburg-Vorpommern,2023-03,80,945,8998.76,9394.771999999999,1025,18393.532,0,0,0,2058.0,381.0,2439.0
Mecklenburg-Vorpommern,2023-04,49,952,2981.405,8699.787,1001,11681.192000000001,0,0,0,2058.0,381.0,2439.0
Mecklenburg-Vorpommern,2023-05,55,1159,4727.49,10246.255,1214,14973.744999999999,0,0,0,2058.0,381.0,2439.0
Mecklenburg-Vorpommern,2023-06,56,1273,4966.965,11932.473,1329,16899.438000000002,0,0,0,2058.0,381.0,2439.0
Mecklenburg-Vorpommern,2023-07,63,1196,3948.325,11175.053,1259,15123.378,0,0,0,2058.0,381.0,2439.0
Mecklenburg-Vorpommern,2023-08,82,1105,6617.6,9899.218,1187,16516.818,0,0,0,2058.0,381.0,2439.0
Mecklenburg-Vorpommern,2023-09,68,1089,6597.985000000001,9381.681,1157,15979.666000000001,0,0,0,2058.0,381.0,2439.0
Mecklenburg-Vorpommern,2023-10,57,966,4122.165,10441.589,1023,14563.754,0,0,0,2058.0,381.0,2439.0
Mecklenburg-Vorpommern,2023-11,55,917,3435.54,8153.026,972,11588.565999999999,0,0,0,2058.0,381.0,2439.0
Mecklenburg-Vorpommern,2023-12,45,664,6578.37,8308.632,709,14887.002,0,0,0,2058.0,381.0,2439.0
Mecklenburg-Vorpommern,2024-01,114,866,11641.37,9623.196,980,21264.566,0,0,0,1954.0,544.0,2498.0
Mecklenburg-Vorpommern,2024-02,52,676,5874.965,5818.433,728,11693.398000000001,0,0,0,1954.0,544.0,2498.0
Mecklenburg-Vorpommern,2024-03,67,758,2843.096,6516.829,825,9359.925,0,0,0,1954.0,544.0,2498.0
Mecklenburg-Vorpommern,2024-04,68,970,4672.525,8519.161,1038,13191.686,0,0,0,1954.0,544.0,2498.0
Mecklenburg-Vorpommern,2024-05,83,829,7679.367,8001.686,912,15681.053,0,0,0,1954.0,544.0,2498.0
Mecklenburg-Vorpommern,2024-06,70,835,6875.325,7627.46,905,14502.785,0,0,0,1954.0,544.0,2498.0
Mecklenburg-Vorpommern,2024-07,109,916,6410.195,9841.764,1025,16251.958999999999,0,0,0,1954.0,544.0,2498.0
Mecklenburg-Vorpommern,2024-08,59,685,6448.225,5884.192,744,12332.417000000001,0,0,0,1954.0,544.0,2498.0
Mecklenburg-Vorpommern,2024-09,61,709,3651.0099999999998,7810.988,770,11461.998,0,0,0,1954.0,544.0,2498.0
Mecklenburg-Vorpommern,2024-10,57,641,4493.34,7170.37,698,11663.71,0,0,0,1954.0,544.0,2498.0
Mecklenburg-Vorpommern,2024-11,69,590,6244.505,6394.107,659,12638.612000000001,0,0,0,1954.0,544.0,2498.0
Mecklenburg-Vorpommern,2024-12,91,603,7553.225,7879.62,694,15432.845000000001,0,0,0,1954.0,544.0,2498.0
Mecklenburg-Vorpommern,2025-01,111,560,16859.625,7314.2029999999995,671,24173.828,0,0,0,1350.0,401.0,1751.0
Mecklenburg-Vorpommern,2025-02,54,441,5588.72,4605.567,495,10194.287,0,0,0,1350.0,401.0,1751.0
Mecklenburg-Vorpommern,2025-03,40,493,5823.725,4198.639,533,10022.364000000001,0,0,0,1350.0,401.0,1751.0
Mecklenburg-Vorpommern,2025-04,45,554,5172.306,5383.978,599,10556.284,0,0,0,1350.0,401.0,1751.0
Mecklenburg-Vorpommern,2025-05,53,566,5568.96,6911.051,619,12480.011,0,0,0,1350.0,401.0,1751.0
Mecklenburg-Vorpommern,2025-06,46,517,3052.945,4694.704,563,7747.648999999999,0,0,0,1350.0,401.0,1751.0
Mecklenburg-Vorpommern,2025-07,82,588,8006.915,7206.33,670,15213.244999999999,0,0,0,1350.0,401.0,1751.0
Mecklenburg-Vorpommern,2025-08,56,426,2857.85,4157.025,482,7014.875,0,0,0,1350.0,401.0,1751.0
Mecklenburg-Vorpommern,2025-09,49,462,1906.685,4427.54,511,6334.225,0,0,0,1350.0,401.0,1751.0
Mecklenburg-Vorpommern,2025-10,34,403,2576.27,3843.898,437,6420.168,0,0,0,1350.0,401.0,1751.0
Mecklenburg-Vorpommern,2025-11,46,368,4241.12,3642.995,414,7884.115,0,0,0,1350.0,401.0,1751.0
Mecklenburg-Vorpommern,2025-12,51,348,4041.97,4404.885,399,8446.855,0,0,0,1350.0,401.0,1751.0
Niedersachsen,2015-01,34,233,1484.53,2135.732,267,3620.2619999999997,0,0,0,13552.0,3019.0,16571.0
Niedersachsen,2015-02,29,207,1408.079,1641.155,236,3049.234,0,0,0,13552.0,3019.0,16571.0
Niedersachsen,2015-03,36,297,1908.994,2651.365,333,4560.3589999999995,0,0,0,13552.0,3019.0,16571.0
Niedersachsen,2015-04,43,283,1563.74,2873.031,326,4436.771,0,0,0,13552.0,3019.0,16571.0
Niedersachsen,2015-05,36,274,1734.89,2678.884,310,4413.774,0,0,0,13552.0,3019.0,16571.0
Niedersachsen,2015-06,53,340,1540.405,3036.933,393,4577.338,0,0,0,13552.0,3019.0,16571.0
Niedersachsen,2015-07,42,362,2033.755,3066.619,404,5100.374,0,0,0,13552.0,3019.0,16571.0
Niedersachsen,2015-08,53,304,2536.147,2400.051,357,4936.198,0,0,0,13552.0,3019.0,16571.0
Niedersachsen,2015-09,45,332,3036.34,3376.334,377,6412.674,0,0,0,13552.0,3019.0,16571.0
Niedersachsen,2015-10,39,255,1376.485,2549.95,294,3926.4349999999995,0,0,0,13552.0,3019.0,16571.0
Niedersachsen,2015-11,32,248,1309.355,1982.132,280,3291.487,0,0,0,13552.0,3019.0,16571.0
Niedersachsen,2015-12,61,220,5675.41,3842.011,281,9517.421,0,0,0,13552.0,3019.0,16571.0
Niedersachsen,2016-01,32,243,953.322,2048.695,275,3002.0170000000003,0,0,0,15355.0,3269.0,18624.0
Niedersachsen,2016-02,26,228,1208.77,1590.468,254,2799.2380000000003,0,0,0,15355.0,3269.0,18624.0
Niedersachsen,2016-03,38,293,1093.781,2338.222,331,3432.003,0,0,0,15355.0,3269.0,18624.0
Niedersachsen,2016-04,48,309,2923.365,2915.822,357,5839.187,0,0,0,15355.0,3269.0,18624.0
Niedersachsen,2016-05,50,293,2381.719,3257.043,343,5638.762000000001,0,0,0,15355.0,3269.0,18624.0
Niedersachsen,2016-06,56,348,2545.055,2568.996,404,5114.0509999999995,0,0,0,15355.0,3269.0,18624.0
Niedersachsen,2016-07,44,315,1354.69,2521.689,359,3876.379,0,0,0,15355.0,3269.0,18624.0
Niedersachsen,2016-08,63,396,2915.815,2999.411,459,5915.226000000001,0,0,0,15355.0,3269.0,18624.0
Niedersachsen,2016-09,70,322,3639.21,2497.203,392,6136.4130000000005,0,0,0,15355.0,3269.0,18624.0
Niedersachsen,2016-10,45,277,1510.83,1992.837,322,3503.667,0,0,0,15355.0,3269.0,18624.0
Niedersachsen,2016-11,50,253,2332.115,2001.368,303,4333.483,0,0,0,15355.0,3269.0,18624.0
Niedersachsen,2016-12,48,208,11802.825,2242.582,256,14045.407000000001,0,0,0,15355.0,3269.0,18624.0
Niedersachsen,2017-01,27,209,1927.395,1687.201,236,3614.596,0,0,0,13937.0,2763.0,16700.0
Niedersachsen,2017-02,44,315,1444.015,2831.1,359,4275.115,0,0,0,13937.0,2763.0,16700.0
Niedersachsen,2017-03,72,426,6302.399,3540.489,498,9842.888,0,0,0,13937.0,2763.0,16700.0
Niedersachsen,2017-04,83,403,3550.69,4917.957,486,8468.647,0,0,0,13937.0,2763.0,16700.0
Niedersachsen,2017-05,75,473,4449.255,5014.398,548,9463.653,0,0,0,13937.0,2763.0,16700.0
Niedersachsen,2017-06,86,524,5597.141,6845.629,610,12442.77,0,0,0,13937.0,2763.0,16700.0
Niedersachsen,2017-07,45,373,3587.875,3839.966,418,7427.841,0,0,0,13937.0,2763.0,16700.0
Niedersachsen,2017-08,73,469,4029.4139999999998,4525.9,542,8555.313999999998,0,0,0,13937.0,2763.0,16700.0
Niedersachsen,2017-09,58,446,2628.113,4188.877,504,6816.99,0,0,0,13937.0,2763.0,16700.0
Niedersachsen,2017-10,59,366,2637.455,3291.051,425,5928.505999999999,0,0,0,13937.0,2763.0,16700.0
Niedersachsen,2017-11,56,411,2363.8,3298.988,467,5662.7880000000005,0,0,0,13937.0,2763.0,16700.0
Niedersachsen,2017-12,35,220,1460.578,1813.763,255,3274.341,0,0,0,13937.0,2763.0,16700.0
Niedersachsen,2018-01,74,433,8167.605,5592.593,507,13760.198,0,0,0,13522.0,2876.0,16398.0
Niedersachsen,2018-02,66,331,5341.32,4377.987,397,9719.307,0,0,0,13522.0,2876.0,16398.0
Niedersachsen,2018-03,65,415,3488.625,6297.521,480,9786.146,0,0,0,13522.0,2876.0,16398.0
Niedersachsen,2018-04,85,439,7935.18,6174.164,524,14109.344000000001,0,0,0,13522.0,2876.0,16398.0
Niedersachsen,2018-05,80,472,5174.28,5887.526,552,11061.806,0,0,0,13522.0,2876.0,16398.0
Niedersachsen,2018-06,86,483,5751.805,6116.787,569,11868.592,0,0,0,13522.0,2876.0,16398.0
Niedersachsen,2018-07,128,451,11246.789,10211.849,579,21458.638,0,0,0,13522.0,2876.0,16398.0
Niedersachsen,2018-08,101,462,8995.735,8980.95,563,17976.685,0,0,0,13522.0,2876.0,16398.0
Niedersachsen,2018-09,72,458,10303.285,6954.089,530,17257.374,0,0,0,13522.0,2876.0,16398.0
Niedersachsen,2018-10,86,454,5946.035,6054.403,540,12000.438,0,0,0,13522.0,2876.0,16398.0
Niedersachsen,2018-11,89,381,7347.5199999999995,4896.491,470,12244.010999999999,0,0,0,13522.0,2876.0,16398.0
Niedersachsen,2018-12,78,277,7564.659,5175.017,355,12739.676,0,0,0,13522.0,2876.0,16398.0
Niedersachsen,2019-01,273,651,51322.265,30589.903,924,81912.168,0,0,0,14028.0,2859.0,16887.0
Niedersachsen,2019-02,90,526,12432.025,12491.577,616,24923.602,0,0,0,14028.0,2859.0,16887.0
Niedersachsen,2019-03,125,631,12169.485,12379.547,756,24549.032,0,0,0,14028.0,2859.0,16887.0
Niedersachsen,2019-04,111,709,8437.646,10604.423999999999,820,19042.07,0,0,0,14028.0,2859.0,16887.0
Niedersachsen,2019-05,106,737,8419.521,9826.878,843,18246.399,0,0,0,14028.0,2859.0,16887.0
Niedersachsen,2019-06,96,705,4615.615,9630.776,801,14246.391,0,0,0,14028.0,2859.0,16887.0
Niedersachsen,2019-07,144,753,9563.173999999999,10068.87,897,19632.044,0,0,0,14028.0,2859.0,16887.0
Niedersachsen,2019-08,118,747,10756.269,8657.076000000001,865,19413.345,0,0,0,14028.0,2859.0,16887.0
Niedersachsen,2019-09,116,826,7543.875,9451.94,942,16995.815000000002,0,0,0,14028.0,2859.0,16887.0
Niedersachsen,2019-10,136,859,6323.2,10857.618,995,17180.818,0,0,0,14028.0,2859.0,16887.0
Niedersachsen,2019-11,100,780,6416.126,7378.885,880,13795.011,0,0,0,14028.0,2859.0,16887.0
Niedersachsen,2019-12,71,540,5666.515,6607.4710000000005,611,12273.986,0,0,0,14028.0,2859.0,16887.0
Niedersachsen,2020-01,188,1113,17979.422,17404.322,1301,35383.744,0,0,0,14728.0,3097.0,17825.0
Niedersachsen,2020-02,130,909,9425.55,11459.778,1039,20885.328,0,0,0,14728.0,3097.0,17825.0
Niedersachsen,2020-03,169,1255,14433.539999999999,15974.956,1424,30408.496,0,0,0,14728.0,3097.0,17825.0
Niedersachsen,2020-04,167,1237,9376.682,14684.809,1404,24061.491,0,0,0,14728.0,3097.0,17825.0
Niedersachsen,2020-05,194,1277,14339.706,16078.535,1471,30418.241,0,0,0,14728.0,3097.0,17825.0
Niedersachsen,2020-06,167,1338,12532.535,18034.096,1505,30566.631,0,0,0,14728.0,3097.0,17825.0
Niedersachsen,2020-07,170,1426,12780.210000000001,15729.481,1596,28509.691,0,0,0,14728.0,3097.0,17825.0
Niedersachsen,2020-08,136,1335,8005.1720000000005,14399.762999999999,1471,22404.934999999998,0,0,0,14728.0,3097.0,17825.0
Niedersachsen,2020-09,170,1473,10648.61,16696.459,1643,27345.069,0,0,0,14728.0,3097.0,17825.0
Niedersachsen,2020-10,154,1409,11614.858,15258.73,1563,26873.588,0,0,0,14728.0,3097.0,17825.0
Niedersachsen,2020-11,131,1327,10296.225,13608.362,1458,23904.587,0,0,0,14728.0,3097.0,17825.0
Niedersachsen,2020-12,142,980,15701.495,11118.495,1122,26819.99,0,0,0,14728.0,3097.0,17825.0
Niedersachsen,2021-01,148,1055,12438.82,13999.33,1203,26438.15,0,0,0,13719.0,2988.0,16707.0
Niedersachsen,2021-02,102,774,8630.76,7413.987,876,16044.747,0,0,0,13719.0,2988.0,16707.0
Niedersachsen,2021-03,188,1381,26114.17,20490.9,1569,46605.07,0,0,0,13719.0,2988.0,16707.0
Niedersachsen,2021-04,157,1607,6855.049,17131.078,1764,23986.127,0,0,0,13719.0,2988.0,16707.0
Niedersachsen,2021-05,143,1789,7675.435,18014.186,1932,25689.621000000003,0,0,0,13719.0,2988.0,16707.0
Niedersachsen,2021-06,181,2134,8503.735,21823.274,2315,30327.009000000002,0,0,0,13719.0,2988.0,16707.0
Niedersachsen,2021-07,190,2120,8440.692,22284.775,2310,30725.467,0,0,0,13719.0,2988.0,16707.0
Niedersachsen,2021-08,154,1939,7503.5,20026.083,2093,27529.583,0,0,0,13719.0,2988.0,16707.0
Niedersachsen,2021-09,196,2336,9016.82,23433.096,2532,32449.916,0,0,0,13719.0,2988.0,16707.0
Niedersachsen,2021-10,156,2288,7015.475,21663.121,2444,28678.595999999998,0,0,0,13719.0,2988.0,16707.0
Niedersachsen,2021-11,197,2528,9153.805,23397.424,2725,32551.229,0,0,0,13719.0,2988.0,16707.0
Niedersachsen,2021-12,180,1778,7003.41,16531.581,1958,23534.990999999998,0,0,0,13719.0,2988.0,16707.0
Niedersachsen,2022-01,162,2074,12116.54,21058.176,2236,33174.716,0,0,0,14202.0,3196.0,17398.0
Niedersachsen,2022-02,179,2085,15419.495,19936.474,2264,35355.969,0,0,0,14202.0,3196.0,17398.0
Niedersachsen,2022-03,210,3008,20888.335,28209.047,3218,49097.382,0,0,0,14202.0,3196.0,17398.0
Niedersachsen,2022-04,173,2504,8334.495,23018.793,2677,31353.288,0,0,0,14202.0,3196.0,17398.0
Niedersachsen,2022-05,203,3073,10989.096,29279.526,3276,40268.622,0,0,0,14202.0,3196.0,17398.0
Niedersachsen,2022-06,189,3212,12480.849,29446.474,3401,41927.323,0,0,0,14202.0,3196.0,17398.0
Niedersachsen,2022-07,188,2715,10260.77,24555.924,2903,34816.694,0,0,0,14202.0,3196.0,17398.0
Niedersachsen,2022-08,259,4141,16237.917,39028.322,4400,55266.239,0,0,0,14202.0,3196.0,17398.0
Niedersachsen,2022-09,249,4032,19807.796000000002,37984.476,4281,57792.272000000004,0,0,0,14202.0,3196.0,17398.0
Niedersachsen,2022-10,223,3199,10126.145,28789.15,3422,38915.295,0,0,0,14202.0,3196.0,17398.0
Niedersachsen,2022-11,245,2970,18019.29,27433.347,3215,45452.637,0,0,0,14202.0,3196.0,17398.0
Niedersachsen,2022-12,194,1723,26499.801,16006.743,1917,42506.544,0,0,0,14202.0,3196.0,17398.0
Niedersachsen,2023-01,299,7092,17973.28,70262.165,7391,88235.44499999999,1,0,1,11111.0,2896.0,14007.0
Niedersachsen,2023-02,288,6748,15479.724,65147.56,7036,80627.284,1,0,1,11111.0,2896.0,14007.0
Niedersachsen,2023-03,347,8625,17766.825,84488.034,8972,102254.859,1,0,1,11111.0,2896.0,14007.0
Niedersachsen,2023-04,268,7614,15767.16,72723.36,7882,88490.52,1,0,1,11111.0,2896.0,14007.0
Niedersachsen,2023-05,359,9102,19674.345,87954.824,9461,107629.169,1,0,1,11111.0,2896.0,14007.0
Niedersachsen,2023-06,466,10536,29765.496,100548.138,11002,130313.634,1,0,1,11111.0,2896.0,14007.0
Niedersachsen,2023-07,369,9000,30788.102,91925.009,9369,122713.111,1,0,1,11111.0,2896.0,14007.0
Niedersachsen,2023-08,434,9738,29128.454999999998,94585.006,10172,123713.461,1,0,1,11111.0,2896.0,14007.0
Niedersachsen,2023-09,448,8942,46666.504,84833.123,9390,131499.627,1,0,1,11111.0,2896.0,14007.0
Niedersachsen,2023-10,333,7539,24288.47,73784.749,7872,98073.219,1,0,1,11111.0,2896.0,14007.0
Niedersachsen,2023-11,363,8258,19058.955,78664.009,8621,97722.964,1,0,1,11111.0,2896.0,14007.0
Niedersachsen,2023-12,373,5033,25749.385,48358.949,5406,74108.334,1,0,1,11111.0,2896.0,14007.0
Niedersachsen,2024-01,584,6988,52882.34,90320.942,7572,143203.282,1,0,1,8738.0,2994.0,11732.0
Niedersachsen,2024-02,323,5953,18748.1,55312.721,6276,74060.821,1,0,1,8738.0,2994.0,11732.0
Niedersachsen,2024-03,350,6519,36443.371,63820.429000000004,6869,100263.8,1,0,1,8738.0,2994.0,11732.0
Niedersachsen,2024-04,390,7115,28382.655,69708.031,7505,98090.686,1,0,1,8738.0,2994.0,11732.0
Niedersachsen,2024-05,361,6565,32470.15,66644.663,6926,99114.813,1,0,1,8738.0,2994.0,11732.0
Niedersachsen,2024-06,432,6400,29664.542999999998,66320.827,6832,95985.37,1,0,1,8738.0,2994.0,11732.0
Niedersachsen,2024-07,526,6640,35524.625,74797.382,7166,110322.007,1,0,1,8738.0,2994.0,11732.0
Niedersachsen,2024-08,451,5980,26405.162,59287.636,6431,85692.798,1,0,1,8738.0,2994.0,11732.0
Niedersachsen,2024-09,335,5617,22765.946,58751.577,5952,81517.523,1,0,1,8738.0,2994.0,11732.0
Niedersachsen,2024-10,361,5343,30861.308,57529.603,5704,88390.91100000001,1,0,1,8738.0,2994.0,11732.0
Niedersachsen,2024-11,406,5360,25161.115,58129.028,5766,83290.143,1,0,1,8738.0,2994.0,11732.0
Niedersachsen,2024-12,482,5028,47503.065,66677.538,5510,114180.603,1,0,1,8738.0,2994.0,11732.0
Niedersachsen,2025-01,544,5544,46699.761,98995.7,6088,145695.461,1,1,2,6840.0,2386.0,9226.0
Niedersachsen,2025-02,387,4101,23243.53,43927.206,4488,67170.736,1,1,2,6840.0,2386.0,9226.0
Niedersachsen,2025-03,283,4144,17080.18,42701.294,4427,59781.474,1,1,2,6840.0,2386.0,9226.0
Niedersachsen,2025-04,312,4453,24704.745,45742.185,4765,70446.93,1,1,2,6840.0,2386.0,9226.0
Niedersachsen,2025-05,302,4591,21760.4,50046.116,4893,71806.516,1,1,2,6840.0,2386.0,9226.0
Niedersachsen,2025-06,344,4572,19717.754,48480.952,4916,68198.706,1,1,2,6840.0,2386.0,9226.0
Niedersachsen,2025-07,424,4746,27987.341,55022.551,5170,83009.89199999999,1,1,2,6840.0,2386.0,9226.0
Niedersachsen,2025-08,387,3966,21118.225,41332.461,4353,62450.686,1,1,2,6840.0,2386.0,9226.0
Niedersachsen,2025-09,390,4306,26272.507,44515.733,4696,70788.24,1,1,2,6840.0,2386.0,9226.0
Niedersachsen,2025-10,370,3944,21983.972999999998,40758.988,4314,62742.960999999996,1,1,2,6840.0,2386.0,9226.0
Niedersachsen,2025-11,266,3752,12699.045,39258.549,4018,51957.594,1,1,2,6840.0,2386.0,9226.0
Niedersachsen,2025-12,491,3180,23684.295,36885.166,3671,60569.460999999996,1,1,2,6840.0,2386.0,9226.0
Nordrhein-Westfalen,2015-01,77,518,4108.881,4190.36,595,8299.241,0,0,0,16686.0,3024.0,19710.0
Nordrhein-Westfalen,2015-02,45,376,2241.6,3213.733,421,5455.3330000000005,0,0,0,16686.0,3024.0,19710.0
Nordrhein-Westfalen,2015-03,69,513,5666.267,4021.503,582,9687.77,0,0,0,16686.0,3024.0,19710.0
Nordrhein-Westfalen,2015-04,67,596,2441.55,5384.459,663,7826.009,0,0,0,16686.0,3024.0,19710.0
Nordrhein-Westfalen,2015-05,81,619,4027.661,5063.5869999999995,700,9091.248,0,0,0,16686.0,3024.0,19710.0
Nordrhein-Westfalen,2015-06,83,696,4038.645,5866.265,779,9904.91,0,0,0,16686.0,3024.0,19710.0
Nordrhein-Westfalen,2015-07,85,697,3250.39,5501.765,782,8752.155,0,0,0,16686.0,3024.0,19710.0
Nordrhein-Westfalen,2015-08,92,712,6991.435,5583.053,804,12574.488000000001,0,0,0,16686.0,3024.0,19710.0
Nordrhein-Westfalen,2015-09,87,686,4198.494,5249.304,773,9447.797999999999,0,0,0,16686.0,3024.0,19710.0
Nordrhein-Westfalen,2015-10,92,662,3742.734,4713.355,754,8456.089,0,0,0,16686.0,3024.0,19710.0
Nordrhein-Westfalen,2015-11,74,550,4581.683,4165.16,624,8746.843,0,0,0,16686.0,3024.0,19710.0
Nordrhein-Westfalen,2015-12,128,482,12930.833999999999,5503.352,610,18434.185999999998,0,0,0,16686.0,3024.0,19710.0
Nordrhein-Westfalen,2016-01,94,515,3220.46,4163.763,609,7384.223,0,0,0,17415.0,3160.0,20575.0
Nordrhein-Westfalen,2016-02,61,498,2698.845,3354.812,559,6053.656999999999,0,0,0,17415.0,3160.0,20575.0
Nordrhein-Westfalen,2016-03,85,627,3421.677,4937.968,712,8359.645,0,0,0,17415.0,3160.0,20575.0
Nordrhein-Westfalen,2016-04,89,634,2376.868,5073.769,723,7450.637000000001,0,0,0,17415.0,3160.0,20575.0
Nordrhein-Westfalen,2016-05,74,615,1717.044,4654.451,689,6371.495,0,0,0,17415.0,3160.0,20575.0
Nordrhein-Westfalen,2016-06,96,780,2984.565,7042.618,876,10027.183,0,0,0,17415.0,3160.0,20575.0
Nordrhein-Westfalen,2016-07,72,677,2759.79,4828.727,749,7588.517,0,0,0,17415.0,3160.0,20575.0
Nordrhein-Westfalen,2016-08,107,739,8465.64,5787.006,846,14252.646,0,0,0,17415.0,3160.0,20575.0
Nordrhein-Westfalen,2016-09,97,686,4839.905,5218.421,783,10058.326000000001,0,0,0,17415.0,3160.0,20575.0
Nordrhein-Westfalen,2016-10,84,570,3711.348,3876.987,654,7588.335,0,0,0,17415.0,3160.0,20575.0
Nordrhein-Westfalen,2016-11,81,574,4191.524,3868.413,655,8059.937,0,0,0,17415.0,3160.0,20575.0
Nordrhein-Westfalen,2016-12,75,415,6967.620000000001,3006.983,490,9974.603000000001,0,0,0,17415.0,3160.0,20575.0
Nordrhein-Westfalen,2017-01,66,425,1672.11,3456.708,491,5128.818,0,0,0,17266.0,2863.0,20129.0
Nordrhein-Westfalen,2017-02,116,643,6346.205,7292.671,759,13638.876,0,0,0,17266.0,2863.0,20129.0
Nordrhein-Westfalen,2017-03,132,839,5910.895,9332.989,971,15243.884,0,0,0,17266.0,2863.0,20129.0
Nordrhein-Westfalen,2017-04,146,870,10911.197,10399.136,1016,21310.333,0,0,0,17266.0,2863.0,20129.0
Nordrhein-Westfalen,2017-05,123,886,6839.53,9780.876,1009,16620.406,0,0,0,17266.0,2863.0,20129.0
Nordrhein-Westfalen,2017-06,110,863,3135.505,9637.749,973,12773.254,0,0,0,17266.0,2863.0,20129.0
Nordrhein-Westfalen,2017-07,120,894,5950.405,9985.601,1014,15936.006000000001,0,0,0,17266.0,2863.0,20129.0
Nordrhein-Westfalen,2017-08,139,876,7839.76,9062.34,1015,16902.1,0,0,0,17266.0,2863.0,20129.0
Nordrhein-Westfalen,2017-09,120,946,4928.53,10664.581,1066,15593.111,0,0,0,17266.0,2863.0,20129.0
Nordrhein-Westfalen,2017-10,119,796,5534.995,7111.301,915,12646.296,0,0,0,17266.0,2863.0,20129.0
Nordrhein-Westfalen,2017-11,85,711,3775.16,5965.918,796,9741.078,0,0,0,17266.0,2863.0,20129.0
Nordrhein-Westfalen,2017-12,65,462,2681.035,3648.868,527,6329.903,0,0,0,17266.0,2863.0,20129.0
Nordrhein-Westfalen,2018-01,150,890,9123.795,14585.265,1040,23709.059999999998,0,0,0,16536.0,2784.0,19320.0
Nordrhein-Westfalen,2018-02,98,615,4746.513,7881.6359999999995,713,12628.149,0,0,0,16536.0,2784.0,19320.0
Nordrhein-Westfalen,2018-03,115,745,6723.255,10207.991,860,16931.246,0,0,0,16536.0,2784.0,19320.0
Nordrhein-Westfalen,2018-04,133,899,9541.224,12026.423,1032,21567.647,0,0,0,16536.0,2784.0,19320.0
Nordrhein-Westfalen,2018-05,123,877,8849.721,10161.364,1000,19011.085,0,0,0,16536.0,2784.0,19320.0
Nordrhein-Westfalen,2018-06,128,908,6883.47,13158.673999999999,1036,20042.144,0,0,0,16536.0,2784.0,19320.0
Nordrhein-Westfalen,2018-07,181,1081,15932.105,20849.769,1262,36781.873999999996,0,0,0,16536.0,2784.0,19320.0
Nordrhein-Westfalen,2018-08,170,926,11117.006,11726.451000000001,1096,22843.457000000002,0,0,0,16536.0,2784.0,19320.0
Nordrhein-Westfalen,2018-09,123,785,7944.153,9131.803,908,17075.956,0,0,0,16536.0,2784.0,19320.0
Nordrhein-Westfalen,2018-10,145,907,8302.136,10661.476,1052,18963.612,0,0,0,16536.0,2784.0,19320.0
Nordrhein-Westfalen,2018-11,143,836,10606.967,9849.278,979,20456.245000000003,0,0,0,16536.0,2784.0,19320.0
Nordrhein-Westfalen,2018-12,109,470,7075.875,8312.545,579,15388.42,0,0,0,16536.0,2784.0,19320.0
Nordrhein-Westfalen,2019-01,329,1272,47190.76,46328.054000000004,1601,93518.81400000001,0,0,0,17389.0,3102.0,20491.0
Nordrhein-Westfalen,2019-02,176,908,18558.33,17755.092,1084,36313.422000000006,0,0,0,17389.0,3102.0,20491.0
Nordrhein-Westfalen,2019-03,178,1124,18115.483,17450.184,1302,35565.667,0,0,0,17389.0,3102.0,20491.0
Nordrhein-Westfalen,2019-04,171,1334,11859.93,15721.339,1505,27581.269,0,0,0,17389.0,3102.0,20491.0
Nordrhein-Westfalen,2019-05,165,1481,14247.745,17870.876,1646,32118.621,0,0,0,17389.0,3102.0,20491.0
Nordrhein-Westfalen,2019-06,182,1350,10908.52,15917.498,1532,26826.018,0,0,0,17389.0,3102.0,20491.0
Nordrhein-Westfalen,2019-07,225,1715,12207.041,18033.442,1940,30240.483,0,0,0,17389.0,3102.0,20491.0
Nordrhein-Westfalen,2019-08,196,1578,10126.575,17990.402,1774,28116.977,0,0,0,17389.0,3102.0,20491.0
Nordrhein-Westfalen,2019-09,169,1689,13539.707,20639.178,1858,34178.885,0,0,0,17389.0,3102.0,20491.0
Nordrhein-Westfalen,2019-10,191,1863,11393.842,19468.059,2054,30861.901,0,0,0,17389.0,3102.0,20491.0
Nordrhein-Westfalen,2019-11,169,1699,9000.612,15119.14,1868,24119.752,0,0,0,17389.0,3102.0,20491.0
Nordrhein-Westfalen,2019-12,141,1020,8060.179,10754.781,1161,18814.96,0,0,0,17389.0,3102.0,20491.0
Nordrhein-Westfalen,2020-01,354,2303,28241.837,29492.872,2657,57734.709,0,0,0,17021.0,3019.0,20040.0
Nordrhein-Westfalen,2020-02,180,1794,13014.46,19475.15,1974,32489.61,0,0,0,17021.0,3019.0,20040.0
Nordrhein-Westfalen,2020-03,266,2523,18545.653,28148.221,2789,46693.873999999996,0,0,0,17021.0,3019.0,20040.0
Nordrhein-Westfalen,2020-04,265,2463,18085.996,25959.762,2728,44045.758,0,0,0,17021.0,3019.0,20040.0
Nordrhein-Westfalen,2020-05,243,2473,13248.28,24118.083,2716,37366.363,0,0,0,17021.0,3019.0,20040.0
Nordrhein-Westfalen,2020-06,230,2667,14881.672,30827.855,2897,45709.527,0,0,0,17021.0,3019.0,20040.0
Nordrhein-Westfalen,2020-07,268,2836,14499.732,29401.974,3104,43901.706,0,0,0,17021.0,3019.0,20040.0
Nordrhein-Westfalen,2020-08,240,2797,14104.195,28470.082,3037,42574.277,0,0,0,17021.0,3019.0,20040.0
Nordrhein-Westfalen,2020-09,290,2931,19413.97,29024.618,3221,48438.588,0,0,0,17021.0,3019.0,20040.0
Nordrhein-Westfalen,2020-10,215,2916,10257.838,25530.456000000002,3131,35788.294,0,0,0,17021.0,3019.0,20040.0
Nordrhein-Westfalen,2020-11,235,2823,15515.375,25120.93,3058,40636.305,0,0,0,17021.0,3019.0,20040.0
Nordrhein-Westfalen,2020-12,241,2024,20517.765,18087.839,2265,38605.604,0,0,0,17021.0,3019.0,20040.0
Nordrhein-Westfalen,2021-01,303,2706,17330.345,28300.572,3009,45630.917,0,0,0,16019.0,2768.0,18787.0
Nordrhein-Westfalen,2021-02,212,2387,14241.401,23490.363,2599,37731.764,0,0,0,16019.0,2768.0,18787.0
Nordrhein-Westfalen,2021-03,341,3436,31604.982,35061.774,3777,66666.756,0,0,0,16019.0,2768.0,18787.0
Nordrhein-Westfalen,2021-04,259,3230,10234.438,30139.591,3489,40374.029,0,0,0,16019.0,2768.0,18787.0
Nordrhein-Westfalen,2021-05,273,3298,11459.265,31346.846,3571,42806.111000000004,0,0,0,16019.0,2768.0,18787.0
Nordrhein-Westfalen,2021-06,299,3732,12758.505,35270.505,4031,48029.009999999995,0,0,0,16019.0,2768.0,18787.0
Nordrhein-Westfalen,2021-07,252,3245,11025.75,30454.671,3497,41480.421,0,0,0,16019.0,2768.0,18787.0
Nordrhein-Westfalen,2021-08,236,3542,14276.315,33401.308,3778,47677.623,0,0,0,16019.0,2768.0,18787.0
Nordrhein-Westfalen,2021-09,288,3944,13761.01,36189.853,4232,49950.863000000005,0,0,0,16019.0,2768.0,18787.0
Nordrhein-Westfalen,2021-10,267,3754,14183.705,34138.912,4021,48322.617,0,0,0,16019.0,2768.0,18787.0
Nordrhein-Westfalen,2021-11,266,3671,10669.525,32022.232,3937,42691.757,0,0,0,16019.0,2768.0,18787.0
Nordrhein-Westfalen,2021-12,179,2739,13280.155,24922.371,2918,38202.526,0,0,0,16019.0,2768.0,18787.0
Nordrhein-Westfalen,2022-01,270,3636,15516.94,35135.169,3906,50652.109000000004,0,0,0,15344.0,2418.0,17762.0
Nordrhein-Westfalen,2022-02,267,3640,15649.26,32114.601,3907,47763.861,0,0,0,15344.0,2418.0,17762.0
Nordrhein-Westfalen,2022-03,307,5254,26005.166,47067.272,5561,73072.438,0,0,0,15344.0,2418.0,17762.0
Nordrhein-Westfalen,2022-04,276,4466,16973.415,38849.575,4742,55822.99,0,0,0,15344.0,2418.0,17762.0
Nordrhein-Westfalen,2022-05,331,5307,18409.837,47738.551,5638,66148.388,0,0,0,15344.0,2418.0,17762.0
Nordrhein-Westfalen,2022-06,250,4971,15701.61,44107.479,5221,59809.089,0,0,0,15344.0,2418.0,17762.0
Nordrhein-Westfalen,2022-07,249,4363,18773.195,38569.034,4612,57342.229,0,0,0,15344.0,2418.0,17762.0
Nordrhein-Westfalen,2022-08,416,7616,24796.732,69640.376,8032,94437.10800000001,0,0,0,15344.0,2418.0,17762.0
Nordrhein-Westfalen,2022-09,316,6592,18181.037,58545.613,6908,76726.65,0,0,0,15344.0,2418.0,17762.0
Nordrhein-Westfalen,2022-10,327,5767,21170.702,49251.265,6094,70421.967,0,0,0,15344.0,2418.0,17762.0
Nordrhein-Westfalen,2022-11,348,5360,19199.54,47595.373,5708,66794.913,0,0,0,15344.0,2418.0,17762.0
Nordrhein-Westfalen,2022-12,270,2946,21255.165,26372.008,3216,47627.173,0,0,0,15344.0,2418.0,17762.0
Nordrhein-Westfalen,2023-01,440,12114,26896.3,111753.083,12554,138649.383,0,0,0,14143.0,2630.0,16773.0
Nordrhein-Westfalen,2023-02,430,10641,28834.406,97631.773,11071,126466.179,0,0,0,14143.0,2630.0,16773.0
Nordrhein-Westfalen,2023-03,579,13829,29152.054,128081.989,14408,157234.043,0,0,0,14143.0,2630.0,16773.0
Nordrhein-Westfalen,2023-04,489,11701,27479.32,107997.868,12190,135477.188,0,0,0,14143.0,2630.0,16773.0
Nordrhein-Westfalen,2023-05,585,14515,34439.187,133128.16,15100,167567.347,0,0,0,14143.0,2630.0,16773.0
Nordrhein-Westfalen,2023-06,618,15703,38172.687,148132.426,16321,186305.113,0,0,0,14143.0,2630.0,16773.0
Nordrhein-Westfalen,2023-07,590,14338,45531.143000000004,134469.939,14928,180001.08200000002,0,0,0,14143.0,2630.0,16773.0
Nordrhein-Westfalen,2023-08,679,16154,45934.356,148420.137,16833,194354.493,0,0,0,14143.0,2630.0,16773.0
Nordrhein-Westfalen,2023-09,570,14143,37222.926999999996,133186.749,14713,170409.676,0,0,0,14143.0,2630.0,16773.0
Nordrhein-Westfalen,2023-10,555,12990,36715.766,118426.694,13545,155142.46000000002,0,0,0,14143.0,2630.0,16773.0
Nordrhein-Westfalen,2023-11,601,12317,42091.376,113262.592,12918,155353.968,0,0,0,14143.0,2630.0,16773.0
Nordrhein-Westfalen,2023-12,532,8290,37133.46,78850.708,8822,115984.168,0,0,0,14143.0,2630.0,16773.0
Nordrhein-Westfalen,2024-01,724,10737,73231.41,121533.991,11461,194765.401,1,0,1,10901.0,2533.0,13434.0
Nordrhein-Westfalen,2024-02,496,9136,49404.965,84446.878,9632,133851.843,1,0,1,10901.0,2533.0,13434.0
Nordrhein-Westfalen,2024-03,605,10313,48483.887,96022.01,10918,144505.897,1,0,1,10901.0,2533.0,13434.0
Nordrhein-Westfalen,2024-04,599,10438,37082.583,99899.654,11037,136982.237,1,0,1,10901.0,2533.0,13434.0
Nordrhein-Westfalen,2024-05,556,9875,38513.231,96401.997,10431,134915.228,1,0,1,10901.0,2533.0,13434.0
Nordrhein-Westfalen,2024-06,757,10177,59001.999,99396.081,10934,158398.08000000002,1,0,1,10901.0,2533.0,13434.0
Nordrhein-Westfalen,2024-07,886,11432,54784.02,117811.275,12318,172595.29499999998,1,0,1,10901.0,2533.0,13434.0
Nordrhein-Westfalen,2024-08,656,8963,44866.895,86127.904,9619,130994.799,1,0,1,10901.0,2533.0,13434.0
Nordrhein-Westfalen,2024-09,607,8728,44831.8,84830.509,9335,129662.30900000001,1,0,1,10901.0,2533.0,13434.0
Nordrhein-Westfalen,2024-10,700,8728,53691.56,86609.308,9428,140300.86800000002,1,0,1,10901.0,2533.0,13434.0
Nordrhein-Westfalen,2024-11,782,8447,47992.305,87142.08,9229,135134.385,1,0,1,10901.0,2533.0,13434.0
Nordrhein-Westfalen,2024-12,794,7748,67353.1,93824.69900000001,8542,161177.799,1,0,1,10901.0,2533.0,13434.0
Nordrhein-Westfalen,2025-01,784,8039,66462.536,108027.762,8823,174490.298,1,1,2,9301.0,2566.0,11867.0
Nordrhein-Westfalen,2025-02,639,6819,40435.893,72562.228,7458,112998.121,1,1,2,9301.0,2566.0,11867.0
Nordrhein-Westfalen,2025-03,523,6672,37329.416,65221.464,7195,102550.88,1,1,2,9301.0,2566.0,11867.0
Nordrhein-Westfalen,2025-04,530,6948,46940.612,69685.98300000001,7478,116626.595,1,1,2,9301.0,2566.0,11867.0
Nordrhein-Westfalen,2025-05,545,7521,42269.825,74795.401,8066,117065.226,1,1,2,9301.0,2566.0,11867.0
Nordrhein-Westfalen,2025-06,562,7021,37240.675,71866.182,7583,109106.857,1,1,2,9301.0,2566.0,11867.0
Nordrhein-Westfalen,2025-07,701,8284,41390.835,89714.57,8985,131105.405,1,1,2,9301.0,2566.0,11867.0
Nordrhein-Westfalen,2025-08,452,6188,29523.976,62924.401,6640,92448.377,1,1,2,9301.0,2566.0,11867.0
Nordrhein-Westfalen,2025-09,583,7075,36359.799,71418.462,7658,107778.261,1,1,2,9301.0,2566.0,11867.0
Nordrhein-Westfalen,2025-10,539,6800,43129.325,68983.037,7339,112112.362,1,1,2,9301.0,2566.0,11867.0
Nordrhein-Westfalen,2025-11,528,6344,45175.892,66088.601,6872,111264.49299999999,1,1,2,9301.0,2566.0,11867.0
Nordrhein-Westfalen,2025-12,696,5386,35424.04,57103.065,6082,92527.10500000001,1,1,2,9301.0,2566.0,11867.0
Rheinland-Pfalz,2015-01,21,203,746.46,1619.491,224,2365.951,0,0,0,5550.0,1312.0,6862.0
Rheinland-Pfalz,2015-02,17,132,1150.5,1149.305,149,2299.8050000000003,0,0,0,5550.0,1312.0,6862.0
Rheinland-Pfalz,2015-03,26,207,520.376,1842.52,233,2362.8959999999997,0,0,0,5550.0,1312.0,6862.0
Rheinland-Pfalz,2015-04,29,215,851.165,1741.524,244,2592.689,0,0,0,5550.0,1312.0,6862.0
Rheinland-Pfalz,2015-05,17,223,579.47,1763.748,240,2343.218,0,0,0,5550.0,1312.0,6862.0
Rheinland-Pfalz,2015-06,31,219,1276.1000000000001,1574.437,250,2850.5370000000003,0,0,0,5550.0,1312.0,6862.0
Rheinland-Pfalz,2015-07,36,278,1437.91,2404.128,314,3842.0380000000005,0,0,0,5550.0,1312.0,6862.0
Rheinland-Pfalz,2015-08,37,241,2353.945,2104.905,278,4458.85,0,0,0,5550.0,1312.0,6862.0
Rheinland-Pfalz,2015-09,26,274,1474.07,2231.739,300,3705.809,0,0,0,5550.0,1312.0,6862.0
Rheinland-Pfalz,2015-10,19,220,1222.545,1578.603,239,2801.148,0,0,0,5550.0,1312.0,6862.0
Rheinland-Pfalz,2015-11,28,187,1362.242,1410.873,215,2773.115,0,0,0,5550.0,1312.0,6862.0
Rheinland-Pfalz,2015-12,34,140,2998.449,1055.137,174,4053.5860000000002,0,0,0,5550.0,1312.0,6862.0
Rheinland-Pfalz,2016-01,34,215,764.467,1686.846,249,2451.313,0,0,0,5935.0,1316.0,7251.0
Rheinland-Pfalz,2016-02,17,163,795.55,1339.819,180,2135.3689999999997,0,0,0,5935.0,1316.0,7251.0
Rheinland-Pfalz,2016-03,38,183,2181.459,1572.969,221,3754.428,0,0,0,5935.0,1316.0,7251.0
Rheinland-Pfalz,2016-04,32,223,702.76,1839.481,255,2542.241,0,0,0,5935.0,1316.0,7251.0
Rheinland-Pfalz,2016-05,33,221,1651.608,1602.756,254,3254.364,0,0,0,5935.0,1316.0,7251.0
Rheinland-Pfalz,2016-06,25,279,1853.0,2354.672,304,4207.6720000000005,0,0,0,5935.0,1316.0,7251.0
Rheinland-Pfalz,2016-07,35,245,1215.04,1688.438,280,2903.478,0,0,0,5935.0,1316.0,7251.0
Rheinland-Pfalz,2016-08,32,250,2107.89,2117.188,282,4225.0779999999995,0,0,0,5935.0,1316.0,7251.0
Rheinland-Pfalz,2016-09,28,286,1093.35,2206.255,314,3299.605,0,0,0,5935.0,1316.0,7251.0
Rheinland-Pfalz,2016-10,34,233,3919.35,1711.041,267,5630.391,0,0,0,5935.0,1316.0,7251.0
Rheinland-Pfalz,2016-11,29,224,1609.084,2007.128,253,3616.212,0,0,0,5935.0,1316.0,7251.0
Rheinland-Pfalz,2016-12,35,114,11970.96,735.7379999999999,149,12706.697999999999,0,0,0,5935.0,1316.0,7251.0
Rheinland-Pfalz,2017-01,22,157,524.8199999999999,1242.63,179,1767.45,0,0,0,5894.0,1283.0,7177.0
Rheinland-Pfalz,2017-02,33,211,1380.1299999999999,2393.4049999999997,244,3773.535,0,0,0,5894.0,1283.0,7177.0
Rheinland-Pfalz,2017-03,38,296,1787.212,2734.574,334,4521.786,0,0,0,5894.0,1283.0,7177.0
Rheinland-Pfalz,2017-04,41,309,2335.1150000000002,3307.848,350,5642.963,0,0,0,5894.0,1283.0,7177.0
Rheinland-Pfalz,2017-05,50,367,2015.3700000000001,3422.158,417,5437.528,0,0,0,5894.0,1283.0,7177.0
Rheinland-Pfalz,2017-06,34,327,1192.222,2677.4519999999998,361,3869.674,0,0,0,5894.0,1283.0,7177.0
Rheinland-Pfalz,2017-07,45,322,4459.356,2612.552,367,7071.907999999999,0,0,0,5894.0,1283.0,7177.0
Rheinland-Pfalz,2017-08,28,341,825.99,2790.92,369,3616.91,0,0,0,5894.0,1283.0,7177.0
Rheinland-Pfalz,2017-09,40,344,931.74,3131.525,384,4063.2650000000003,0,0,0,5894.0,1283.0,7177.0
Rheinland-Pfalz,2017-10,33,309,2129.75,2382.603,342,4512.353,0,0,0,5894.0,1283.0,7177.0
Rheinland-Pfalz,2017-11,28,237,1064.605,1705.53,265,2770.135,0,0,0,5894.0,1283.0,7177.0
Rheinland-Pfalz,2017-12,29,142,1145.49,934.636,171,2080.126,0,0,0,5894.0,1283.0,7177.0
Rheinland-Pfalz,2018-01,71,321,3214.939,3240.515,392,6455.454,0,0,0,6387.0,1425.0,7812.0
Rheinland-Pfalz,2018-02,39,207,3383.785,2208.362,246,5592.147,0,0,0,6387.0,1425.0,7812.0
Rheinland-Pfalz,2018-03,47,280,2589.84,3031.828,327,5621.668,0,0,0,6387.0,1425.0,7812.0
Rheinland-Pfalz,2018-04,64,317,2563.61,3023.443,381,5587.053,0,0,0,6387.0,1425.0,7812.0
Rheinland-Pfalz,2018-05,54,364,2988.115,3948.803,418,6936.918,0,0,0,6387.0,1425.0,7812.0
Rheinland-Pfalz,2018-06,58,385,3844.986,3608.377,443,7453.362999999999,0,0,0,6387.0,1425.0,7812.0
Rheinland-Pfalz,2018-07,56,345,2425.13,4652.977,401,7078.107,0,0,0,6387.0,1425.0,7812.0
Rheinland-Pfalz,2018-08,66,344,3990.156,3221.539,410,7211.695,0,0,0,6387.0,1425.0,7812.0
Rheinland-Pfalz,2018-09,58,341,3081.41,3098.418,399,6179.8279999999995,0,0,0,6387.0,1425.0,7812.0
Rheinland-Pfalz,2018-10,52,323,2008.1580000000001,3877.0299999999997,375,5885.188,0,0,0,6387.0,1425.0,7812.0
Rheinland-Pfalz,2018-11,75,304,4614.74,3156.962,379,7771.701999999999,0,0,0,6387.0,1425.0,7812.0
Rheinland-Pfalz,2018-12,29,151,3678.474,2555.145,180,6233.619000000001,0,0,0,6387.0,1425.0,7812.0
Rheinland-Pfalz,2019-01,129,402,15317.152,7149.19,531,22466.342,0,0,0,5893.0,1322.0,7215.0
Rheinland-Pfalz,2019-02,63,316,4377.645,3467.883,379,7845.528,0,0,0,5893.0,1322.0,7215.0
Rheinland-Pfalz,2019-03,70,417,6982.465,5090.684,487,12073.149000000001,0,0,0,5893.0,1322.0,7215.0
Rheinland-Pfalz,2019-04,57,455,4014.805,4693.72,512,8708.525,0,0,0,5893.0,1322.0,7215.0
Rheinland-Pfalz,2019-05,60,476,2113.085,4432.796,536,6545.881,0,0,0,5893.0,1322.0,7215.0
Rheinland-Pfalz,2019-06,59,444,2374.172,4544.918,503,6919.09,0,0,0,5893.0,1322.0,7215.0
Rheinland-Pfalz,2019-07,66,533,3461.518,4639.994,599,8101.512,0,0,0,5893.0,1322.0,7215.0
Rheinland-Pfalz,2019-08,48,553,2841.675,4711.579,601,7553.254,0,0,0,5893.0,1322.0,7215.0
Rheinland-Pfalz,2019-09,57,512,2576.386,4607.776,569,7184.162,0,0,0,5893.0,1322.0,7215.0
Rheinland-Pfalz,2019-10,55,586,2178.07,5358.894,641,7536.964,0,0,0,5893.0,1322.0,7215.0
Rheinland-Pfalz,2019-11,61,497,3001.245,4442.7,558,7443.945,0,0,0,5893.0,1322.0,7215.0
Rheinland-Pfalz,2019-12,29,293,2161.276,2353.017,322,4514.293,0,0,0,5893.0,1322.0,7215.0
Rheinland-Pfalz,2020-01,98,634,5977.305,6372.996,732,12350.301,0,0,0,6041.0,1158.0,7199.0
Rheinland-Pfalz,2020-02,61,509,3573.515,5215.474,570,8788.989,0,0,0,6041.0,1158.0,7199.0
Rheinland-Pfalz,2020-03,85,787,4291.31,7676.854,872,11968.164,0,0,0,6041.0,1158.0,7199.0
Rheinland-Pfalz,2020-04,84,879,5362.975,8623.099,963,13986.074,0,0,0,6041.0,1158.0,7199.0
Rheinland-Pfalz,2020-05,57,818,3399.97,8292.546,875,11692.516,0,0,0,6041.0,1158.0,7199.0
Rheinland-Pfalz,2020-06,83,877,5198.51,9118.25,960,14316.76,0,0,0,6041.0,1158.0,7199.0
Rheinland-Pfalz,2020-07,90,898,4700.88,8368.41,988,13069.29,0,0,0,6041.0,1158.0,7199.0
Rheinland-Pfalz,2020-08,83,818,4912.24,8548.694,901,13460.934,0,0,0,6041.0,1158.0,7199.0
Rheinland-Pfalz,2020-09,93,844,5347.45,7439.614,937,12787.063999999998,0,0,0,6041.0,1158.0,7199.0
Rheinland-Pfalz,2020-10,80,885,4874.6,7598.61,965,12473.21,0,0,0,6041.0,1158.0,7199.0
Rheinland-Pfalz,2020-11,84,880,4754.265,7839.963,964,12594.228,0,0,0,6041.0,1158.0,7199.0
Rheinland-Pfalz,2020-12,55,567,2287.55,5481.033,622,7768.5830000000005,0,0,0,6041.0,1158.0,7199.0
Rheinland-Pfalz,2021-01,84,812,6410.868,8758.85,896,15169.718,0,0,0,5582.0,1117.0,6699.0
Rheinland-Pfalz,2021-02,63,750,4468.215,7843.394,813,12311.609,0,0,0,5582.0,1117.0,6699.0
Rheinland-Pfalz,2021-03,109,1133,10614.251,12445.208,1242,23059.459000000003,0,0,0,5582.0,1117.0,6699.0
Rheinland-Pfalz,2021-04,86,1063,3626.263,10083.392,1149,13709.654999999999,0,0,0,5582.0,1117.0,6699.0
Rheinland-Pfalz,2021-05,99,1001,5690.269,9697.216,1100,15387.485,0,0,0,5582.0,1117.0,6699.0
Rheinland-Pfalz,2021-06,86,1202,3699.1,11202.611,1288,14901.711000000001,0,0,0,5582.0,1117.0,6699.0
Rheinland-Pfalz,2021-07,81,1146,4273.98,10584.535,1227,14858.515,0,0,0,5582.0,1117.0,6699.0
Rheinland-Pfalz,2021-08,63,996,2385.05,9289.751,1059,11674.801,0,0,0,5582.0,1117.0,6699.0
Rheinland-Pfalz,2021-09,78,1280,3714.5,11894.439,1358,15608.939,0,0,0,5582.0,1117.0,6699.0
Rheinland-Pfalz,2021-10,65,1237,2278.585,11605.328,1302,13883.913,0,0,0,5582.0,1117.0,6699.0
Rheinland-Pfalz,2021-11,63,1080,2292.0389999999998,10019.087,1143,12311.126,0,0,0,5582.0,1117.0,6699.0
Rheinland-Pfalz,2021-12,51,813,2091.115,7475.427,864,9566.542,0,0,0,5582.0,1117.0,6699.0
Rheinland-Pfalz,2022-01,84,1095,5441.525,10437.479,1179,15879.003999999999,0,0,0,5611.0,1083.0,6694.0
Rheinland-Pfalz,2022-02,70,1097,3422.612,10431.306,1167,13853.918000000001,0,0,0,5611.0,1083.0,6694.0
Rheinland-Pfalz,2022-03,110,1595,9230.015,14382.999,1705,23613.014,0,0,0,5611.0,1083.0,6694.0
Rheinland-Pfalz,2022-04,75,1382,4057.802,12596.166,1457,16653.968,0,0,0,5611.0,1083.0,6694.0
Rheinland-Pfalz,2022-05,86,1528,3993.697,14069.103,1614,18062.8,0,0,0,5611.0,1083.0,6694.0
Rheinland-Pfalz,2022-06,96,1467,4808.44,13260.962,1563,18069.402,0,0,0,5611.0,1083.0,6694.0
Rheinland-Pfalz,2022-07,66,1373,3774.63,12481.537,1439,16256.167000000001,0,0,0,5611.0,1083.0,6694.0
Rheinland-Pfalz,2022-08,92,2017,4940.666,18808.178,2109,23748.844,0,0,0,5611.0,1083.0,6694.0
Rheinland-Pfalz,2022-09,82,1978,5045.882,18030.314,2060,23076.195999999996,0,0,0,5611.0,1083.0,6694.0
Rheinland-Pfalz,2022-10,74,1558,2974.12,13881.68,1632,16855.8,0,0,0,5611.0,1083.0,6694.0
Rheinland-Pfalz,2022-11,86,1508,3881.945,13388.707,1594,17270.652000000002,0,0,0,5611.0,1083.0,6694.0
Rheinland-Pfalz,2022-12,50,877,3767.233,8816.15,927,12583.383,0,0,0,5611.0,1083.0,6694.0
Rheinland-Pfalz,2023-01,112,3402,5081.58,32180.666,3514,37262.246,1,0,1,5487.0,1262.0,6749.0
Rheinland-Pfalz,2023-02,106,2828,5601.32,26730.242,2934,32331.561999999998,1,0,1,5487.0,1262.0,6749.0
Rheinland-Pfalz,2023-03,120,3739,7751.528,35547.469,3859,43298.996999999996,1,0,1,5487.0,1262.0,6749.0
Rheinland-Pfalz,2023-04,98,3439,4989.92,32418.48,3537,37408.4,1,0,1,5487.0,1262.0,6749.0
Rheinland-Pfalz,2023-05,138,4101,8541.74,38841.394,4239,47383.134,1,0,1,5487.0,1262.0,6749.0
Rheinland-Pfalz,2023-06,186,4337,11704.41,42516.043,4523,54220.452999999994,1,0,1,5487.0,1262.0,6749.0
Rheinland-Pfalz,2023-07,166,4599,8079.394,45636.115,4765,53715.509,1,0,1,5487.0,1262.0,6749.0
Rheinland-Pfalz,2023-08,188,4444,10676.99,43434.839,4632,54111.829,1,0,1,5487.0,1262.0,6749.0
Rheinland-Pfalz,2023-09,167,4220,8295.61,41625.829,4387,49921.439,1,0,1,5487.0,1262.0,6749.0
Rheinland-Pfalz,2023-10,148,3966,8414.98,37533.271,4114,45948.251000000004,1,0,1,5487.0,1262.0,6749.0
Rheinland-Pfalz,2023-11,158,3770,8025.19,35476.072,3928,43501.262,1,0,1,5487.0,1262.0,6749.0
Rheinland-Pfalz,2023-12,120,2736,8201.259,27458.213,2856,35659.472,1,0,1,5487.0,1262.0,6749.0
Rheinland-Pfalz,2024-01,217,3372,17621.339,35849.415,3589,53470.754,1,0,1,3987.0,988.0,4975.0
Rheinland-Pfalz,2024-02,133,2870,9820.880000000001,26666.41,3003,36487.29,1,0,1,3987.0,988.0,4975.0
Rheinland-Pfalz,2024-03,142,3203,13677.130000000001,30401.088,3345,44078.218,1,0,1,3987.0,988.0,4975.0
Rheinland-Pfalz,2024-04,149,3512,11592.574,33220.519,3661,44813.093,1,0,1,3987.0,988.0,4975.0
Rheinland-Pfalz,2024-05,145,3099,10870.705,31472.434,3244,42343.139,1,0,1,3987.0,988.0,4975.0
Rheinland-Pfalz,2024-06,161,3210,10586.36,31654.019,3371,42240.379,1,0,1,3987.0,988.0,4975.0
Rheinland-Pfalz,2024-07,211,3669,16161.904,38642.797,3880,54804.701,1,0,1,3987.0,988.0,4975.0
Rheinland-Pfalz,2024-08,112,2738,11186.005,26542.1,2850,37728.104999999996,1,0,1,3987.0,988.0,4975.0
Rheinland-Pfalz,2024-09,161,2817,8335.137,29126.323,2978,37461.46,1,0,1,3987.0,988.0,4975.0
Rheinland-Pfalz,2024-10,152,2827,6581.585,29343.49,2979,35925.075000000004,1,0,1,3987.0,988.0,4975.0
Rheinland-Pfalz,2024-11,168,2718,11296.25,28967.57,2886,40263.82,1,0,1,3987.0,988.0,4975.0
Rheinland-Pfalz,2024-12,161,2210,13763.175,25352.651,2371,39115.826,1,0,1,3987.0,988.0,4975.0
Rheinland-Pfalz,2025-01,191,2493,13037.991,30032.417,2684,43070.408,1,0,1,2822.0,1021.0,3843.0
Rheinland-Pfalz,2025-02,127,2071,12810.855,22387.586,2198,35198.441,1,0,1,2822.0,1021.0,3843.0
Rheinland-Pfalz,2025-03,108,2014,6335.6900000000005,20429.972,2122,26765.662000000004,1,0,1,2822.0,1021.0,3843.0
Rheinland-Pfalz,2025-04,117,2099,8347.695,22011.599,2216,30359.293999999998,1,0,1,2822.0,1021.0,3843.0
Rheinland-Pfalz,2025-05,119,2303,12123.962,23762.787,2422,35886.748999999996,1,0,1,2822.0,1021.0,3843.0
Rheinland-Pfalz,2025-06,102,2124,11214.81,22668.029,2226,33882.839,1,0,1,2822.0,1021.0,3843.0
Rheinland-Pfalz,2025-07,133,2486,12192.19,26828.007,2619,39020.197,1,0,1,2822.0,1021.0,3843.0
Rheinland-Pfalz,2025-08,111,1923,7500.145,19772.794,2034,27272.939000000002,1,0,1,2822.0,1021.0,3843.0
Rheinland-Pfalz,2025-09,119,2097,13318.88,24031.938,2216,37350.818,1,0,1,2822.0,1021.0,3843.0
Rheinland-Pfalz,2025-10,134,2077,10015.2,22350.362,2211,32365.562,1,0,1,2822.0,1021.0,3843.0
Rheinland-Pfalz,2025-11,146,1897,5097.105,20668.895,2043,25766.0,1,0,1,2822.0,1021.0,3843.0
Rheinland-Pfalz,2025-12,123,1510,7651.535,17195.585,1633,24847.12,1,0,1,2822.0,1021.0,3843.0
Saarland,2015-01,9,30,473.569,212.09,39,685.659,0,0,0,779.0,264.0,1043.0
Saarland,2015-02,4,18,337.5,120.804,22,458.304,0,0,0,779.0,264.0,1043.0
Saarland,2015-03,8,37,214.845,316.48,45,531.325,0,0,0,779.0,264.0,1043.0
Saarland,2015-04,4,40,106.305,281.155,44,387.46,0,0,0,779.0,264.0,1043.0
Saarland,2015-05,4,46,153.2,381.015,50,534.2149999999999,0,0,0,779.0,264.0,1043.0
Saarland,2015-06,4,47,294.58000000000004,356.66700000000003,51,651.2470000000001,0,0,0,779.0,264.0,1043.0
Saarland,2015-07,7,45,114.3,311.251,52,425.551,0,0,0,779.0,264.0,1043.0
Saarland,2015-08,4,46,243.38,344.77,50,588.15,0,0,0,779.0,264.0,1043.0
Saarland,2015-09,4,37,39.808,297.923,41,337.731,0,0,0,779.0,264.0,1043.0
Saarland,2015-10,4,43,29.77,280.478,47,310.248,0,0,0,779.0,264.0,1043.0
Saarland,2015-11,4,38,323.95,742.036,42,1065.9859999999999,0,0,0,779.0,264.0,1043.0
Saarland,2015-12,10,30,1001.5,241.38500000000002,40,1242.885,0,0,0,779.0,264.0,1043.0
Saarland,2016-01,1,26,9.0,206.685,27,215.685,0,0,0,864.0,321.0,1185.0
Saarland,2016-02,3,33,797.05,220.805,36,1017.855,0,0,0,864.0,321.0,1185.0
Saarland,2016-03,5,37,158.0,237.42,42,395.41999999999996,0,0,0,864.0,321.0,1185.0
Saarland,2016-04,6,31,266.08,227.489,37,493.56899999999996,0,0,0,864.0,321.0,1185.0
Saarland,2016-05,7,45,110.14,289.882,52,400.022,0,0,0,864.0,321.0,1185.0
Saarland,2016-06,7,39,302.37,308.29,46,610.6600000000001,0,0,0,864.0,321.0,1185.0
Saarland,2016-07,7,41,331.695,247.782,48,579.477,0,0,0,864.0,321.0,1185.0
Saarland,2016-08,8,42,384.73,285.705,50,670.435,0,0,0,864.0,321.0,1185.0
Saarland,2016-09,17,60,219.325,381.219,77,600.544,0,0,0,864.0,321.0,1185.0
Saarland,2016-10,5,39,1571.645,279.21999999999997,44,1850.865,0,0,0,864.0,321.0,1185.0
Saarland,2016-11,4,56,91.18,453.539,60,544.719,0,0,0,864.0,321.0,1185.0
Saarland,2016-12,4,33,1470.0,249.295,37,1719.295,0,0,0,864.0,321.0,1185.0
Saarland,2017-01,1,24,8.0,232.87,25,240.87,0,0,0,862.0,384.0,1246.0
Saarland,2017-02,14,43,386.58000000000004,300.03499999999997,57,686.615,0,0,0,862.0,384.0,1246.0
Saarland,2017-03,6,50,241.10199999999998,384.349,56,625.451,0,0,0,862.0,384.0,1246.0
Saarland,2017-04,5,47,71.88,380.01,52,451.89,0,0,0,862.0,384.0,1246.0
Saarland,2017-05,3,75,108.81,722.01,78,830.8199999999999,0,0,0,862.0,384.0,1246.0
Saarland,2017-06,4,63,31.325,919.74,67,951.065,0,0,0,862.0,384.0,1246.0
Saarland,2017-07,7,62,218.585,443.78499999999997,69,662.37,0,0,0,862.0,384.0,1246.0
Saarland,2017-08,7,57,442.675,367.013,64,809.688,0,0,0,862.0,384.0,1246.0
Saarland,2017-09,2,50,14.0,360.85,52,374.85,0,0,0,862.0,384.0,1246.0
Saarland,2017-10,9,52,255.341,330.79,61,586.1310000000001,0,0,0,862.0,384.0,1246.0
Saarland,2017-11,7,39,231.39999999999998,285.69,46,517.0899999999999,0,0,0,862.0,384.0,1246.0
Saarland,2017-12,9,23,727.0,185.633,32,912.633,0,0,0,862.0,384.0,1246.0
Saarland,2018-01,6,39,260.655,365.727,45,626.382,0,0,0,792.0,310.0,1102.0
Saarland,2018-02,7,36,345.775,225.256,43,571.031,0,0,0,792.0,310.0,1102.0
Saarland,2018-03,6,47,121.85000000000001,480.86,53,602.71,0,0,0,792.0,310.0,1102.0
Saarland,2018-04,13,63,981.9799999999999,517.498,76,1499.478,0,0,0,792.0,310.0,1102.0
Saarland,2018-05,13,42,397.81,330.96,55,728.77,0,0,0,792.0,310.0,1102.0
Saarland,2018-06,5,48,423.46,381.685,53,805.145,0,0,0,792.0,310.0,1102.0
Saarland,2018-07,5,64,158.96,606.52,69,765.48,0,0,0,792.0,310.0,1102.0
Saarland,2018-08,6,77,662.4,583.057,83,1245.4569999999999,0,0,0,792.0,310.0,1102.0
Saarland,2018-09,4,67,146.28,509.44,71,655.72,0,0,0,792.0,310.0,1102.0
Saarland,2018-10,8,63,193.66,449.956,71,643.616,0,0,0,792.0,310.0,1102.0
Saarland,2018-11,5,63,99.8,475.98400000000004,68,575.784,0,0,0,792.0,310.0,1102.0
Saarland,2018-12,14,22,974.0,195.67,36,1169.67,0,0,0,792.0,310.0,1102.0
Saarland,2019-01,17,66,1877.847,1022.26,83,2900.107,0,0,0,937.0,420.0,1357.0
Saarland,2019-02,4,49,655.0,861.24,53,1516.24,0,0,0,937.0,420.0,1357.0
Saarland,2019-03,7,64,631.92,650.428,71,1282.348,0,0,0,937.0,420.0,1357.0
Saarland,2019-04,4,75,116.0,1320.49,79,1436.49,0,0,0,937.0,420.0,1357.0
Saarland,2019-05,4,77,100.0,702.495,81,802.495,0,0,0,937.0,420.0,1357.0
Saarland,2019-06,7,59,247.68,459.375,66,707.0550000000001,0,0,0,937.0,420.0,1357.0
Saarland,2019-07,18,73,860.6899999999999,569.662,91,1430.3519999999999,0,0,0,937.0,420.0,1357.0
Saarland,2019-08,12,88,1009.8860000000001,849.73,100,1859.616,0,0,0,937.0,420.0,1357.0
Saarland,2019-09,7,75,859.6199999999999,575.242,82,1434.8619999999999,0,0,0,937.0,420.0,1357.0
Saarland,2019-10,12,99,395.41999999999996,819.919,111,1215.339,0,0,0,937.0,420.0,1357.0
Saarland,2019-11,7,69,399.966,596.81,76,996.776,0,0,0,937.0,420.0,1357.0
Saarland,2019-12,14,44,819.86,364.255,58,1184.115,0,0,0,937.0,420.0,1357.0
Saarland,2020-01,15,118,535.85,1337.832,133,1873.6820000000002,0,0,0,879.0,311.0,1190.0
Saarland,2020-02,8,70,898.98,650.87,78,1549.85,0,0,0,879.0,311.0,1190.0
Saarland,2020-03,12,97,517.225,817.272,109,1334.497,0,0,0,879.0,311.0,1190.0
Saarland,2020-04,17,93,774.863,775.975,110,1550.8380000000002,0,0,0,879.0,311.0,1190.0
Saarland,2020-05,12,121,558.995,1122.315,133,1681.31,0,0,0,879.0,311.0,1190.0
Saarland,2020-06,10,110,592.53,1009.608,120,1602.138,0,0,0,879.0,311.0,1190.0
Saarland,2020-07,14,148,422.705,1379.433,162,1802.138,0,0,0,879.0,311.0,1190.0
Saarland,2020-08,14,119,1248.68,1111.36,133,2360.04,0,0,0,879.0,311.0,1190.0
Saarland,2020-09,16,127,1523.18,1183.316,143,2706.496,0,0,0,879.0,311.0,1190.0
Saarland,2020-10,7,103,406.455,826.025,110,1232.48,0,0,0,879.0,311.0,1190.0
Saarland,2020-11,12,107,699.45,883.21,119,1582.66,0,0,0,879.0,311.0,1190.0
Saarland,2020-12,12,76,1631.27,716.855,88,2348.125,0,0,0,879.0,311.0,1190.0
Saarland,2021-01,19,101,384.995,891.185,120,1276.1799999999998,0,0,0,836.0,301.0,1137.0
Saarland,2021-02,6,104,671.8299999999999,1024.42,110,1696.25,0,0,0,836.0,301.0,1137.0
Saarland,2021-03,14,193,2228.82,2171.404,207,4400.224,0,0,0,836.0,301.0,1137.0
Saarland,2021-04,14,137,895.1099999999999,1446.205,151,2341.3149999999996,0,0,0,836.0,301.0,1137.0
Saarland,2021-05,18,147,1156.84,1377.742,165,2534.582,0,0,0,836.0,301.0,1137.0
Saarland,2021-06,18,176,603.865,1540.55,194,2144.415,0,0,0,836.0,301.0,1137.0
Saarland,2021-07,11,197,816.75,1895.609,208,2712.359,0,0,0,836.0,301.0,1137.0
Saarland,2021-08,11,164,388.42,1600.4,175,1988.8200000000002,0,0,0,836.0,301.0,1137.0
Saarland,2021-09,15,194,621.41,1646.425,209,2267.835,0,0,0,836.0,301.0,1137.0
Saarland,2021-10,14,182,1416.1499999999999,1479.65,196,2895.8,0,0,0,836.0,301.0,1137.0
Saarland,2021-11,6,145,566.95,1306.813,151,1873.7630000000001,0,0,0,836.0,301.0,1137.0
Saarland,2021-12,7,78,154.075,638.322,85,792.3969999999999,0,0,0,836.0,301.0,1137.0
Saarland,2022-01,26,220,1835.89,1983.551,246,3819.441,0,0,0,890.0,337.0,1227.0
Saarland,2022-02,12,186,467.095,1575.08,198,2042.175,0,0,0,890.0,337.0,1227.0
Saarland,2022-03,10,249,668.45,2223.853,259,2892.303,0,0,0,890.0,337.0,1227.0
Saarland,2022-04,13,231,1027.74,2026.278,244,3054.018,0,0,0,890.0,337.0,1227.0
Saarland,2022-05,14,285,865.57,2599.153,299,3464.723,0,0,0,890.0,337.0,1227.0
Saarland,2022-06,15,254,408.115,2434.699,269,2842.8140000000003,0,0,0,890.0,337.0,1227.0
Saarland,2022-07,17,208,1077.5330000000001,1779.997,225,2857.53,0,0,0,890.0,337.0,1227.0
Saarland,2022-08,27,403,1766.5,3564.476,430,5330.976000000001,0,0,0,890.0,337.0,1227.0
Saarland,2022-09,16,340,780.24,3107.133,356,3887.3729999999996,0,0,0,890.0,337.0,1227.0
Saarland,2022-10,23,237,2428.36,2061.135,260,4489.495000000001,0,0,0,890.0,337.0,1227.0
Saarland,2022-11,18,214,998.0699999999999,1852.981,232,2851.051,0,0,0,890.0,337.0,1227.0
Saarland,2022-12,4,91,209.0,868.765,95,1077.7649999999999,0,0,0,890.0,337.0,1227.0
Saarland,2023-01,23,681,943.25,6461.183,704,7404.433,0,0,0,783.0,318.0,1101.0
Saarland,2023-02,13,543,306.32,4849.65,556,5155.969999999999,0,0,0,783.0,318.0,1101.0
Saarland,2023-03,30,701,1291.924,6326.165,731,7618.089,0,0,0,783.0,318.0,1101.0
Saarland,2023-04,18,603,1058.775,5499.725,621,6558.5,0,0,0,783.0,318.0,1101.0
Saarland,2023-05,21,698,1080.33,6351.502,719,7431.832,0,0,0,783.0,318.0,1101.0
Saarland,2023-06,28,868,1477.64,7930.049,896,9407.689,0,0,0,783.0,318.0,1101.0
Saarland,2023-07,22,900,1346.68,8189.696,922,9536.376,0,0,0,783.0,318.0,1101.0
Saarland,2023-08,32,711,2036.96,6327.425,743,8364.385,0,0,0,783.0,318.0,1101.0
Saarland,2023-09,23,728,1792.46,6612.542,751,8405.002,0,0,0,783.0,318.0,1101.0
Saarland,2023-10,33,755,1511.59,6900.959,788,8412.548999999999,0,0,0,783.0,318.0,1101.0
Saarland,2023-11,14,664,1517.79,6202.878,678,7720.668,0,0,0,783.0,318.0,1101.0
Saarland,2023-12,16,477,618.21,6208.244000000001,493,6826.454000000001,0,0,0,783.0,318.0,1101.0
Saarland,2024-01,32,631,3402.54,6398.964,663,9801.504,0,0,0,516.0,230.0,746.0
Saarland,2024-02,22,579,1331.365,5216.6,601,6547.965,0,0,0,516.0,230.0,746.0
Saarland,2024-03,19,611,655.76,5696.934,630,6352.694,0,0,0,516.0,230.0,746.0
Saarland,2024-04,24,678,1552.11,7521.4890000000005,702,9073.599,0,0,0,516.0,230.0,746.0
Saarland,2024-05,21,544,1124.8,5053.162,565,6177.962,0,0,0,516.0,230.0,746.0
Saarland,2024-06,18,619,803.78,5963.335,637,6767.115,0,0,0,516.0,230.0,746.0
Saarland,2024-07,28,651,1631.3799999999999,6150.653,679,7782.033,0,0,0,516.0,230.0,746.0
Saarland,2024-08,29,494,1971.3,4677.39,523,6648.6900000000005,0,0,0,516.0,230.0,746.0
Saarland,2024-09,20,518,472.64,5029.692,538,5502.332,0,0,0,516.0,230.0,746.0
Saarland,2024-10,19,486,984.78,4813.435,505,5798.215,0,0,0,516.0,230.0,746.0
Saarland,2024-11,18,457,984.18,4490.05,475,5474.2300000000005,0,0,0,516.0,230.0,746.0
Saarland,2024-12,32,325,1204.215,3203.25,357,4407.465,0,0,0,516.0,230.0,746.0
Saarland,2025-01,29,414,2900.835,4219.94,443,7120.775,0,0,0,297.0,188.0,485.0
Saarland,2025-02,19,351,562.04,3454.184,370,4016.224,0,0,0,297.0,188.0,485.0
Saarland,2025-03,23,367,961.08,3708.855,390,4669.935,0,0,0,297.0,188.0,485.0
Saarland,2025-04,19,454,728.53,4291.053,473,5019.583,0,0,0,297.0,188.0,485.0
Saarland,2025-05,26,482,933.47,4897.335,508,5830.805,0,0,0,297.0,188.0,485.0
Saarland,2025-06,17,408,862.72,3985.378,425,4848.098,0,0,0,297.0,188.0,485.0
Saarland,2025-07,27,472,1464.6,4686.888,499,6151.487999999999,0,0,0,297.0,188.0,485.0
Saarland,2025-08,12,385,610.535,4019.538,397,4630.073,0,0,0,297.0,188.0,485.0
Saarland,2025-09,27,450,1753.44,4548.398,477,6301.838,0,0,0,297.0,188.0,485.0
Saarland,2025-10,20,472,820.75,4732.385,492,5553.135,0,0,0,297.0,188.0,485.0
Saarland,2025-11,18,417,1100.41,4242.971,435,5343.380999999999,0,0,0,297.0,188.0,485.0
Saarland,2025-12,16,278,1056.03,2772.815,294,3828.8450000000003,0,0,0,297.0,188.0,485.0
Sachsen,2015-01,22,84,875.769,683.855,106,1559.624,0,0,0,3287.0,1080.0,4367.0
Sachsen,2015-02,10,62,802.755,380.6,72,1183.355,0,0,0,3287.0,1080.0,4367.0
Sachsen,2015-03,14,100,796.13,626.566,114,1422.696,0,0,0,3287.0,1080.0,4367.0
Sachsen,2015-04,31,117,1261.695,607.151,148,1868.846,0,0,0,3287.0,1080.0,4367.0
Sachsen,2015-05,15,131,1025.685,745.907,146,1771.592,0,0,0,3287.0,1080.0,4367.0
Sachsen,2015-06,18,158,776.95,1112.277,176,1889.227,0,0,0,3287.0,1080.0,4367.0
Sachsen,2015-07,15,151,361.5,926.3190000000001,166,1287.819,0,0,0,3287.0,1080.0,4367.0
Sachsen,2015-08,38,129,3001.945,816.485,167,3818.4300000000003,0,0,0,3287.0,1080.0,4367.0
Sachsen,2015-09,17,157,563.64,946.972,174,1510.612,0,0,0,3287.0,1080.0,4367.0
Sachsen,2015-10,21,146,951.52,792.204,167,1743.724,0,0,0,3287.0,1080.0,4367.0
Sachsen,2015-11,15,130,1446.105,669.135,145,2115.24,0,0,0,3287.0,1080.0,4367.0
Sachsen,2015-12,26,98,2770.002,586.731,124,3356.733,0,0,0,3287.0,1080.0,4367.0
Sachsen,2016-01,11,71,1142.28,518.918,82,1661.1979999999999,0,0,0,4301.0,1186.0,5487.0
Sachsen,2016-02,17,64,322.025,403.025,81,725.05,0,0,0,4301.0,1186.0,5487.0
Sachsen,2016-03,13,75,457.95500000000004,446.014,88,903.969,0,0,0,4301.0,1186.0,5487.0
Sachsen,2016-04,23,108,5014.3,576.933,131,5591.233,0,0,0,4301.0,1186.0,5487.0
Sachsen,2016-05,28,132,889.815,797.991,160,1687.806,0,0,0,4301.0,1186.0,5487.0
Sachsen,2016-06,30,157,2737.1,935.049,187,3672.149,0,0,0,4301.0,1186.0,5487.0
Sachsen,2016-07,25,137,653.105,837.22,162,1490.325,0,0,0,4301.0,1186.0,5487.0
Sachsen,2016-08,24,150,1556.682,923.46,174,2480.142,0,0,0,4301.0,1186.0,5487.0
Sachsen,2016-09,25,151,1891.15,1278.808,176,3169.958,0,0,0,4301.0,1186.0,5487.0
Sachsen,2016-10,19,128,377.1,755.588,147,1132.688,0,0,0,4301.0,1186.0,5487.0
Sachsen,2016-11,23,163,1877.81,938.25,186,2816.06,0,0,0,4301.0,1186.0,5487.0
Sachsen,2016-12,32,128,14852.57,1767.765,160,16620.335,0,0,0,4301.0,1186.0,5487.0
Sachsen,2017-01,12,77,783.03,416.115,89,1199.145,0,0,0,3591.0,1063.0,4654.0
Sachsen,2017-02,24,73,5054.7,451.805,97,5506.505,0,0,0,3591.0,1063.0,4654.0
Sachsen,2017-03,18,139,1217.38,1031.323,157,2248.7030000000004,0,0,0,3591.0,1063.0,4654.0
Sachsen,2017-04,17,136,2435.18,1232.832,153,3668.0119999999997,0,0,0,3591.0,1063.0,4654.0
Sachsen,2017-05,33,184,3527.855,1108.743,217,4636.598,0,0,0,3591.0,1063.0,4654.0
Sachsen,2017-06,49,223,5624.155,2152.899,272,7777.054,0,0,0,3591.0,1063.0,4654.0
Sachsen,2017-07,25,161,1554.975,988.955,186,2543.93,0,0,0,3591.0,1063.0,4654.0
Sachsen,2017-08,40,207,2067.5009999999997,1385.786,247,3453.287,0,0,0,3591.0,1063.0,4654.0
Sachsen,2017-09,35,182,1704.8000000000002,1187.925,217,2892.7250000000004,0,0,0,3591.0,1063.0,4654.0
Sachsen,2017-10,42,178,5475.44,1007.644,220,6483.084,0,0,0,3591.0,1063.0,4654.0
Sachsen,2017-11,23,176,818.9449999999999,1718.095,199,2537.04,0,0,0,3591.0,1063.0,4654.0
Sachsen,2017-12,21,136,2248.59,1349.405,157,3597.995,0,0,0,3591.0,1063.0,4654.0
Sachsen,2018-01,59,175,12655.352,2974.39,234,15629.742,0,0,0,3642.0,1094.0,4736.0
Sachsen,2018-02,22,138,1087.547,921.665,160,2009.212,0,0,0,3642.0,1094.0,4736.0
Sachsen,2018-03,43,144,4509.1849999999995,1282.29,187,5791.474999999999,0,0,0,3642.0,1094.0,4736.0
Sachsen,2018-04,31,182,4074.9900000000002,1349.036,213,5424.026,0,0,0,3642.0,1094.0,4736.0
Sachsen,2018-05,30,185,4786.13,1799.335,215,6585.465,0,0,0,3642.0,1094.0,4736.0
Sachsen,2018-06,47,201,6969.975,2983.7490000000003,248,9953.724,0,0,0,3642.0,1094.0,4736.0
Sachsen,2018-07,58,205,11894.105,1965.715,263,13859.82,0,0,0,3642.0,1094.0,4736.0
Sachsen,2018-08,45,258,8352.82,2559.775,303,10912.595,0,0,0,3642.0,1094.0,4736.0
Sachsen,2018-09,37,195,4486.345,1324.24,232,5810.585,0,0,0,3642.0,1094.0,4736.0
Sachsen,2018-10,48,221,5703.295,1965.998,269,7669.293,0,0,0,3642.0,1094.0,4736.0
Sachsen,2018-11,36,211,3624.465,2151.766,247,5776.231,0,0,0,3642.0,1094.0,4736.0
Sachsen,2018-12,45,152,7543.455,2326.936,197,9870.391,0,0,0,3642.0,1094.0,4736.0
Sachsen,2019-01,142,211,37146.306,6903.777,353,44050.083,0,0,0,3907.0,1305.0,5212.0
Sachsen,2019-02,65,164,14153.705,2861.628,229,17015.333,0,0,0,3907.0,1305.0,5212.0
Sachsen,2019-03,50,218,10529.945,5055.28,268,15585.224999999999,0,0,0,3907.0,1305.0,5212.0
Sachsen,2019-04,48,256,4433.095,2313.493,304,6746.588,0,0,0,3907.0,1305.0,5212.0
Sachsen,2019-05,46,315,4847.648,2492.188,361,7339.836,0,0,0,3907.0,1305.0,5212.0
Sachsen,2019-06,58,278,8566.175,2666.632,336,11232.806999999999,0,0,0,3907.0,1305.0,5212.0
Sachsen,2019-07,65,280,9484.655,3097.639,345,12582.294000000002,0,0,0,3907.0,1305.0,5212.0
Sachsen,2019-08,84,289,7994.884,3075.5139999999997,373,11070.398,0,0,0,3907.0,1305.0,5212.0
Sachsen,2019-09,73,328,8858.918,3296.382,401,12155.3,0,0,0,3907.0,1305.0,5212.0
Sachsen,2019-10,69,330,9184.856,3279.417,399,12464.273,0,0,0,3907.0,1305.0,5212.0
Sachsen,2019-11,47,295,3890.775,2162.721,342,6053.496,0,0,0,3907.0,1305.0,5212.0
Sachsen,2019-12,35,208,3177.04,1580.8,243,4757.84,0,0,0,3907.0,1305.0,5212.0
Sachsen,2020-01,114,394,14838.28,5672.39,508,20510.670000000002,0,0,0,4001.0,1233.0,5234.0
Sachsen,2020-02,67,309,12200.818,3391.335,376,15592.152999999998,0,0,0,4001.0,1233.0,5234.0
Sachsen,2020-03,83,411,13239.725,5209.203,494,18448.928,0,0,0,4001.0,1233.0,5234.0
Sachsen,2020-04,70,439,6303.045,3467.475,509,9770.52,0,0,0,4001.0,1233.0,5234.0
Sachsen,2020-05,76,493,7629.455,3907.648,569,11537.103,0,0,0,4001.0,1233.0,5234.0
Sachsen,2020-06,92,577,8936.86,5233.251,669,14170.111,0,0,0,4001.0,1233.0,5234.0
Sachsen,2020-07,82,630,9277.045,5419.21,712,14696.255000000001,0,0,0,4001.0,1233.0,5234.0
Sachsen,2020-08,55,504,7837.425,5754.671,559,13592.096000000001,0,0,0,4001.0,1233.0,5234.0
Sachsen,2020-09,89,519,7892.642,4110.878,608,12003.52,0,0,0,4001.0,1233.0,5234.0
Sachsen,2020-10,76,544,11472.255,4614.492,620,16086.747,0,0,0,4001.0,1233.0,5234.0
Sachsen,2020-11,63,556,8644.35,4888.204,619,13532.554,0,0,0,4001.0,1233.0,5234.0
Sachsen,2020-12,68,431,8006.91,3571.167,499,11578.077,0,0,0,4001.0,1233.0,5234.0
Sachsen,2021-01,64,378,8740.13,4579.651,442,13319.780999999999,0,0,0,3401.0,1093.0,4494.0
Sachsen,2021-02,44,306,6352.2,3197.195,350,9549.395,0,0,0,3401.0,1093.0,4494.0
Sachsen,2021-03,98,483,22392.676,5578.35,581,27971.025999999998,0,0,0,3401.0,1093.0,4494.0
Sachsen,2021-04,61,499,2681.55,3666.842,560,6348.392,0,0,0,3401.0,1093.0,4494.0
Sachsen,2021-05,63,519,2820.5769999999998,4159.13,582,6979.707,0,0,0,3401.0,1093.0,4494.0
Sachsen,2021-06,65,696,2845.605,5944.381,761,8789.986,0,0,0,3401.0,1093.0,4494.0
Sachsen,2021-07,57,703,2536.97,5574.83,760,8111.799999999999,0,0,0,3401.0,1093.0,4494.0
Sachsen,2021-08,57,665,3930.4700000000003,5685.648,722,9616.118,0,0,0,3401.0,1093.0,4494.0
Sachsen,2021-09,71,643,3814.27,5680.216,714,9494.486,0,0,0,3401.0,1093.0,4494.0
Sachsen,2021-10,62,704,2333.285,5188.463,766,7521.748,0,0,0,3401.0,1093.0,4494.0
Sachsen,2021-11,46,701,3713.415,5324.57,747,9037.985,0,0,0,3401.0,1093.0,4494.0
Sachsen,2021-12,39,556,2177.805,4272.25,595,6450.055,0,0,0,3401.0,1093.0,4494.0
Sachsen,2022-01,75,562,3120.245,4468.764,637,7589.009,0,0,0,3678.0,1062.0,4740.0
Sachsen,2022-02,56,569,2275.577,4153.34,625,6428.917,0,0,0,3678.0,1062.0,4740.0
Sachsen,2022-03,77,799,3766.414,6301.2699999999995,876,10067.684,0,0,0,3678.0,1062.0,4740.0
Sachsen,2022-04,60,813,2653.985,6095.976,873,8749.961,0,0,0,3678.0,1062.0,4740.0
Sachsen,2022-05,75,1013,4749.75,7592.984,1088,12342.734,0,0,0,3678.0,1062.0,4740.0
Sachsen,2022-06,77,1024,8821.49,7631.217,1101,16452.707,0,0,0,3678.0,1062.0,4740.0
Sachsen,2022-07,69,854,9410.715,6991.659,923,16402.374,0,0,0,3678.0,1062.0,4740.0
Sachsen,2022-08,108,1311,12448.039999999999,10252.848,1419,22700.888,0,0,0,3678.0,1062.0,4740.0
Sachsen,2022-09,85,1233,5626.18,9701.245,1318,15327.425000000001,0,0,0,3678.0,1062.0,4740.0
Sachsen,2022-10,58,987,3603.075,7526.13,1045,11129.205,0,0,0,3678.0,1062.0,4740.0
Sachsen,2022-11,70,981,4162.556,7158.639,1051,11321.195,0,0,0,3678.0,1062.0,4740.0
Sachsen,2022-12,64,568,3456.295,4285.727,632,7742.022,0,0,0,3678.0,1062.0,4740.0
Sachsen,2023-01,115,1813,7992.7429999999995,14506.723,1928,22499.466,0,0,0,3443.0,1009.0,4452.0
Sachsen,2023-02,83,1502,3783.52,12066.117,1585,15849.637,0,0,0,3443.0,1009.0,4452.0
Sachsen,2023-03,124,2230,6154.622,18167.25,2354,24321.872,0,0,0,3443.0,1009.0,4452.0
Sachsen,2023-04,129,2026,7864.57,16274.322,2155,24138.892,0,0,0,3443.0,1009.0,4452.0
Sachsen,2023-05,149,2499,12510.630000000001,20721.348,2648,33231.978,0,0,0,3443.0,1009.0,4452.0
Sachsen,2023-06,157,2844,11648.235,23042.643,3001,34690.878,0,0,0,3443.0,1009.0,4452.0
Sachsen,2023-07,154,2564,12050.225,20489.022,2718,32539.247000000003,0,0,0,3443.0,1009.0,4452.0
Sachsen,2023-08,153,2688,10105.231,20843.668,2841,30948.899,0,0,0,3443.0,1009.0,4452.0
Sachsen,2023-09,139,2564,18999.969,20660.891,2703,39660.86,0,0,0,3443.0,1009.0,4452.0
Sachsen,2023-10,138,2352,6782.06,18943.757,2490,25725.817000000003,0,0,0,3443.0,1009.0,4452.0
Sachsen,2023-11,137,2408,9854.9,19648.481,2545,29503.381,0,0,0,3443.0,1009.0,4452.0
Sachsen,2023-12,131,1702,9969.197,16226.098,1833,26195.295,0,0,0,3443.0,1009.0,4452.0
Sachsen,2024-01,227,2080,26865.85,22541.368,2307,49407.21799999999,0,0,0,2722.0,983.0,3705.0
Sachsen,2024-02,117,1385,6263.83,11077.873,1502,17341.703,0,0,0,2722.0,983.0,3705.0
Sachsen,2024-03,134,1808,8035.795,14611.645,1942,22647.440000000002,0,0,0,2722.0,983.0,3705.0
Sachsen,2024-04,133,2043,7346.44,17475.555,2176,24821.995,0,0,0,2722.0,983.0,3705.0
Sachsen,2024-05,139,1924,10520.5,16667.072,2063,27187.572,0,0,0,2722.0,983.0,3705.0
Sachsen,2024-06,142,1811,12826.813,16077.122,1953,28903.934999999998,0,0,0,2722.0,983.0,3705.0
Sachsen,2024-07,183,1979,15054.975,17095.051,2162,32150.025999999998,0,0,0,2722.0,983.0,3705.0
Sachsen,2024-08,135,1732,11661.903,13949.22,1867,25611.123,0,0,0,2722.0,983.0,3705.0
Sachsen,2024-09,171,1534,6407.435,12819.161,1705,19226.596,0,0,0,2722.0,983.0,3705.0
Sachsen,2024-10,169,1491,9573.249,12649.516,1660,22222.765,0,0,0,2722.0,983.0,3705.0
Sachsen,2024-11,165,1429,8511.105,12512.469,1594,21023.574,0,0,0,2722.0,983.0,3705.0
Sachsen,2024-12,174,1559,21894.933,18317.159,1733,40212.092000000004,0,0,0,2722.0,983.0,3705.0
Sachsen,2025-01,243,1201,24904.812,13859.127,1444,38763.939,0,0,0,1899.0,826.0,2725.0
Sachsen,2025-02,168,1035,17851.09,8847.122,1203,26698.212,0,0,0,1899.0,826.0,2725.0
Sachsen,2025-03,129,955,5156.65,7722.184,1084,12878.833999999999,0,0,0,1899.0,826.0,2725.0
Sachsen,2025-04,98,1135,6726.755,9529.701,1233,16256.455999999998,0,0,0,1899.0,826.0,2725.0
Sachsen,2025-05,104,1122,16407.015,11382.116,1226,27789.131,0,0,0,1899.0,826.0,2725.0
Sachsen,2025-06,113,1105,7721.955,9684.909,1218,17406.864,0,0,0,1899.0,826.0,2725.0
Sachsen,2025-07,136,1167,16332.275,10685.835,1303,27018.11,0,0,0,1899.0,826.0,2725.0
Sachsen,2025-08,130,997,8675.315,8580.304,1127,17255.619,0,0,0,1899.0,826.0,2725.0
Sachsen,2025-09,102,1065,5379.29,9094.32,1167,14473.61,0,0,0,1899.0,826.0,2725.0
Sachsen,2025-10,103,1012,9019.112,8934.124,1115,17953.235999999997,0,0,0,1899.0,826.0,2725.0
Sachsen,2025-11,97,984,7101.01,9694.29,1081,16795.300000000003,0,0,0,1899.0,826.0,2725.0
Sachsen,2025-12,110,960,5545.005,10578.313,1070,16123.318,0,0,0,1899.0,826.0,2725.0
Sachsen-Anhalt,2015-01,20,98,1619.255,874.164,118,2493.419,0,0,0,1896.0,546.0,2442.0
Sachsen-Anhalt,2015-02,7,49,511.0,387.05,56,898.05,0,0,0,1896.0,546.0,2442.0
Sachsen-Anhalt,2015-03,18,74,2012.82,481.026,92,2493.846,0,0,0,1896.0,546.0,2442.0
Sachsen-Anhalt,2015-04,29,93,2193.545,660.706,122,2854.251,0,0,0,1896.0,546.0,2442.0
Sachsen-Anhalt,2015-05,14,82,1973.351,581.942,96,2555.293,0,0,0,1896.0,546.0,2442.0
Sachsen-Anhalt,2015-06,10,87,402.45,585.2860000000001,97,987.7360000000001,0,0,0,1896.0,546.0,2442.0
Sachsen-Anhalt,2015-07,15,96,326.5,1197.1109999999999,111,1523.6109999999999,0,0,0,1896.0,546.0,2442.0
Sachsen-Anhalt,2015-08,13,80,1362.9099999999999,709.883,93,2072.7929999999997,0,0,0,1896.0,546.0,2442.0
Sachsen-Anhalt,2015-09,13,116,853.3100000000001,1438.431,129,2291.741,0,0,0,1896.0,546.0,2442.0
Sachsen-Anhalt,2015-10,12,76,427.34000000000003,496.13,88,923.47,0,0,0,1896.0,546.0,2442.0
Sachsen-Anhalt,2015-11,5,72,1195.3899999999999,511.609,77,1706.9989999999998,0,0,0,1896.0,546.0,2442.0
Sachsen-Anhalt,2015-12,38,53,2747.42,1302.03,91,4049.45,0,0,0,1896.0,546.0,2442.0
Sachsen-Anhalt,2016-01,32,75,2006.24,1508.715,107,3514.955,0,0,0,2124.0,468.0,2592.0
Sachsen-Anhalt,2016-02,36,58,2095.68,436.185,94,2531.865,0,0,0,2124.0,468.0,2592.0
Sachsen-Anhalt,2016-03,16,92,1532.085,1430.1299999999999,108,2962.215,0,0,0,2124.0,468.0,2592.0
Sachsen-Anhalt,2016-04,13,85,388.245,1053.122,98,1441.3670000000002,0,0,0,2124.0,468.0,2592.0
Sachsen-Anhalt,2016-05,16,92,5839.73,2137.95,108,7977.679999999999,0,0,0,2124.0,468.0,2592.0
Sachsen-Anhalt,2016-06,17,112,2385.42,1436.91,129,3822.33,0,0,0,2124.0,468.0,2592.0
Sachsen-Anhalt,2016-07,11,100,1763.22,1458.745,111,3221.965,0,0,0,2124.0,468.0,2592.0
Sachsen-Anhalt,2016-08,14,103,3565.4900000000002,663.42,117,4228.91,0,0,0,2124.0,468.0,2592.0
Sachsen-Anhalt,2016-09,13,103,1644.975,999.0980000000001,116,2644.073,0,0,0,2124.0,468.0,2592.0
Sachsen-Anhalt,2016-10,17,87,4777.21,622.477,104,5399.687,0,0,0,2124.0,468.0,2592.0
Sachsen-Anhalt,2016-11,12,74,315.415,697.9300000000001,86,1013.345,0,0,0,2124.0,468.0,2592.0
Sachsen-Anhalt,2016-12,34,52,24128.885000000002,1297.0049999999999,86,25425.890000000003,0,0,0,2124.0,468.0,2592.0
Sachsen-Anhalt,2017-01,18,63,3004.16,775.595,81,3779.755,0,0,0,2152.0,662.0,2814.0
Sachsen-Anhalt,2017-02,18,89,3604.42,1385.144,107,4989.564,0,0,0,2152.0,662.0,2814.0
Sachsen-Anhalt,2017-03,32,128,2795.1749999999997,1466.25,160,4261.424999999999,0,0,0,2152.0,662.0,2814.0
Sachsen-Anhalt,2017-04,26,115,3766.98,1307.4950000000001,141,5074.475,0,0,0,2152.0,662.0,2814.0
Sachsen-Anhalt,2017-05,29,128,4059.58,1817.912,157,5877.492,0,0,0,2152.0,662.0,2814.0
Sachsen-Anhalt,2017-06,28,142,5604.285,2402.485,170,8006.77,0,0,0,2152.0,662.0,2814.0
Sachsen-Anhalt,2017-07,17,130,3514.08,1641.285,147,5155.365,0,0,0,2152.0,662.0,2814.0
Sachsen-Anhalt,2017-08,20,135,3488.49,1077.308,155,4565.798,0,0,0,2152.0,662.0,2814.0
Sachsen-Anhalt,2017-09,14,112,1467.615,1232.865,126,2700.48,0,0,0,2152.0,662.0,2814.0
Sachsen-Anhalt,2017-10,27,101,3625.558,1123.24,128,4748.798,0,0,0,2152.0,662.0,2814.0
Sachsen-Anhalt,2017-11,17,90,1513.635,626.08,107,2139.715,0,0,0,2152.0,662.0,2814.0
Sachsen-Anhalt,2017-12,19,67,2975.135,1380.679,86,4355.814,0,0,0,2152.0,662.0,2814.0
Sachsen-Anhalt,2018-01,60,148,14519.710000000001,3645.174,208,18164.884000000002,0,0,0,2250.0,463.0,2713.0
Sachsen-Anhalt,2018-02,23,72,5346.62,1160.67,95,6507.29,0,0,0,2250.0,463.0,2713.0
Sachsen-Anhalt,2018-03,20,92,4929.295,831.979,112,5761.274,0,0,0,2250.0,463.0,2713.0
Sachsen-Anhalt,2018-04,46,128,12914.72,2397.064,174,15311.784,0,0,0,2250.0,463.0,2713.0
Sachsen-Anhalt,2018-05,24,121,4841.22,1252.95,145,6094.17,0,0,0,2250.0,463.0,2713.0
Sachsen-Anhalt,2018-06,42,120,8247.63,1719.671,162,9967.301,0,0,0,2250.0,463.0,2713.0
Sachsen-Anhalt,2018-07,58,147,15467.435,3772.245,205,19239.68,0,0,0,2250.0,463.0,2713.0
Sachsen-Anhalt,2018-08,44,153,12626.835,1887.445,197,14514.279999999999,0,0,0,2250.0,463.0,2713.0
Sachsen-Anhalt,2018-09,56,99,12708.825,1809.75,155,14518.575,0,0,0,2250.0,463.0,2713.0
Sachsen-Anhalt,2018-10,39,117,9701.965,2399.188,156,12101.153,0,0,0,2250.0,463.0,2713.0
Sachsen-Anhalt,2018-11,46,99,9415.837,2068.1710000000003,145,11484.008,0,0,0,2250.0,463.0,2713.0
Sachsen-Anhalt,2018-12,37,71,10801.145,1819.68,108,12620.825,0,0,0,2250.0,463.0,2713.0
Sachsen-Anhalt,2019-01,170,200,44017.275,14190.555,370,58207.83,0,0,0,2235.0,454.0,2689.0
Sachsen-Anhalt,2019-02,86,140,21495.027000000002,6071.687,226,27566.714,0,0,0,2235.0,454.0,2689.0
Sachsen-Anhalt,2019-03,63,160,18839.415,5288.348,223,24127.763,0,0,0,2235.0,454.0,2689.0
Sachsen-Anhalt,2019-04,54,169,11521.32,3336.9700000000003,223,14858.29,0,0,0,2235.0,454.0,2689.0
Sachsen-Anhalt,2019-05,56,202,9758.05,4785.349,258,14543.399,0,0,0,2235.0,454.0,2689.0
Sachsen-Anhalt,2019-06,46,198,10337.525,2364.141,244,12701.666,0,0,0,2235.0,454.0,2689.0
Sachsen-Anhalt,2019-07,55,220,12567.785,2676.535,275,15244.32,0,0,0,2235.0,454.0,2689.0
Sachsen-Anhalt,2019-08,57,204,15009.572,3772.3,261,18781.872,0,0,0,2235.0,454.0,2689.0
Sachsen-Anhalt,2019-09,42,221,7316.045,3249.17,263,10565.215,0,0,0,2235.0,454.0,2689.0
Sachsen-Anhalt,2019-10,47,193,7664.99,4585.62,240,12250.61,0,0,0,2235.0,454.0,2689.0
Sachsen-Anhalt,2019-11,31,193,5976.6849999999995,2719.67,224,8696.355,0,0,0,2235.0,454.0,2689.0
Sachsen-Anhalt,2019-12,14,121,1567.8899999999999,1109.152,135,2677.042,0,0,0,2235.0,454.0,2689.0
Sachsen-Anhalt,2020-01,72,311,15971.565,7195.401,383,23166.966,0,0,0,2392.0,749.0,3141.0
Sachsen-Anhalt,2020-02,41,191,6491.175,3248.659,232,9739.834,0,0,0,2392.0,749.0,3141.0
Sachsen-Anhalt,2020-03,52,246,13774.945,4228.715,298,18003.66,0,0,0,2392.0,749.0,3141.0
Sachsen-Anhalt,2020-04,50,318,9517.24,5104.98,368,14622.22,0,0,0,2392.0,749.0,3141.0
Sachsen-Anhalt,2020-05,51,350,9590.695,6273.615,401,15864.31,0,0,0,2392.0,749.0,3141.0
Sachsen-Anhalt,2020-06,62,372,11938.895,4041.836,434,15980.731,0,0,0,2392.0,749.0,3141.0
Sachsen-Anhalt,2020-07,75,365,6952.5650000000005,3827.995,440,10780.560000000001,0,0,0,2392.0,749.0,3141.0
Sachsen-Anhalt,2020-08,61,347,10894.655,3068.535,408,13963.19,0,0,0,2392.0,749.0,3141.0
Sachsen-Anhalt,2020-09,44,338,5121.79,5215.575,382,10337.365,0,0,0,2392.0,749.0,3141.0
Sachsen-Anhalt,2020-10,50,397,8220.795,5914.885,447,14135.68,0,0,0,2392.0,749.0,3141.0
Sachsen-Anhalt,2020-11,44,332,6145.39,4221.32,376,10366.71,0,0,0,2392.0,749.0,3141.0
Sachsen-Anhalt,2020-12,39,268,7050.75,4825.555,307,11876.305,0,0,0,2392.0,749.0,3141.0
Sachsen-Anhalt,2021-01,62,337,7691.365,4657.195,399,12348.56,0,0,0,2133.0,444.0,2577.0
Sachsen-Anhalt,2021-02,37,236,5236.17,4558.982,273,9795.152,0,0,0,2133.0,444.0,2577.0
Sachsen-Anhalt,2021-03,59,396,14083.96,9482.93,455,23566.89,0,0,0,2133.0,444.0,2577.0
Sachsen-Anhalt,2021-04,36,393,1882.51,4418.219,429,6300.729,0,0,0,2133.0,444.0,2577.0
Sachsen-Anhalt,2021-05,43,353,2496.11,4196.36,396,6692.469999999999,0,0,0,2133.0,444.0,2577.0
Sachsen-Anhalt,2021-06,46,423,2905.62,3879.854,469,6785.474,0,0,0,2133.0,444.0,2577.0
Sachsen-Anhalt,2021-07,42,433,2481.305,4038.82,475,6520.125,0,0,0,2133.0,444.0,2577.0
Sachsen-Anhalt,2021-08,48,396,5127.34,3401.107,444,8528.447,0,0,0,2133.0,444.0,2577.0
Sachsen-Anhalt,2021-09,46,423,4134.635,3841.971,469,7976.606,0,0,0,2133.0,444.0,2577.0
Sachsen-Anhalt,2021-10,45,393,2323.9900000000002,3613.068,438,5937.058000000001,0,0,0,2133.0,444.0,2577.0
Sachsen-Anhalt,2021-11,43,435,3083.9500000000003,3675.99,478,6759.9400000000005,0,0,0,2133.0,444.0,2577.0
Sachsen-Anhalt,2021-12,24,270,4238.42,2612.775,294,6851.195,0,0,0,2133.0,444.0,2577.0
Sachsen-Anhalt,2022-01,46,431,3324.5499999999997,3782.895,477,7107.445,0,0,0,2487.0,432.0,2919.0
Sachsen-Anhalt,2022-02,34,400,8712.845000000001,3220.745,434,11933.59,0,0,0,2487.0,432.0,2919.0
Sachsen-Anhalt,2022-03,52,565,8584.564,5579.971,617,14164.535,0,0,0,2487.0,432.0,2919.0
Sachsen-Anhalt,2022-04,28,542,1231.8,4276.825,570,5508.625,0,0,0,2487.0,432.0,2919.0
Sachsen-Anhalt,2022-05,48,626,2904.875,5050.493,674,7955.368,0,0,0,2487.0,432.0,2919.0
Sachsen-Anhalt,2022-06,46,621,5131.91,4756.85,667,9888.76,0,0,0,2487.0,432.0,2919.0
Sachsen-Anhalt,2022-07,33,471,1775.98,3609.258,504,5385.237999999999,0,0,0,2487.0,432.0,2919.0
Sachsen-Anhalt,2022-08,61,863,2272.095,7880.6810000000005,924,10152.776,0,0,0,2487.0,432.0,2919.0
Sachsen-Anhalt,2022-09,52,830,13363.235,7316.195,882,20679.43,0,0,0,2487.0,432.0,2919.0
Sachsen-Anhalt,2022-10,62,704,4281.755,5691.575,766,9973.33,0,0,0,2487.0,432.0,2919.0
Sachsen-Anhalt,2022-11,40,654,2102.53,5696.217,694,7798.746999999999,0,0,0,2487.0,432.0,2919.0
Sachsen-Anhalt,2022-12,25,386,5350.44,3096.35,411,8446.789999999999,0,0,0,2487.0,432.0,2919.0
Sachsen-Anhalt,2023-01,84,1565,11200.29,13922.953,1649,25123.243000000002,0,0,0,2165.0,443.0,2608.0
Sachsen-Anhalt,2023-02,56,1212,4752.03,10937.007,1268,15689.037,0,0,0,2165.0,443.0,2608.0
Sachsen-Anhalt,2023-03,83,1562,10572.11,12887.622,1645,23459.732,0,0,0,2165.0,443.0,2608.0
Sachsen-Anhalt,2023-04,74,1360,6128.835,12365.039,1434,18493.874,0,0,0,2165.0,443.0,2608.0
Sachsen-Anhalt,2023-05,101,1621,7186.39,13816.462,1722,21002.852,0,0,0,2165.0,443.0,2608.0
Sachsen-Anhalt,2023-06,119,1980,10231.955,16791.608,2099,27023.563000000002,0,0,0,2165.0,443.0,2608.0
Sachsen-Anhalt,2023-07,89,1729,10247.565,15140.102,1818,25387.667,0,0,0,2165.0,443.0,2608.0
Sachsen-Anhalt,2023-08,102,1662,17773.415,14425.165,1764,32198.58,0,0,0,2165.0,443.0,2608.0
Sachsen-Anhalt,2023-09,81,1643,5241.18,15126.437,1724,20367.617,0,0,0,2165.0,443.0,2608.0
Sachsen-Anhalt,2023-10,70,1349,7132.835,12371.806,1419,19504.641,0,0,0,2165.0,443.0,2608.0
Sachsen-Anhalt,2023-11,83,1679,3843.77,14804.923,1762,18648.693,0,0,0,2165.0,443.0,2608.0
Sachsen-Anhalt,2023-12,87,1023,17550.855,11405.619,1110,28956.474000000002,0,0,0,2165.0,443.0,2608.0
Sachsen-Anhalt,2024-01,124,1390,18506.075,19127.408,1514,37633.483,0,0,0,1368.0,421.0,1789.0
Sachsen-Anhalt,2024-02,60,1102,3289.455,9418.056,1162,12707.511,0,0,0,1368.0,421.0,1789.0
Sachsen-Anhalt,2024-03,66,1258,9196.4,10250.712,1324,19447.112,0,0,0,1368.0,421.0,1789.0
Sachsen-Anhalt,2024-04,81,1439,4459.069,12313.263,1520,16772.332000000002,0,0,0,1368.0,421.0,1789.0
Sachsen-Anhalt,2024-05,80,1375,7165.370000000001,13013.64,1455,20179.010000000002,0,0,0,1368.0,421.0,1789.0
Sachsen-Anhalt,2024-06,73,1237,10106.855,12045.67,1310,22152.525,0,0,0,1368.0,421.0,1789.0
Sachsen-Anhalt,2024-07,131,1294,16649.08,12683.76,1425,29332.840000000004,0,0,0,1368.0,421.0,1789.0
Sachsen-Anhalt,2024-08,114,1093,9133.655,10518.869,1207,19652.524,0,0,0,1368.0,421.0,1789.0
Sachsen-Anhalt,2024-09,95,943,7869.995,8966.501,1038,16836.496,0,0,0,1368.0,421.0,1789.0
Sachsen-Anhalt,2024-10,95,1015,13283.825,9310.471,1110,22594.296000000002,0,0,0,1368.0,421.0,1789.0
Sachsen-Anhalt,2024-11,133,982,12017.375,10165.211,1115,22182.586,0,0,0,1368.0,421.0,1789.0
Sachsen-Anhalt,2024-12,121,963,18117.6,11976.277,1084,30093.877,0,0,0,1368.0,421.0,1789.0
Sachsen-Anhalt,2025-01,196,907,21782.427,12290.123,1103,34072.55,0,0,0,1019.0,415.0,1434.0
Sachsen-Anhalt,2025-02,66,764,6630.748,8433.075,830,15063.823,0,0,0,1019.0,415.0,1434.0
Sachsen-Anhalt,2025-03,77,661,9489.399,5679.874,738,15169.273,0,0,0,1019.0,415.0,1434.0
Sachsen-Anhalt,2025-04,75,762,13652.634,6568.109,837,20220.743000000002,0,0,0,1019.0,415.0,1434.0
Sachsen-Anhalt,2025-05,74,806,10952.91,8931.63,880,19884.54,0,0,0,1019.0,415.0,1434.0
Sachsen-Anhalt,2025-06,95,809,6485.24,7469.206,904,13954.446,0,0,0,1019.0,415.0,1434.0
Sachsen-Anhalt,2025-07,112,862,14403.89,8611.889,974,23015.779,0,0,0,1019.0,415.0,1434.0
Sachsen-Anhalt,2025-08,58,747,4508.54,6926.1449999999995,805,11434.685,0,0,0,1019.0,415.0,1434.0
Sachsen-Anhalt,2025-09,57,777,4352.885,8245.646,834,12598.531,0,0,0,1019.0,415.0,1434.0
Sachsen-Anhalt,2025-10,157,706,4955.165,6590.114,863,11545.278999999999,0,0,0,1019.0,415.0,1434.0
Sachsen-Anhalt,2025-11,59,641,5533.43,6339.47,700,11872.900000000001,0,0,0,1019.0,415.0,1434.0
Sachsen-Anhalt,2025-12,245,540,36737.14,6022.675,785,42759.815,0,0,0,1019.0,415.0,1434.0
Schleswig-Holstein,2015-01,9,88,107.87,518.415,97,626.285,0,0,0,5413.0,1168.0,6581.0
Schleswig-Holstein,2015-02,12,60,260.545,369.8,72,630.345,0,0,0,5413.0,1168.0,6581.0
Schleswig-Holstein,2015-03,9,104,212.9,646.68,113,859.5799999999999,0,0,0,5413.0,1168.0,6581.0
Schleswig-Holstein,2015-04,17,103,620.78,577.445,120,1198.225,0,0,0,5413.0,1168.0,6581.0
Schleswig-Holstein,2015-05,12,88,340.485,634.29,100,974.775,0,0,0,5413.0,1168.0,6581.0
Schleswig-Holstein,2015-06,16,103,481.61,658.06,119,1139.67,0,0,0,5413.0,1168.0,6581.0
Schleswig-Holstein,2015-07,10,115,248.55,1014.547,125,1263.097,0,0,0,5413.0,1168.0,6581.0
Schleswig-Holstein,2015-08,8,112,162.82,822.721,120,985.5409999999999,0,0,0,5413.0,1168.0,6581.0
Schleswig-Holstein,2015-09,18,86,524.15,522.545,104,1046.695,0,0,0,5413.0,1168.0,6581.0
Schleswig-Holstein,2015-10,16,83,251.23,489.24,99,740.47,0,0,0,5413.0,1168.0,6581.0
Schleswig-Holstein,2015-11,8,91,345.45,571.042,99,916.492,0,0,0,5413.0,1168.0,6581.0
Schleswig-Holstein,2015-12,14,78,1094.925,577.556,92,1672.481,0,0,0,5413.0,1168.0,6581.0
Schleswig-Holstein,2016-01,7,77,696.4000000000001,447.613,84,1144.0130000000001,0,0,0,6835.0,1134.0,7969.0
Schleswig-Holstein,2016-02,11,76,203.07,446.894,87,649.9639999999999,0,0,0,6835.0,1134.0,7969.0
Schleswig-Holstein,2016-03,9,96,770.12,638.4110000000001,105,1408.531,0,0,0,6835.0,1134.0,7969.0
Schleswig-Holstein,2016-04,14,95,162.724,602.295,109,765.019,0,0,0,6835.0,1134.0,7969.0
Schleswig-Holstein,2016-05,16,110,386.144,799.69,126,1185.834,0,0,0,6835.0,1134.0,7969.0
Schleswig-Holstein,2016-06,15,125,479.21,885.251,140,1364.461,0,0,0,6835.0,1134.0,7969.0
Schleswig-Holstein,2016-07,15,99,260.36,568.938,114,829.298,0,0,0,6835.0,1134.0,7969.0
Schleswig-Holstein,2016-08,16,106,877.29,607.868,122,1485.158,0,0,0,6835.0,1134.0,7969.0
Schleswig-Holstein,2016-09,20,100,336.38,599.156,120,935.536,0,0,0,6835.0,1134.0,7969.0
Schleswig-Holstein,2016-10,17,91,1046.95,623.085,108,1670.035,0,0,0,6835.0,1134.0,7969.0
Schleswig-Holstein,2016-11,14,83,333.26,493.39,97,826.65,0,0,0,6835.0,1134.0,7969.0
Schleswig-Holstein,2016-12,13,76,1081.1,453.875,89,1534.975,0,0,0,6835.0,1134.0,7969.0
Schleswig-Holstein,2017-01,17,79,252.03,593.4,96,845.43,0,0,0,6037.0,1011.0,7048.0
Schleswig-Holstein,2017-02,15,100,337.03,892.729,115,1229.759,0,0,0,6037.0,1011.0,7048.0
Schleswig-Holstein,2017-03,21,100,621.23,636.75,121,1257.98,0,0,0,6037.0,1011.0,7048.0
Schleswig-Holstein,2017-04,15,103,1076.48,790.416,118,1866.8960000000002,0,0,0,6037.0,1011.0,7048.0
Schleswig-Holstein,2017-05,15,118,702.99,723.515,133,1426.505,0,0,0,6037.0,1011.0,7048.0
Schleswig-Holstein,2017-06,20,139,893.605,957.718,159,1851.3229999999999,0,0,0,6037.0,1011.0,7048.0
Schleswig-Holstein,2017-07,19,142,524.7850000000001,936.633,161,1461.4180000000001,0,0,0,6037.0,1011.0,7048.0
Schleswig-Holstein,2017-08,28,127,1605.075,987.74,155,2592.815,0,0,0,6037.0,1011.0,7048.0
Schleswig-Holstein,2017-09,19,119,478.69,943.585,138,1422.275,0,0,0,6037.0,1011.0,7048.0
Schleswig-Holstein,2017-10,15,116,435.84,757.52,131,1193.36,0,0,0,6037.0,1011.0,7048.0
Schleswig-Holstein,2017-11,29,122,519.035,1178.241,151,1697.2759999999998,0,0,0,6037.0,1011.0,7048.0
Schleswig-Holstein,2017-12,8,88,222.34000000000003,555.66,96,778.0,0,0,0,6037.0,1011.0,7048.0
Schleswig-Holstein,2018-01,15,116,794.1,1558.135,131,2352.235,0,0,0,5253.0,898.0,6151.0
Schleswig-Holstein,2018-02,14,99,318.23,614.81,113,933.04,0,0,0,5253.0,898.0,6151.0
Schleswig-Holstein,2018-03,16,120,402.17,860.505,136,1262.675,0,0,0,5253.0,898.0,6151.0
Schleswig-Holstein,2018-04,19,125,343.07,1158.69,144,1501.76,0,0,0,5253.0,898.0,6151.0
Schleswig-Holstein,2018-05,21,149,1210.27,1293.118,170,2503.388,0,0,0,5253.0,898.0,6151.0
Schleswig-Holstein,2018-06,21,149,1624.27,1478.435,170,3102.705,0,0,0,5253.0,898.0,6151.0
Schleswig-Holstein,2018-07,28,144,1675.596,1862.8600000000001,172,3538.456,0,0,0,5253.0,898.0,6151.0
Schleswig-Holstein,2018-08,29,127,1303.32,1154.13,156,2457.45,0,0,0,5253.0,898.0,6151.0
Schleswig-Holstein,2018-09,15,127,810.92,1047.615,142,1858.5349999999999,0,0,0,5253.0,898.0,6151.0
Schleswig-Holstein,2018-10,23,118,1553.865,1119.04,141,2672.9049999999997,0,0,0,5253.0,898.0,6151.0
Schleswig-Holstein,2018-11,18,126,712.08,1846.165,144,2558.245,0,0,0,5253.0,898.0,6151.0
Schleswig-Holstein,2018-12,29,90,2393.07,1155.115,119,3548.1850000000004,0,0,0,5253.0,898.0,6151.0
Schleswig-Holstein,2019-01,79,179,9854.745,7225.32,258,17080.065000000002,0,0,0,5485.0,913.0,6398.0
Schleswig-Holstein,2019-02,25,135,2534.68,1985.193,160,4519.873,0,0,0,5485.0,913.0,6398.0
Schleswig-Holstein,2019-03,34,163,2371.585,2940.175,197,5311.76,0,0,0,5485.0,913.0,6398.0
Schleswig-Holstein,2019-04,34,187,2123.72,2474.455,221,4598.174999999999,0,0,0,5485.0,913.0,6398.0
Schleswig-Holstein,2019-05,35,154,1498.02,1554.985,189,3053.005,0,0,0,5485.0,913.0,6398.0
Schleswig-Holstein,2019-06,40,198,1536.37,2422.585,238,3958.955,0,0,0,5485.0,913.0,6398.0
Schleswig-Holstein,2019-07,37,226,1666.8700000000001,2153.91,263,3820.7799999999997,0,0,0,5485.0,913.0,6398.0
Schleswig-Holstein,2019-08,36,193,1202.32,2387.585,229,3589.9049999999997,0,0,0,5485.0,913.0,6398.0
Schleswig-Holstein,2019-09,41,191,3368.23,1973.785,232,5342.015,0,0,0,5485.0,913.0,6398.0
Schleswig-Holstein,2019-10,28,212,2015.97,1726.42,240,3742.3900000000003,0,0,0,5485.0,913.0,6398.0
Schleswig-Holstein,2019-11,32,177,2097.637,1381.32,209,3478.9570000000003,0,0,0,5485.0,913.0,6398.0
Schleswig-Holstein,2019-12,18,111,1180.06,757.584,129,1937.6439999999998,0,0,0,5485.0,913.0,6398.0
Schleswig-Holstein,2020-01,36,237,2286.2,3424.45,273,5710.65,0,0,0,5974.0,943.0,6917.0
Schleswig-Holstein,2020-02,32,216,1844.02,1955.259,248,3799.279,0,0,0,5974.0,943.0,6917.0
Schleswig-Holstein,2020-03,35,288,1420.195,2533.09,323,3953.285,0,0,0,5974.0,943.0,6917.0
Schleswig-Holstein,2020-04,39,344,3111.77,3584.813,383,6696.5830000000005,0,0,0,5974.0,943.0,6917.0
Schleswig-Holstein,2020-05,35,336,1128.805,4174.303,371,5303.108,0,0,0,5974.0,943.0,6917.0
Schleswig-Holstein,2020-06,43,335,1529.09,2989.534,378,4518.624,0,0,0,5974.0,943.0,6917.0
Schleswig-Holstein,2020-07,52,317,3184.955,3108.77,369,6293.725,0,0,0,5974.0,943.0,6917.0
Schleswig-Holstein,2020-08,36,364,955.56,2803.93,400,3759.49,0,0,0,5974.0,943.0,6917.0
Schleswig-Holstein,2020-09,64,435,4480.795,4011.18,499,8491.975,0,0,0,5974.0,943.0,6917.0
Schleswig-Holstein,2020-10,46,384,2640.19,3595.8269999999998,430,6236.017,0,0,0,5974.0,943.0,6917.0
Schleswig-Holstein,2020-11,40,395,1837.81,4691.577,435,6529.387000000001,0,0,0,5974.0,943.0,6917.0
Schleswig-Holstein,2020-12,38,300,3020.515,2540.53,338,5561.045,0,0,0,5974.0,943.0,6917.0
Schleswig-Holstein,2021-01,39,344,1909.43,3263.417,383,5172.847,0,0,0,5459.0,810.0,6269.0
Schleswig-Holstein,2021-02,37,292,2009.135,2416.995,329,4426.13,0,0,0,5459.0,810.0,6269.0
Schleswig-Holstein,2021-03,49,469,3883.135,4364.265,518,8247.400000000001,0,0,0,5459.0,810.0,6269.0
Schleswig-Holstein,2021-04,50,463,1972.235,4941.945,513,6914.179999999999,0,0,0,5459.0,810.0,6269.0
Schleswig-Holstein,2021-05,37,470,1797.04,4328.435,507,6125.475,0,0,0,5459.0,810.0,6269.0
Schleswig-Holstein,2021-06,55,555,1517.3899999999999,5008.258,610,6525.647999999999,0,0,0,5459.0,810.0,6269.0
Schleswig-Holstein,2021-07,51,443,3461.92,4349.818,494,7811.738,0,0,0,5459.0,810.0,6269.0
Schleswig-Holstein,2021-08,52,523,2330.745,4643.483,575,6974.228,0,0,0,5459.0,810.0,6269.0
Schleswig-Holstein,2021-09,52,575,1932.125,5935.707,627,7867.832,0,0,0,5459.0,810.0,6269.0
Schleswig-Holstein,2021-10,53,512,1926.27,4405.361,565,6331.630999999999,0,0,0,5459.0,810.0,6269.0
Schleswig-Holstein,2021-11,35,533,1459.785,4388.625,568,5848.41,0,0,0,5459.0,810.0,6269.0
Schleswig-Holstein,2021-12,45,371,1680.875,3238.03,416,4918.905000000001,0,0,0,5459.0,810.0,6269.0
Schleswig-Holstein,2022-01,43,562,2660.425,5615.555,605,8275.98,0,0,0,5143.0,870.0,6013.0
Schleswig-Holstein,2022-02,52,578,1683.53,5078.191,630,6761.721,0,0,0,5143.0,870.0,6013.0
Schleswig-Holstein,2022-03,61,765,2395.705,6706.5289999999995,826,9102.234,0,0,0,5143.0,870.0,6013.0
Schleswig-Holstein,2022-04,39,719,2327.925,6615.035,758,8942.96,0,0,0,5143.0,870.0,6013.0
Schleswig-Holstein,2022-05,59,834,2208.225,6948.941,893,9157.166,0,0,0,5143.0,870.0,6013.0
Schleswig-Holstein,2022-06,63,832,2767.38,7217.589,895,9984.969000000001,0,0,0,5143.0,870.0,6013.0
Schleswig-Holstein,2022-07,50,742,2463.99,6091.811,792,8555.801,0,0,0,5143.0,870.0,6013.0
Schleswig-Holstein,2022-08,67,1128,2194.237,9820.763,1195,12015.0,0,0,0,5143.0,870.0,6013.0
Schleswig-Holstein,2022-09,73,1038,2773.685,9243.067,1111,12016.751999999999,0,0,0,5143.0,870.0,6013.0
Schleswig-Holstein,2022-10,52,810,1462.81,6784.317,862,8247.127,0,0,0,5143.0,870.0,6013.0
Schleswig-Holstein,2022-11,68,854,3672.075,7220.47,922,10892.545,0,0,0,5143.0,870.0,6013.0
Schleswig-Holstein,2022-12,41,505,1529.2,4459.877,546,5989.077,0,0,0,5143.0,870.0,6013.0
Schleswig-Holstein,2023-01,107,1988,2867.76,18555.421,2095,21423.180999999997,1,0,1,4922.0,782.0,5704.0
Schleswig-Holstein,2023-02,86,1777,2752.13,15527.911,1863,18280.041,1,0,1,4922.0,782.0,5704.0
Schleswig-Holstein,2023-03,124,2408,4397.26,21043.28,2532,25440.54,1,0,1,4922.0,782.0,5704.0
Schleswig-Holstein,2023-04,90,2070,5145.394,17611.529,2160,22756.923,1,0,1,4922.0,782.0,5704.0
Schleswig-Holstein,2023-05,108,2454,5818.625,22161.895,2562,27980.52,1,0,1,4922.0,782.0,5704.0
Schleswig-Holstein,2023-06,134,2799,4718.269,26207.464,2933,30925.733,1,0,1,4922.0,782.0,5704.0
Schleswig-Holstein,2023-07,125,2653,5873.762,23318.411,2778,29192.173,1,0,1,4922.0,782.0,5704.0
Schleswig-Holstein,2023-08,113,2777,5298.53,25052.396,2890,30350.926,1,0,1,4922.0,782.0,5704.0
Schleswig-Holstein,2023-09,134,2497,3219.075,23094.649,2631,26313.724000000002,1,0,1,4922.0,782.0,5704.0
Schleswig-Holstein,2023-10,103,1935,3657.56,17315.092,2038,20972.652000000002,1,0,1,4922.0,782.0,5704.0
Schleswig-Holstein,2023-11,120,2407,6967.92,21143.452,2527,28111.372000000003,1,0,1,4922.0,782.0,5704.0
Schleswig-Holstein,2023-12,115,1636,6269.584,14717.912,1751,20987.496,1,0,1,4922.0,782.0,5704.0
Schleswig-Holstein,2024-01,146,2041,6994.005,21607.222,2187,28601.227000000003,1,0,1,3538.0,838.0,4376.0
Schleswig-Holstein,2024-02,95,1805,3381.366,15703.844,1900,19085.21,1,0,1,3538.0,838.0,4376.0
Schleswig-Holstein,2024-03,143,2074,6879.015,19186.245,2217,26065.26,1,0,1,3538.0,838.0,4376.0
Schleswig-Holstein,2024-04,133,2094,9698.697,18945.148,2227,28643.845,1,0,1,3538.0,838.0,4376.0
Schleswig-Holstein,2024-05,110,1950,6237.524,17361.486,2060,23599.010000000002,1,0,1,3538.0,838.0,4376.0
Schleswig-Holstein,2024-06,146,1985,11470.415,18657.047,2131,30127.462,1,0,1,3538.0,838.0,4376.0
Schleswig-Holstein,2024-07,147,2087,9986.125,20214.226,2234,30200.351,1,0,1,3538.0,838.0,4376.0
Schleswig-Holstein,2024-08,117,1716,4898.905,15669.609,1833,20568.514,1,0,1,3538.0,838.0,4376.0
Schleswig-Holstein,2024-09,118,1724,5435.34,16234.472,1842,21669.811999999998,1,0,1,3538.0,838.0,4376.0
Schleswig-Holstein,2024-10,118,1773,5722.125,17298.537,1891,23020.662,1,0,1,3538.0,838.0,4376.0
Schleswig-Holstein,2024-11,141,1636,6069.2,15904.652,1777,21973.852,1,0,1,3538.0,838.0,4376.0
Schleswig-Holstein,2024-12,123,1496,10374.07,16266.95,1619,26641.02,1,0,1,3538.0,838.0,4376.0
Schleswig-Holstein,2025-01,148,1499,13224.97,19855.184,1647,33080.154,1,0,1,2888.0,726.0,3614.0
Schleswig-Holstein,2025-02,130,1277,7246.475,12318.849,1407,19565.324,1,0,1,2888.0,726.0,3614.0
Schleswig-Holstein,2025-03,90,1210,7025.246,10981.393,1300,18006.639,1,0,1,2888.0,726.0,3614.0
Schleswig-Holstein,2025-04,75,1208,4203.32,11227.635,1283,15430.955,1,0,1,2888.0,726.0,3614.0
Schleswig-Holstein,2025-05,76,1405,6769.1449999999995,14450.677,1481,21219.822,1,0,1,2888.0,726.0,3614.0
Schleswig-Holstein,2025-06,96,1388,3533.945,12881.447,1484,16415.392,1,0,1,2888.0,726.0,3614.0
Schleswig-Holstein,2025-07,134,1657,8763.605,15896.353,1791,24659.958,1,0,1,2888.0,726.0,3614.0
Schleswig-Holstein,2025-08,117,1176,3993.535,11121.601,1293,15115.136,1,0,1,2888.0,726.0,3614.0
Schleswig-Holstein,2025-09,108,1298,3823.613,12475.433,1406,16299.046,1,0,1,2888.0,726.0,3614.0
Schleswig-Holstein,2025-10,89,1080,5453.593,10052.676,1169,15506.269,1,0,1,2888.0,726.0,3614.0
Schleswig-Holstein,2025-11,103,1185,5309.81,11548.701,1288,16858.511,1,0,1,2888.0,726.0,3614.0
Schleswig-Holstein,2025-12,97,990,9101.67,10531.225,1087,19632.895,1,0,1,2888.0,726.0,3614.0
Thüringen,2015-01,22,64,749.715,567.237,86,1316.952,0,0,0,1883.0,696.0,2579.0
Thüringen,2015-02,7,49,509.4,283.79200000000003,56,793.192,0,0,0,1883.0,696.0,2579.0
Thüringen,2015-03,9,95,724.1,625.01,104,1349.1100000000001,0,0,0,1883.0,696.0,2579.0
Thüringen,2015-04,9,75,185.815,577.959,84,763.7739999999999,0,0,0,1883.0,696.0,2579.0
Thüringen,2015-05,21,77,645.035,555.6,98,1200.635,0,0,0,1883.0,696.0,2579.0
Thüringen,2015-06,16,106,296.865,644.78,122,941.645,0,0,0,1883.0,696.0,2579.0
Thüringen,2015-07,23,115,740.34,1079.295,138,1819.6350000000002,0,0,0,1883.0,696.0,2579.0
Thüringen,2015-08,18,93,851.251,490.014,111,1341.2649999999999,0,0,0,1883.0,696.0,2579.0
Thüringen,2015-09,21,92,486.055,1004.915,113,1490.97,0,0,0,1883.0,696.0,2579.0
Thüringen,2015-10,15,118,375.43,1293.835,133,1669.265,0,0,0,1883.0,696.0,2579.0
Thüringen,2015-11,14,81,1477.75,1263.661,95,2741.411,0,0,0,1883.0,696.0,2579.0
Thüringen,2015-12,23,74,2856.919,1338.771,97,4195.69,0,0,0,1883.0,696.0,2579.0
Thüringen,2016-01,8,53,959.72,340.947,61,1300.667,0,0,0,1965.0,647.0,2612.0
Thüringen,2016-02,13,64,1017.955,383.65,77,1401.605,0,0,0,1965.0,647.0,2612.0
Thüringen,2016-03,10,65,272.38,440.375,75,712.755,0,0,0,1965.0,647.0,2612.0
Thüringen,2016-04,16,93,710.17,533.664,109,1243.8339999999998,0,0,0,1965.0,647.0,2612.0
Thüringen,2016-05,5,102,311.40000000000003,580.688,107,892.088,0,0,0,1965.0,647.0,2612.0
Thüringen,2016-06,13,126,1710.64,622.972,139,2333.612,0,0,0,1965.0,647.0,2612.0
Thüringen,2016-07,10,100,1238.815,672.165,110,1910.98,0,0,0,1965.0,647.0,2612.0
Thüringen,2016-08,15,113,968.413,601.543,128,1569.9560000000001,0,0,0,1965.0,647.0,2612.0
Thüringen,2016-09,25,113,2915.6,1339.71,138,4255.3099999999995,0,0,0,1965.0,647.0,2612.0
Thüringen,2016-10,21,99,3421.74,553.984,120,3975.7239999999997,0,0,0,1965.0,647.0,2612.0
Thüringen,2016-11,22,114,4560.165,1431.267,136,5991.432,0,0,0,1965.0,647.0,2612.0
Thüringen,2016-12,34,88,17912.125,2312.568,122,20224.693,0,0,0,1965.0,647.0,2612.0
Thüringen,2017-01,5,62,710.4,400.605,67,1111.005,0,0,0,1889.0,683.0,2572.0
Thüringen,2017-02,10,78,824.44,595.255,88,1419.6950000000002,0,0,0,1889.0,683.0,2572.0
Thüringen,2017-03,18,122,1136.33,644.164,140,1780.494,0,0,0,1889.0,683.0,2572.0
Thüringen,2017-04,23,105,2282.84,689.322,128,2972.1620000000003,0,0,0,1889.0,683.0,2572.0
Thüringen,2017-05,20,154,2485.465,898.863,174,3384.3280000000004,0,0,0,1889.0,683.0,2572.0
Thüringen,2017-06,14,124,981.59,1067.555,138,2049.145,0,0,0,1889.0,683.0,2572.0
Thüringen,2017-07,20,145,4251.745,1527.92,165,5779.665,0,0,0,1889.0,683.0,2572.0
Thüringen,2017-08,23,143,1568.4299999999998,788.415,166,2356.845,0,0,0,1889.0,683.0,2572.0
Thüringen,2017-09,22,138,1973.3200000000002,1542.3,160,3515.62,0,0,0,1889.0,683.0,2572.0
Thüringen,2017-10,25,157,1939.56,888.66,182,2828.22,0,0,0,1889.0,683.0,2572.0
Thüringen,2017-11,16,167,1465.1000000000001,1522.242,183,2987.342,0,0,0,1889.0,683.0,2572.0
Thüringen,2017-12,12,79,2028.96,1054.955,91,3083.915,0,0,0,1889.0,683.0,2572.0
Thüringen,2018-01,32,128,8071.855,3098.609,160,11170.464,0,0,0,1950.0,689.0,2639.0
Thüringen,2018-02,17,82,3999.36,1363.06,99,5362.42,0,0,0,1950.0,689.0,2639.0
Thüringen,2018-03,11,117,845.88,2112.518,128,2958.398,0,0,0,1950.0,689.0,2639.0
Thüringen,2018-04,31,121,3752.895,2423.875,152,6176.77,0,0,0,1950.0,689.0,2639.0
Thüringen,2018-05,25,135,5114.745,1809.995,160,6924.74,0,0,0,1950.0,689.0,2639.0
Thüringen,2018-06,33,145,4772.67,1881.668,178,6654.338,0,0,0,1950.0,689.0,2639.0
Thüringen,2018-07,33,153,10231.619999999999,2155.051,186,12386.670999999998,0,0,0,1950.0,689.0,2639.0
Thüringen,2018-08,32,187,5615.035,2120.7019999999998,219,7735.736999999999,0,0,0,1950.0,689.0,2639.0
Thüringen,2018-09,33,141,2703.86,1914.462,174,4618.322,0,0,0,1950.0,689.0,2639.0
Thüringen,2018-10,27,139,7134.375,1382.461,166,8516.836,0,0,0,1950.0,689.0,2639.0
Thüringen,2018-11,38,120,9363.795,1228.92,158,10592.715,0,0,0,1950.0,689.0,2639.0
Thüringen,2018-12,26,81,5028.959,2406.86,107,7435.8189999999995,0,0,0,1950.0,689.0,2639.0
Thüringen,2019-01,128,128,36156.825,5749.686,256,41906.511,0,0,0,1836.0,672.0,2508.0
Thüringen,2019-02,44,123,10542.275,3170.09,167,13712.365,0,0,0,1836.0,672.0,2508.0
Thüringen,2019-03,36,124,8283.3,3282.9700000000003,160,11566.27,0,0,0,1836.0,672.0,2508.0
Thüringen,2019-04,38,158,5338.614,1772.364,196,7110.977999999999,0,0,0,1836.0,672.0,2508.0
Thüringen,2019-05,27,130,5855.72,1568.643,157,7424.363,0,0,0,1836.0,672.0,2508.0
Thüringen,2019-06,28,156,7357.42,1147.691,184,8505.111,0,0,0,1836.0,672.0,2508.0
Thüringen,2019-07,37,172,8611.695,1581.51,209,10193.205,0,0,0,1836.0,672.0,2508.0
Thüringen,2019-08,42,185,6287.4,3939.99,227,10227.39,0,0,0,1836.0,672.0,2508.0
Thüringen,2019-09,28,155,4920.23,1991.53,183,6911.759999999999,0,0,0,1836.0,672.0,2508.0
Thüringen,2019-10,39,178,5289.545,1495.595,217,6785.14,0,0,0,1836.0,672.0,2508.0
Thüringen,2019-11,28,165,4293.72,1807.94,193,6101.66,0,0,0,1836.0,672.0,2508.0
Thüringen,2019-12,20,97,2532.7000000000003,1908.485,117,4441.185,0,0,0,1836.0,672.0,2508.0
Thüringen,2020-01,71,229,13781.185,3242.401,300,17023.586,0,0,0,2141.0,784.0,2925.0
Thüringen,2020-02,38,157,6053.95,1756.387,195,7810.3369999999995,0,0,0,2141.0,784.0,2925.0
Thüringen,2020-03,45,173,8039.73,2892.32,218,10932.05,0,0,0,2141.0,784.0,2925.0
Thüringen,2020-04,44,194,8250.615,2939.105,238,11189.72,0,0,0,2141.0,784.0,2925.0
Thüringen,2020-05,42,203,6887.9,3432.165,245,10320.064999999999,0,0,0,2141.0,784.0,2925.0
Thüringen,2020-06,36,220,8660.68,3143.699,256,11804.379,0,0,0,2141.0,784.0,2925.0
Thüringen,2020-07,40,253,6454.21,4052.65,293,10506.86,0,0,0,2141.0,784.0,2925.0
Thüringen,2020-08,32,242,4023.27,2663.931,274,6687.201,0,0,0,2141.0,784.0,2925.0
Thüringen,2020-09,42,264,7804.68,2377.237,306,10181.917000000001,0,0,0,2141.0,784.0,2925.0
Thüringen,2020-10,45,296,8459.52,3044.96,341,11504.48,0,0,0,2141.0,784.0,2925.0
Thüringen,2020-11,37,303,4834.085,5437.36,340,10271.445,0,0,0,2141.0,784.0,2925.0
Thüringen,2020-12,38,255,5409.84,2895.665,293,8305.505000000001,0,0,0,2141.0,784.0,2925.0
Thüringen,2021-01,41,223,7327.42,3765.57,264,11092.99,0,0,0,1734.0,699.0,2433.0
Thüringen,2021-02,23,173,3026.315,1309.368,196,4335.683,0,0,0,1734.0,699.0,2433.0
Thüringen,2021-03,42,313,10257.915,4708.432,355,14966.347000000002,0,0,0,1734.0,699.0,2433.0
Thüringen,2021-04,32,293,1377.45,2121.535,325,3498.9849999999997,0,0,0,1734.0,699.0,2433.0
Thüringen,2021-05,26,302,1530.7,2423.98,328,3954.6800000000003,0,0,0,1734.0,699.0,2433.0
Thüringen,2021-06,37,415,1942.79,4090.045,452,6032.835,0,0,0,1734.0,699.0,2433.0
Thüringen,2021-07,34,413,1937.0249999999999,3414.195,447,5351.22,0,0,0,1734.0,699.0,2433.0
Thüringen,2021-08,25,346,928.015,2752.871,371,3680.886,0,0,0,1734.0,699.0,2433.0
Thüringen,2021-09,26,393,1145.715,2834.43,419,3980.1449999999995,0,0,0,1734.0,699.0,2433.0
Thüringen,2021-10,41,436,1955.64,3666.26,477,5621.900000000001,0,0,0,1734.0,699.0,2433.0
Thüringen,2021-11,28,372,2071.98,3015.4,400,5087.38,0,0,0,1734.0,699.0,2433.0
Thüringen,2021-12,19,269,1140.465,2346.864,288,3487.3289999999997,0,0,0,1734.0,699.0,2433.0
Thüringen,2022-01,44,346,2851.975,2611.991,390,5463.966,0,0,0,1788.0,749.0,2537.0
Thüringen,2022-02,29,357,2087.29,2851.195,386,4938.485000000001,0,0,0,1788.0,749.0,2537.0
Thüringen,2022-03,42,407,7223.06,3018.454,449,10241.514000000001,0,0,0,1788.0,749.0,2537.0
Thüringen,2022-04,33,391,1535.945,3645.605,424,5181.55,0,0,0,1788.0,749.0,2537.0
Thüringen,2022-05,39,413,1939.705,3233.316,452,5173.021,0,0,0,1788.0,749.0,2537.0
Thüringen,2022-06,36,479,4139.22,3662.69,515,7801.91,0,0,0,1788.0,749.0,2537.0
Thüringen,2022-07,30,464,1148.1,3490.394,494,4638.494,0,0,0,1788.0,749.0,2537.0
Thüringen,2022-08,43,624,2138.985,4948.656,667,7087.641,0,0,0,1788.0,749.0,2537.0
Thüringen,2022-09,37,679,3111.985,5845.21,716,8957.195,0,0,0,1788.0,749.0,2537.0
Thüringen,2022-10,42,600,6857.64,4746.532,642,11604.172,0,0,0,1788.0,749.0,2537.0
Thüringen,2022-11,43,649,3536.52,5200.837,692,8737.357,0,0,0,1788.0,749.0,2537.0
Thüringen,2022-12,36,381,1840.09,2870.024,417,4710.114,0,0,0,1788.0,749.0,2537.0
Thüringen,2023-01,50,1145,2335.69,9403.484,1195,11739.174,0,0,0,1540.0,666.0,2206.0
Thüringen,2023-02,43,1049,1929.385,8729.512,1092,10658.897,0,0,0,1540.0,666.0,2206.0
Thüringen,2023-03,62,1326,5784.755,10873.128,1388,16657.883,0,0,0,1540.0,666.0,2206.0
Thüringen,2023-04,64,1114,5277.046,8851.546,1178,14128.592,0,0,0,1540.0,666.0,2206.0
Thüringen,2023-05,68,1459,4682.305,13011.934,1527,17694.239,0,0,0,1540.0,666.0,2206.0
Thüringen,2023-06,81,1823,6857.545,14726.754,1904,21584.299,0,0,0,1540.0,666.0,2206.0
Thüringen,2023-07,80,1660,6139.19,13683.134,1740,19822.324,0,0,0,1540.0,666.0,2206.0
Thüringen,2023-08,92,1548,6747.945,13251.986,1640,19999.931,0,0,0,1540.0,666.0,2206.0
Thüringen,2023-09,76,1572,5612.6,13284.572,1648,18897.172,0,0,0,1540.0,666.0,2206.0
Thüringen,2023-10,72,1451,5716.0199999999995,11876.691,1523,17592.711,0,0,0,1540.0,666.0,2206.0
Thüringen,2023-11,83,1408,7684.055,11820.374,1491,19504.429,0,0,0,1540.0,666.0,2206.0
Thüringen,2023-12,76,990,8473.5,9959.476,1066,18432.976000000002,0,0,0,1540.0,666.0,2206.0
Thüringen,2024-01,111,1288,12623.547,13191.06,1399,25814.607,0,0,0,1193.0,692.0,1885.0
Thüringen,2024-02,74,1058,6729.139999999999,8592.519,1132,15321.659,0,0,0,1193.0,692.0,1885.0
Thüringen,2024-03,58,1322,10060.82,11164.8,1380,21225.62,0,0,0,1193.0,692.0,1885.0
Thüringen,2024-04,67,1521,4797.195,12555.199,1588,17352.394,0,0,0,1193.0,692.0,1885.0
Thüringen,2024-05,80,1372,7757.46,12011.825,1452,19769.285,0,0,0,1193.0,692.0,1885.0
Thüringen,2024-06,93,1409,7653.23,11715.021,1502,19368.251,0,0,0,1193.0,692.0,1885.0
Thüringen,2024-07,105,1476,8298.305,15799.998,1581,24098.303,0,0,0,1193.0,692.0,1885.0
Thüringen,2024-08,98,1187,8090.95,9874.462,1285,17965.412,0,0,0,1193.0,692.0,1885.0
Thüringen,2024-09,64,1119,8758.455,9889.828,1183,18648.283,0,0,0,1193.0,692.0,1885.0
Thüringen,2024-10,69,996,9921.79,9390.875,1065,19312.665,0,0,0,1193.0,692.0,1885.0
Thüringen,2024-11,91,1006,7413.35,9315.659,1097,16729.009,0,0,0,1193.0,692.0,1885.0
Thüringen,2024-12,93,857,23345.367000000002,8942.33,950,32287.697,0,0,0,1193.0,692.0,1885.0
Thüringen,2025-01,120,892,17773.745,10005.197,1012,27778.942,0,0,0,660.0,585.0,1245.0
Thüringen,2025-02,82,655,5673.445,6216.061,737,11889.506,0,0,0,660.0,585.0,1245.0
Thüringen,2025-03,42,680,3884.475,6464.033,722,10348.508,0,0,0,660.0,585.0,1245.0
Thüringen,2025-04,67,795,10316.22,6648.062,862,16964.282,0,0,0,660.0,585.0,1245.0
Thüringen,2025-05,56,839,4413.53,7740.31,895,12153.84,0,0,0,660.0,585.0,1245.0
Thüringen,2025-06,59,829,2500.45,7667.83,888,10168.279999999999,0,0,0,660.0,585.0,1245.0
Thüringen,2025-07,70,880,8057.57,8413.761,950,16471.331,0,0,0,660.0,585.0,1245.0
Thüringen,2025-08,65,747,6846.23,7077.165,812,13923.395,0,0,0,660.0,585.0,1245.0
Thüringen,2025-09,73,726,7012.715,6675.745,799,13688.46,0,0,0,660.0,585.0,1245.0
Thüringen,2025-10,54,655,4642.79,6842.544,709,11485.333999999999,0,0,0,660.0,585.0,1245.0
Thüringen,2025-11,56,655,4544.48,5684.673,711,10229.152999999998,0,0,0,660.0,585.0,1245.0
Thüringen,2025-12,72,558,9567.315,6363.8279999999995,630,15931.143,0,0,0,660.0,585.0,1245.0
