OBJECTID,Postleitzahl,note,Einwohner:Innen,Gebietgröße in km²,Shape__Area,Shape__Length
1,64743,"Situation unklar, evtl. haben die Häuser Marbach 2 und 6 auch diese PLZ. Das ganze sieht aus wie ein Versäumnis der Post.",3,0.082066,195369.744628906,2526.56032777865
2,81248,81248 München,121,1.984763,4455346.46240234,9358.74900572957
3,60315,60315 Frankfurt am Main (FOUR),0,0.017285,42014.8110351563,868.309237733258
4,99331,99331 Geratal,4523,20.20708,50352702.0405273,46803.682059089
5,60312,60312 Frankfurt am Main (Omniturm),0,0.001829,4446.4013671875,267.065318286679
6,98694,98694 Ilmenau,7028,80.375011,199537109.212402,122071.026514065
7,39628,39628 Bismark,3147,125.13593,339071239.369141,109766.577330274
8,64760,64760 Oberzent,10503,165.476886,393053500.438477,137172.27415591
9,35647,35647 Waldsolms,4855,44.716972,110165395.299805,73083.244852594
10,31195,31195 Lamspringe,5876,70.492464,185587953.728027,93723.7557809652
11,31084,31084 Freden (Leine),4892,53.219498,139853219.684082,70285.6627972555
12,27639,27639 Wurster Nordseeküste,17093,179.92406,513231546.533691,126536.480850535
13,99707,99707 Kyffhäuserland,4281,128.579234,329481337.322266,138016.867955432
14,25867,25867 Oland,21,2.127616,6356305.07373047,14373.6105755191
15,82475,82475 Garmisch-Partenkirchen (Schneefernerhaus),0,6.47488,14133284.543457,16447.4809561661
16,47051,47051 Duisburg,13928,2.389929,6140977.00048828,13671.4067936774
17,24367,24367 Osterby,940,9.830657,29037790.3979492,28781.2922597957
18,60306,"60306 Frankfurt am Main, Opernturm",0,0.005761,14005.0053710938,510.604445250524
19,49849,49849 Wilsum,1647,47.164155,127325252.672852,44335.6245432514
20,04862,04862 Mockrehna,5193,114.597391,295140073.179688,90541.4385602417
21,38550,38550 Isenbüttel,6309,18.775497,50471691.6235352,35954.9083654409
22,09634,09634 Reinsberg,602,7.787529,19638434.0957031,23097.1529538087
23,16552,16552 Schildow,6103,6.603192,17876261.9238281,26025.9986510075
24,48308,48308 Senden,20007,109.381671,286497526.53125,122065.573272732
25,48249,48249 Dülmen,46529,185.183014,484698115.740723,128694.798781074
26,48324,48324 Sendenhorst,12877,96.863681,253645983.813477,89740.8288722812
27,48317,48317 Drensteinfurt,15215,106.527946,278304194.797852,106581.90431026
28,59387,59387 Ascheberg,15141,106.308123,277378044.197266,96300.953130168
29,59394,59394 Nordkirchen,9694,52.289388,136172085.333496,65221.3014156508
30,59368,59368 Werne,29659,76.104433,197743889.09082,85110.0832071749
31,59348,59348 Lüdinghausen,23656,140.482355,366534156.952148,113255.103226402
32,59399,59399 Olfen,12101,52.378119,136244738.183105,68747.1257365373
33,59379,59379 Selm,26074,60.395799,156957853.057129,79645.242190521
34,45731,45731 Waltrop,28981,47.077308,122016496.638184,69135.6680388107
35,45739,45739 Oer-Erkenschwick,30941,38.668891,100383388.583008,56003.5259614173
36,45721,45721 Haltern am See,37318,158.51105,413141389.405273,119264.565597927
37,45711,45711 Datteln,34509,66.084093,171598841.40625,91209.560202738
38,99819,"99819 Marksuhl, Krauthausen u.a.",1609,18.342483,46323512.7084961,46518.8939236144
39,32791,32791 Lage,34903,75.977555,200126127.080566,100240.964333004
40,32699,32699 Extertal,11948,92.419428,244621049.564453,99132.8223261103
41,32694,32694 Dörentrup,8229,49.756024,131359557.368164,69065.2534120352
42,32689,32689 Kalletal,14299,112.229369,297457617.814453,103020.515843546
43,32657,32657 Lemgo,41112,100.777711,266058416.203125,117212.719877158
44,46348,46348 Raesfeld,11178,57.944146,151091970.310059,61903.2465586605
45,37696,37696 Marienmünster,5380,63.371221,165754794.71875,69289.981378416
46,49610,49610 Quakenbrück,12196,18.804853,51099599.418457,42164.1424752269
47,37688,37688 Beverungen,13873,97.91499,254348984.609863,105839.173341335
48,37671,37671 Höxter,30209,158.017775,412627783.256836,136158.793696172
49,34439,34439 Willebadessen,8450,128.312167,332392730.847168,117825.672152523
50,34434,34434 Borgentreich,9144,138.818119,359163635.884277,126132.454810433
51,34414,34414 Warburg,23596,168.6786,435223484.271973,143124.944036105
52,32825,32825 Blomberg,15791,99.003681,260439355.159668,111801.673395323
53,32816,32816 Schieder-Schwalenberg,8976,59.997222,157472227.626465,91442.2270931731
54,32676,32676 Lügde,10240,88.47913,232322691.802734,93644.854556081
55,46499,46499 Hamminkeln,26485,164.49477,428560432.571289,121457.050589377
56,47053,47053 Duisburg,24646,5.556753,14270510.1591797,16448.3223670435
57,49699,49699 Lindern (Oldenburg),4713,65.814099,180113329.877441,59466.4866698219
58,49696,49696 Molbergen,7729,102.485984,281018023.382813,89509.6187105545
59,49692,49692 Cappeln (Oldenburg),6881,76.328211,208483718.302734,79313.7751431966
60,24988,24988 Oeversee,3350,36.491463,109166268.15918,52394.4494238682
61,49688,49688 Lastrup,6743,85.513095,233591514.251465,71838.9183290075
62,49685,49685 Emstek,11393,108.512532,297276212.467773,90985.5873352459
63,49681,49681 Garrel,14097,113.692614,312811728.322266,92907.5868748301
64,49661,49661 Cloppenburg,32984,70.812364,194006666.052246,81934.990193339
65,49635,49635 Badbergen,4516,78.034272,211660131.330566,86430.0246652345
66,38530,38530 Didderse,1336,7.419535,19893345.9462891,22552.4070376571
67,49632,49632 Essen (Oldenburg),8314,98.102227,267179004.532227,87220.9916219862
68,49456,49456 Bakum,5912,78.743314,214537074.850586,81532.9457003236
69,49439,49439 Steinfeld,9618,60.011995,162472331.884766,85478.0040114356
70,49429,49429 Visbek,9316,84.102629,230170237.381836,78102.7200981801
71,49424,49424 Goldenstedt,9255,88.884021,242581791.97168,79770.2182614327
72,49413,49413 Dinklage,12662,72.637339,197239536.211426,80221.7534332578
73,49401,49401 Damme,16297,103.609817,279639564.050293,80496.7544824219
74,49638,49638 Nortrup,2967,27.299103,73979565.4101563,44180.9495534625
75,29579,29579 Emmendorf,757,10.9784,30312679.4018555,29098.3923201984
76,49637,49637 Menslage,2529,65.052833,176721823.885742,76253.8126800554
77,49624,49624 Löningen,13094,143.623444,391336991.14209,109063.957792319
78,49393,49393 Lohne,24884,91.089153,247357207.699707,112855.943344865
79,49377,49377 Vechta,30373,87.793149,239279446.033203,87259.3112956941
80,49596,49596 Gehrde,2526,36.447477,98592682.7036133,46866.256343321
81,49593,49593 Bersenbrück,7845,42.453246,114764683.10498,61376.8774405246
82,21737,21737 Wischhafen,3088,27.238753,77876949.4555664,46893.9342129254
83,49451,49451 Holdorf,6549,54.943492,148594686.614746,69417.0489297839
84,49434,49434 Neuenkirchen-Vörden,7886,91.756855,247314907.609863,94987.8711030469
85,49846,49846 Hoogstede,2896,49.649805,134269797.160645,58202.8263772627
86,49844,49844 Bawinkel,2337,20.410246,55234011.1274414,43218.69777743
87,49774,49774 Lähden,4722,79.82878,217649621.31543,75645.1255978479
88,21729,21729 Freiburg (Elbe),1904,26.34517,75533019.6972656,36432.0492743021
89,24887,"24887 Silberstedt, Schwittschau",2182,37.954121,112594837.265625,89695.1430104999
90,38473,38473 Tiddische,1260,16.370817,44139855.5527344,32888.6305222967
91,24885,24885 Sieverstedt,1677,31.061068,92617379.7788086,46739.7405906817
92,38476,38476 Barwedel,1021,19.828737,53521876.5795898,40854.3308814975
93,24882,"24882 Schaalby, Geelbek",1694,24.304851,72109139.8911133,42908.1341323225
94,24881,24881 Nübel,1358,18.660992,55426778.3056641,44424.7426533131
95,24876,24876 Hollingstedt,1051,17.704567,52346904.815918,35603.195467878
96,24873,24873 Havetoft,925,14.452156,43125953.6118164,40730.1397631546
97,24870,24870 Ellingstedt,810,21.30674,63028635.5195313,40621.1696341884
98,24869,24869 Dörpstedt,552,16.661396,49178312.6049805,34328.6340115999
99,24867,24867 Dannewerk,1121,16.476802,48737188.3515625,38974.5126153901
100,38556,38556 Bokensdorf,971,14.475593,39015451.6005859,30602.2758937804
101,24866,24866 Busdorf,2074,5.275558,15614304.9267578,22707.2271917269
102,38553,38553 Wasbüttel,1881,6.620196,17771729.1826172,18774.5513522078
103,37649,37649 Heinsen,852,18.668927,48933814.2617188,34118.1054518781
104,32683,32683 Barntrup,9054,59.480536,156837266.818359,72220.2773936372
105,38474,38474 Tülau,1530,23.523087,63621833.1455078,39587.6399173605
106,38471,38471 Rühen,4858,31.073448,83693823.2988281,52341.0888941699
107,38557,38557 Osloß,1899,7.71106,20757626.3076172,21797.0617004899
108,38554,38554 Weyhausen,2533,7.969604,21442310.5639648,28475.1076108149
109,38479,38479 Tappenbeck,1366,5.168316,13914409.8647461,21925.9122030207
110,38477,38477 Jembke,1872,14.610358,39381451.6396484,31936.2884292656
111,38547,38547 Calberlah,5073,27.616596,74162750.331543,66736.0767392714
112,38531,38531 Rötgesbüttel,2257,10.908152,29279311.8051758,35128.0956094598
113,38524,38524 Sassenburg,10848,88.444184,238713819.473145,90337.4918416796
114,48499,48499 Salzbergen,7578,53.444756,142871603.522461,57327.5187320754
115,48488,48488 Emsbüren,9780,140.053924,375754972.573242,99119.2437983095
116,48493,48493 Wettringen,7833,57.712513,153663159.375977,69224.3249653623
117,48607,48607 Ochtrup,18941,105.709632,281219506.39209,76487.5666251858
118,48455,48455 Bad Bentheim,15142,100.009765,267036554.688965,89796.5596948536
119,48599,48599 Gronau,45509,78.802458,209405917.771973,65648.1269160399
120,48691,48691 Vreden,22428,135.685465,358475653.105469,91342.7078721555
121,48703,48703 Stadtlohn,20192,79.168915,208614190.875977,71186.6803247105
122,48683,48683 Ahaus,38426,151.505781,400937293.806152,97831.2915513756
123,48619,48619 Heek,8382,69.248186,183521307.010254,70638.5518310062
124,47279,47279 Duisburg,8392,5.854311,15012363.6542969,20884.9884924139
125,48739,48739 Legden,6970,56.115157,148166773.92041,58108.7534437926
126,48629,48629 Metelen,6409,40.260392,106793205.97998,47302.4616641804
127,48624,48624 Schöppingen,6883,68.684414,181680609.441406,66979.6260077557
128,48612,48612 Horstmar,6521,44.729859,118396584.688477,57953.4347091165
129,48366,48366 Laer,6495,35.235612,93099092.1757813,57668.640230427
130,48565,48565 Steinfurt,33455,111.629882,296081761.102539,77162.2154202162
131,48356,48356 Nordwalde,9403,51.540362,136438226.913574,59865.5672360596
132,48341,48341 Altenberge,10043,63.004514,166327156.024902,74831.1348745993
133,48329,48329 Havixbeck,11568,53.238517,140143087.525879,60076.193071141
134,48720,48720 Rosendahl,10592,94.709919,249728718.138672,103498.876066412
135,48727,48727 Billerbeck,11537,91.233981,240312025.351563,97779.6497488412
136,48653,48653 Coesfeld,35880,141.159685,370604653.931641,94649.2626565059
137,48301,48301 Nottuln,19226,85.652051,224937567.697266,85930.3276293387
138,48712,48712 Gescher,16936,80.772986,212329671.019531,77217.5963105765
139,48734,48734 Reken,14338,78.731434,205838467.476074,72646.5798605275
140,46342,46342 Velen,13020,70.841774,185806432.558105,72622.6174438295
141,46359,46359 Heiden,8111,53.295505,139341327.32959,59071.8273356747
142,46354,46354 Südlohn,8834,45.223629,118862817.327637,68278.2281228402
143,46325,46325 Borken,41748,153.197481,400990159.893066,119426.240562889
144,46414,46414 Rhede,19149,78.880852,206255255.442383,84863.358005499
145,32839,32839 Steinheim,13157,75.649569,198086440.25,114142.827510814
146,32832,32832 Augustdorf,9666,42.033404,110319550.854492,53211.6414218233
147,32805,32805 Horn-Bad Meinberg,17412,90.053131,236027215.519043,122354.023493003
148,38551,38551 Ribbesbüttel,2092,24.67408,66293465.2802734,52208.6861501227
149,38543,38543 Hillerse,2524,24.127647,64793035.4609375,49514.796028301
150,38542,38542 Leiferde,4355,28.147315,75687955.8061523,69399.9905006285
151,38536,38536 Meinersen,8270,53.816212,144911973.935059,85991.8949030288
152,46514,46514 Schermbeck,13382,110.681773,287764849.034668,106014.306608086
153,46569,46569 Hünxe,13763,106.837903,277059364.366699,96651.4255369031
154,46562,46562 Voerde (Niederrhein),37269,53.468578,138398404.229492,56198.8860579863
155,47495,47495 Rheinberg,30940,75.221788,194316973.371094,83464.4753402768
156,46519,46519 Alpen,12806,59.591021,154201742.812988,63533.2105098733
157,46509,46509 Xanten,21315,72.430204,188049888.262695,83389.9664166844
158,46419,46419 Isselburg,10932,42.795049,111903379.605469,59184.6355512573
159,46459,46459 Rees,21612,109.883682,286551225.021973,93173.7722297682
160,24404,"24404 Maasholm, Schleimünde",640,9.458618,28269933.7734375,24404.1440414001
161,25725,"25725 Schafstedt, Weidenhof, Bornholt",1390,22.09323,64128415.3164063,43722.3671947257
162,24402,24402 Esgrus,805,18.631123,55746243.9804688,48182.2576105241
163,24401,24401 Böel,730,12.223419,36455904.5126953,33982.1545225325
164,23823,23823 Seedorf,2176,48.848668,141505366.386719,69957.4082563762
165,25721,25721 Eggstedt,780,12.579539,36462982.6943359,25719.3282022582
166,23821,23821 Rohlstorf,1203,19.626818,56622175.7353516,39343.3431246583
167,23719,23719 Glasau,916,18.677182,54104816.0805664,36779.7608476927
168,46446,46446 Emmerich am Rhein,29948,80.427005,210424550.904297,89804.6381237256
169,38533,38533 Vordorf,3105,19.362863,51885375.5908203,44961.9355113626
170,38528,38528 Adenbüttel,1771,13.59312,36453324.4350586,42966.5742632558
171,38179,38179 Schwülper,6830,20.886289,55905657.8413086,47022.2936234544
172,25591,25591 Ottenbüttel,746,9.692957,27977863.3535156,28942.9507160733
173,38268,38268 Lengede,12741,34.171395,90883109.0786133,61012.5443251856
174,38176,38176 Wendeburg,10018,60.046181,160614391.722656,87807.9994435227
175,38159,38159 Vechelde,16013,76.530823,203976170.490723,86354.5129868188
176,25786,25786 Dellstedt,783,21.784484,63712394.2705078,43637.5421215761
177,25729,25729 Windbergen,851,17.116323,49581075.3237305,32960.0349427305
178,38378,38378 Warberg,900,7.908281,21007458.8710938,29234.4208738847
179,25599,25599 Wewelsfleth,1508,17.46641,50125141.5302734,42476.7921488734
180,38165,38165 Lehre,11523,72.054697,192796829.938477,84514.6006853938
181,38162,38162 Cremlingen,12804,59.42544,158450118.597168,75212.6950701399
182,25590,25590 Osterstedt,661,10.976127,31893410.6132813,32312.9532609406
183,25587,25587 Münsterdorf,1937,4.977281,14319692.409668,21064.9247230454
184,25585,"25585 Lütjenwestedt, Tackesdorf",630,26.822366,78106259.1987305,38574.9612944091
185,25576,25576 Brokdorf,1001,13.515036,38834277.5336914,30731.7153021314
186,25575,25575 Beringstedt,725,14.111897,41023981.4350586,40168.0102448621
187,25573,"25573 Beidenfleth, Klein Kampen",868,14.575131,41890580.5961914,40758.3046995835
188,38379,38379 Wolsdorf,1016,13.215079,35130278.328125,37251.7283817259
189,38376,38376 Süpplingenburg,651,14.174668,37787938.0126953,37957.5276983672
190,25379,"25379 Herzhorn, Kamerlanderdeich",1056,12.460456,35635671.7109375,38341.677843131
191,38372,38372 Büddenstedt,2704,18.379292,48779352.2841797,47010.5102067471
192,38364,38364 Schöningen,11653,47.334626,125524249.813965,68694.563889253
193,25377,25377 Kollmar und (veraltet) Pagensand,1736,29.508387,84250777.5019531,60524.9230860892
194,25368,25368 Kiebitzreihe,2242,8.633523,24696059.1391602,25012.9418019937
195,25371,25371 Seestermühe,959,14.974599,42667113.9287109,31560.6530981565
196,25370,25370 Seester,914,11.592724,33067422.7719727,31219.79770956
197,25365,25365 Klein Offenseth-Sparrieshoop,2835,16.968938,48590470.4160156,39767.2652582311
198,24997,24997 Wanderup,2186,28.178176,84198889.3305664,43493.0616779419
199,24999,24999 Wees,2290,12.804694,38493795.9008789,29294.1322088963
200,24966,24966 Sörup,4372,43.922713,131499579.779785,52045.4982868215
201,24899,24899 Wohlde,554,14.957912,44092226.546875,35248.8166308418
202,24897,24897 Ulsnis,701,19.740351,58664412.8125,41076.3479006096
203,38468,38468 Ehra-Lessien,1634,56.276444,152194581.904785,56430.2495377108
204,24896,"24896 Treia, Ahrenviölfeld",1506,21.964662,65104333.7788086,48135.9524755379
205,38467,38467 Bergfeld,908,10.545788,28469687.9990234,24893.8620278216
206,38465,38465 Brome,3257,36.88889,99860956.9223633,73526.5592174785
207,29599,29599 Weste,1015,25.429495,70288289.7988281,56141.0002986638
208,42799,42799 Leichlingen,27509,37.239359,94383302.5825195,62515.6319373644
209,56575,56575 Weißenthurm,8237,4.827362,11880300.8569336,16760.3696755013
210,29597,29597 Stoetze,660,38.217162,105640647.208984,47183.2361086163
211,29493,29493 Schnackenburg,592,23.301416,64305906.2597656,39011.9094157258
212,29591,29591 Römstedt,802,19.201135,53187158.4008789,44982.5778997117
213,29590,29590 Rätzlingen,493,8.516975,23459125.6064453,22032.0564423181
214,29588,29588 Oetzen,1185,31.113977,85848751.015625,52628.8428717639
215,29584,29584 Himbergen,1771,39.904909,110560311.689453,61698.3002367633
216,29576,29576 Barum,816,22.367043,61803321.7016602,45924.1690080429
217,29488,29488 Lübbow,836,19.786454,54331644.5683594,33806.4829693336
218,29571,29571 Rosche,2116,71.942897,198347473.746094,82521.6533925877
219,29484,29484 Langendorf,721,41.746945,115530633.047363,54068.674486758
220,29549,29549 Bad Bevensen,8757,48.233666,133450133.287598,73225.6532704757
221,29525,29525 Uelzen,33638,136.734175,376518210.481934,124227.620013152
222,29499,29499 Zernien,1583,51.606642,142671308.200195,68686.5800474832
223,29497,29497 Woltersdorf,958,27.995529,77009168.3540039,47164.6652215599
224,29494,29494 Trebel,946,66.720965,183971162.103027,88032.9635538
225,29475,29475 Gorleben,639,21.341154,58929823.1816406,33388.2188034463
226,29490,29490 Neu Darchau,1441,23.692289,65962253.6166992,49698.5908097309
227,52385,52385 Nideggen,9880,64.930086,161478445.668457,97410.0999086808
228,29485,29485 Lemgow,1401,64.505778,177099133.427734,70299.9457442961
229,52134,52134 Herzogenrath,46447,33.384369,83670632.956543,74625.4231916522
230,52511,52511 Geilenkirchen,26300,83.22617,209571609.008301,85684.4943578374
231,29481,29481 Karwitz,742,31.122926,86148266.0942383,50648.267403852
232,52531,52531 Übach-Palenberg,24232,26.097459,65584201.5595703,56754.407770359
233,56218,56218 Mülheim-Kärlich,10692,15.855228,38976815.8925781,28624.487381063
234,29479,29479 Jameln,1065,35.502332,98077213.7553711,66140.280648802
235,29478,29478 Höhbeck,653,19.401917,53623395.4746094,33143.7471668664
236,29585,29585 Jelmstorf,789,13.918201,38563450.6357422,31472.0094879404
237,29476,29476 Gusborn,1247,48.393452,133884113.523926,84203.4656758041
238,29472,29472 Damnatz,322,15.772605,43768411.0913086,38384.4348744574
239,52396,52396 Heimbach,4424,64.90699,161118779.45459,80753.1010796134
240,52159,52159 Roetgen,8288,39.058139,97067550.7705078,83137.9814837556
241,52393,52393 Hürtgenwald,8676,87.815419,218705990.017578,94407.4756739247
242,52152,52152 Simmerath,15124,110.928738,275124518.72998,124091.104977526
243,52372,52372 Kreuzau,17259,42.131517,105029715.80957,73337.4950479296
244,52391,52391 Vettweiß,8965,83.037437,207106003.265137,81546.6492693263
245,52399,52399 Merzenich,9845,37.859439,94828246.5356445,63118.1981316109
246,52459,52459 Inden,6952,35.956249,90126233.6240234,46229.9381345638
247,52379,52379 Langerwehe,13471,41.482623,103697060.806152,59906.4090439933
248,52249,52249 Eschweiler,54732,75.754336,189595373.524902,80829.6445785039
249,52477,52477 Alsdorf,46577,31.682148,79423932.3549805,47477.412721854
250,52146,52146 Würselen,37223,34.387549,86052837.4423828,58139.0018613546
251,52499,52499 Baesweiler,26382,27.80445,69850892.6142578,41191.6551371789
252,52457,52457 Aldenhoven,13751,44.269204,111126388.716309,73852.4913573764
253,52441,52441 Linnich,12576,65.524998,165034145.864746,75863.3173655039
254,52428,52428 Jülich,31866,90.358443,227128755.97168,90833.8458100974
255,52445,52445 Titz,8299,68.52627,172751852.5625,89414.1170844679
256,52382,52382 Niederzier,13759,63.4179,159180713.012207,64753.6987868329
257,50189,50189 Elsdorf,20825,66.470954,167129001.573242,68628.5840447927
258,50181,50181 Bedburg,23064,80.063933,201981262.880859,80640.004278124
259,52388,52388 Nörvenich,10593,66.177241,165475369.488281,85183.408938373
260,50374,50374 Erftstadt,49270,119.851765,299600588.624512,106533.033641806
261,50389,50389 Wesseling,35011,23.364388,58471759.7880859,41382.4954729991
262,50321,50321 Brühl,43567,36.274219,90790250.8569336,46412.6286418491
263,50354,50354 Hürth,55073,51.005355,127947651.489258,55473.8039106606
264,29496,29496 Waddeweitz,918,49.796368,137301476.236816,58803.9531007381
265,29487,29487 Luckau (Wendland),652,20.696879,56887282.1918945,41476.4244884169
266,29482,29482 Küsten,1383,43.108164,118813997.694336,64728.1603580569
267,29587,29587 Natendorf,816,34.55786,95567646.4394531,49326.353879494
268,29575,29575 Altenmedingen,1565,48.346671,134214514.080566,86516.9049279734
269,29594,29594 Soltendiek,1038,34.147609,93587209.6557617,49905.3101453667
270,29593,29593 Schwienau,729,31.466287,86744955.5527344,57933.9768856317
271,29562,29562 Suhlendorf,2596,61.554296,169244394.89209,82308.2847671657
272,29468,29468 Bergen,1608,24.885385,68259447.8354492,46335.8138422339
273,29465,29465 Schnega,1385,55.202991,151428390.72998,69659.0569126654
274,29462,29462 Wustrow,2888,30.505985,83812161.4018555,42064.6424172087
275,29459,29459 Clenze,2375,72.205864,198615600.838379,81208.73366594
276,29456,29456 Hitzacker (Elbe),5013,57.443177,159532499.10498,70283.9853475978
277,29451,29451 Dannenberg,8102,77.021072,213256990.960449,97375.3582213925
278,29439,29439 Lüchow,9496,90.134255,248304125.30127,100719.330598297
279,49549,49549 Ladbergen,6432,52.325572,138717659.336914,61467.5888348268
280,49219,49219 Glandorf,6705,59.868251,158347683.739746,60112.932357866
281,49214,49214 Bad Rothenfelde,7495,17.575527,46529372.8276367,30452.1647222809
282,49201,49201 Dissen,9294,31.835599,84370145.2573242,52636.8687296124
283,49196,49196 Bad Laer,9223,47.50083,125756772.666992,59600.4742176909
284,49186,49186 Bad Iburg,10644,37.120323,98490678.6616211,60121.9403264228
285,49176,49176 Hilter,10236,51.99856,138106435.056152,77506.4610201282
286,48477,48477 Hörstel,19713,107.403994,286750573.45459,98750.4170090845
287,48369,48369 Saerbeck,7164,59.019688,156797984.62207,67579.0188780739
288,48361,48361 Beelen,6309,31.335004,82318074.3125,41994.8757091676
289,48351,48351 Everswinkel,9427,69.088127,181439025.363281,83002.9415214918
290,48346,48346 Ostbevern,10642,89.575513,236659947.080566,75529.7346990766
291,48336,48336 Sassenberg,14011,78.081961,205913618.373047,77012.5892392841
292,48291,48291 Telgte,18921,90.810474,239281199.02832,110451.990882916
293,48282,48282 Emsdetten,35264,72.017954,191272953.458984,89567.0507551948
294,48268,48268 Greven,34731,140.139917,370911532.951172,105525.829230768
295,48231,48231 Warendorf,37062,176.71073,464684500.447266,141064.544381014
296,38464,38464 Groß Twülpstedt,2563,36.385373,97461595.9262695,54430.8346408307
297,38462,38462 Grafhorst,1012,9.682329,26028549.9208984,30123.8423923195
298,25497,25497 Prisdorf,2185,5.219863,14860924.8188477,20120.1592295394
299,38461,38461 Danndorf,2102,13.997508,37610735.7880859,35980.6676302949
300,38459,38459 Bahrdorf,1907,40.640257,108871180.331543,67072.3242334038
301,38458,38458 Velpke,4651,19.942597,53517335.3852539,38134.2428777508
302,50226,50226 Frechen,49670,45.119036,113369557.260742,55401.8903622246
303,50259,50259 Pulheim,53025,72.105404,181850830.681641,88367.3193638836
304,56648,56648 Saffig,2227,6.967529,17118930.3847656,21221.5674203745
305,49599,49599 Voltlage,1801,42.408071,113986861.544434,50392.6271309797
306,56299,56299 Ochtendung,5230,24.036724,58984169.9707031,43265.2897349863
307,56642,56642 Kruft,3903,18.559817,45607905.1020508,38674.5003735499
308,56637,56637 Plaidt,5785,9.368154,23024849.7724609,29948.8000071906
309,56630,56630 Kretz,742,4.171041,10256235.4077148,18453.9505499051
310,56645,56645 Nickenich,3728,16.690252,41065937.652832,42015.4590137589
311,49594,49594 Alfhausen,3786,39.36795,106097594.259766,49150.9390481306
312,56626,56626 Andernach,29123,52.581236,129488560.283203,63645.5981848083
313,49545,49545 Tecklenburg,8917,70.41664,187453534.884766,95427.8379944362
314,49525,49525 Lengerich,21929,90.625165,240701622.610352,84534.431322922
315,56659,56659 Burgbrohl,3183,10.983045,27075203.3466797,24556.0551160203
316,49504,49504 Lotte,13645,37.723862,100774997.551758,78037.265830572
317,56656,56656 Brohl-Lützing,2430,9.299882,22943054.3969727,24660.3639812139
318,59609,59609 Anröchte,10442,73.752583,190580586.768066,78218.8715298286
319,59597,59597 Erwitte,15608,89.339869,231488463.091797,91737.547679762
320,59590,59590 Geseke,20769,97.796301,253668113.146484,80543.3747126942
321,59514,59514 Welver,12347,85.557007,221724723.80127,91646.2026650199
322,59510,59510 Lippetal,12020,126.514229,328713472.03418,116980.662361258
323,59505,59505 Bad Sassendorf,11517,63.428258,164127478.79541,89637.8081466862
324,59494,59494 Soest,46728,85.752606,221741664.862305,99296.6623816521
325,59329,59329 Wadersloh,12453,116.957168,304535554.92627,98399.752398001
326,59320,59320 Ennigerloh,19710,125.475612,328668466.770508,112969.364734757
327,59302,59302 Oelde,29032,102.704511,268546441.235352,101441.073021113
328,59269,59269 Beckum,36198,111.375971,290473674.581543,97945.8531749262
329,59192,59192 Bergkamen,49049,44.737604,115961204.242676,54978.6192578026
330,59174,59174 Kamen,43765,41.388137,107088438.558594,65381.5498751213
331,58313,58313 Herdecke,22830,22.366417,57440558.809082,42117.9027364127
332,22959,22959 Linau,1186,9.730531,27652639.4301758,30410.1547105118
333,22958,22958 Kuddewörde,1345,7.309978,20710134.3925781,30897.8695299445
334,25469,25469 Halstenbek,16265,12.577696,35714040.0302734,29913.5217284975
335,29396,29396 Schönewörde,912,17.7501,48109844.496582,43999.2327340292
336,25462,25462 Rellingen,13608,13.142629,37358515.7583008,35307.1866040916
337,25421,25421 Pinneberg,41070,21.466606,61019788.2446289,48746.7744024131
338,22869,22869 Schenefeld,18143,10.000219,28364618.4243164,26099.3481822198
339,25499,25499 Tangstedt,2223,12.435646,35412085.4477539,29116.1849158326
340,29359,29359 Habighorst,744,15.824215,43051066.5073242,27902.780924469
341,25495,25495 Kummerfeld,2097,6.403047,18247056.2089844,23858.8655126098
342,58300,58300 Wetter (Ruhr),27945,31.53312,80855771.121582,58611.0436736824
343,45549,45549 Sprockhövel,25605,47.931231,122686038.044922,78275.787712611
344,53721,53721 Siegburg,38704,23.649241,59161788.8505859,47134.0816817775
345,58849,58849 Herscheid,7400,59.393412,151028222.289551,72891.1920989874
346,58769,58769 Nachrodt-Wiblingwerde,6746,29.00235,74162647.2578125,51456.9356659388
347,58762,58762 Altena,18238,44.399907,113402630.024414,78565.1317785946
348,58579,58579 Schalksmühle,10876,37.479937,95611285.96875,59069.0478715127
349,53797,53797 Lohmar,29646,65.598303,164526630.577637,68144.1303064455
350,58566,58566 Kierspe,16382,71.469807,181411101.739746,83648.6272488097
351,58553,58553 Halver,16602,78.407862,199414768.053711,89458.4904968539
352,58540,58540 Meinerzhagen,21132,115.591293,293018030.154297,107965.933201718
353,58339,58339 Breckerfeld,9109,58.884711,150270547.955566,106017.360113459
354,25494,25494 Borstel-Hohenraden,2264,15.072561,42956350.2978516,40481.9860630496
355,53619,53619 Rheinbreitbach,4408,6.547397,16252705.4233398,31683.4624981836
356,53604,53604 Bad Honnef,24561,48.427932,120372597.038086,65463.2184699238
357,25486,25486 Alveslohe,2595,21.907948,62695357.9291992,38853.3440047471
358,25479,25479 Ellerau,5817,7.287071,20824224.7773438,22455.1228612644
359,25451,25451 Quickborn,19730,42.729789,121954844.592773,67859.4080844064
360,25373,25373 Ellerhoop,1423,10.927111,31180623.7524414,32076.6982756874
361,23869,23869 Elmenhorst,2475,14.765375,42201298.6323242,37275.2704898617
362,38384,38384 Gevensleben,686,15.204583,40199766.7431641,32211.0102880849
363,23867,23867 Sülfeld,2519,14.205976,40673418.1401367,32186.9070091478
364,38382,38382 Beierstedt,423,9.605951,25387920.7714844,23742.3598483193
365,23866,23866 Nahe,2354,11.250854,32205933.222168,28186.0514503702
366,23820,23820 Pronstorf,1650,36.264983,104576381.913574,58298.4614987803
367,23818,23818 Neuengörs,774,13.185145,37924032.4091797,40567.1477020883
368,22889,22889 Tangstedt,6301,39.803736,113627047.255371,68349.2455353025
369,22956,22956 Grönwohld,1338,9.841458,27970769.9697266,29666.9314193181
370,22885,22885 Barsbüttel,11843,24.741183,70079236.5307617,41807.805773651
371,22965,22965 Todendorf,1157,12.908197,36771633.1523438,32147.4919898078
372,22964,22964 Steinburg,2605,23.631676,67355704.3378906,49447.562204646
373,22952,22952 Lütjensee,3278,13.880745,39460981.2651367,39206.7275296899
374,22962,22962 Siek,2234,12.445604,35348675.2348633,31626.5611182882
375,38381,38381 Jerxheim,1180,17.535954,46365370.7744141,36053.3490495448
376,22927,22927 Großhansdorf,9284,11.183774,31813879.0576172,31072.477889436
377,22949,22949 Ammersbek,9545,17.631821,50223814.0688477,58093.6082606089
378,22926,22926 Ahrensburg,31365,35.269952,100346962.090332,78615.1196288182
379,32469,32469 Petershagen,26265,212.318871,569809002.114258,177591.834673543
380,49597,49597 Rieste,3283,31.056417,83668178.0361328,51604.6083670159
381,49584,49584 Fürstenau,9245,78.619394,211963733.913086,70399.7143074144
382,49565,49565 Bramsche,30253,183.319622,492291342.384277,118834.307918405
383,49509,49509 Recke,11410,53.627197,143652597.450684,57642.0579351928
384,49497,49497 Mettingen,11891,40.577549,108514668.960449,61279.9365243505
385,53557,53557 Bad Hönningen,5728,15.644197,38681533.5878906,29647.27283393
386,49492,49492 Westerkappeln,11021,85.76995,229320078.592773,75293.6708879129
387,49205,49205 Hasbergen,11004,21.642095,57654065.5253906,46735.6183350029
388,49170,49170 Hagen am Teutoburger Wald,13734,34.524811,91798435.3383789,51963.9184738985
389,49134,49134 Wallenhorst,23205,47.078057,126016661.353516,65030.9110938814
390,49124,49124 Georgsmarienhütte,32015,55.375763,147301378.13916,76269.6530387594
391,48496,48496 Hopsten,7670,99.778201,267792414.26416,90631.5919393728
392,29399,29399 Wahrenholz,3711,57.939534,156934305.569824,98442.6114625584
393,29394,29394 Lüder,1280,56.100492,153303118.90332,69616.5811056545
394,53508,53508 Mayschoß,915,5.642284,13943774.5322266,17051.4601604645
395,29393,29393 Groß Oesingen,1939,57.491277,155973442.689941,61847.6319773419
396,53859,53859 Niederkassel,36581,35.780008,89532917.2592773,55531.9671372831
397,53332,53332 Bornheim,46272,82.672608,206463918.561523,76074.5736936627
398,29389,29389 Bad Bodenteich,3802,50.109233,137176940.990723,70091.8168080876
399,30938,30938 Burgwedel,20356,153.323064,413984013.445801,126925.038967585
400,53919,53919 Weilerswist,15478,57.153762,142504799.915039,74315.1856327758
401,53909,53909 Zülpich,19768,100.987436,251291086.595215,111781.535421864
402,52156,52156 Monschau,12124,94.661823,234054102.638184,119533.469199533
403,53937,53937 Schleiden,13135,122.019281,301921977.955078,98272.125939813
404,53902,53902 Bad Münstereifel,17520,150.749702,372703178.910645,129387.148666843
405,53894,53894 Mechernich,26779,136.368758,337960818.347656,114877.448551718
406,30916,30916 Isernhagen,22746,59.929162,161232808.389648,76880.339762348
407,30900,30900 Wedemark,28236,173.739323,469591372.709961,136541.091734282
408,41849,41849 Wassenberg,16951,42.443799,107523310.669922,55163.4536738035
409,41844,41844 Wegberg,27947,84.302203,213851260.909668,96663.1384545416
410,41812,41812 Erkelenz,42972,117.373157,296799642.212891,115978.043308927
411,38539,38539 Müden (Aller),5382,67.103324,181005649.379395,92674.3843193788
412,47906,47906 Kempen,35141,68.796448,176329403.694336,74875.62292114
413,47929,47929 Grefrath,14969,30.979214,79267002.6738281,49300.4553182251
414,47669,47669 Wachtendonk,7818,48.079188,123333738.532715,53569.455372208
415,47638,47638 Straelen,15435,74.103263,190327109.342773,76286.9813787084
416,29369,29369 Ummern,1567,40.48203,109540719.685059,65468.9736769143
417,59519,59519 Möhnesee,11114,123.408052,317991335.175293,97021.5752486238
418,59469,59469 Ense,12350,51.05224,131641052.821777,66553.4285121721
419,58840,58840 Plettenberg,26246,96.595482,245934583.14209,107393.449848532
420,58809,58809 Neuenrade,12199,54.084497,138105908.056641,87096.7288461976
421,29367,29367 Steinhorst,1319,57.696946,157025605.69873,63150.1805659588
422,58802,58802 Balve,11851,74.731516,191302225.382324,81366.351920578
423,58791,58791 Werdohl,18417,33.340879,85041764.0112305,67115.9480559209
424,58739,58739 Wickede (Ruhr),11604,25.214117,64998268.9824219,58165.9504396643
425,58675,58675 Hemer,35201,67.875357,173995019.664551,70568.8897919243
426,34431,34431 Marsberg,20467,182.154677,468632821.199219,141585.496479774
427,29365,29365 Sprakensehl,1266,84.148517,229763306.467773,74704.7513532347
428,29364,29364 Langlingen,2270,33.45205,90348934.6757813,80792.8017708142
429,29362,29362 Hohne,1706,36.53609,98889468.5820313,59312.9223593377
430,38325,38325 Roklum,470,8.350747,22077138.0292969,24854.1142444266
431,29361,29361 Höfer,923,22.028364,59861169.6186523,44751.6871749281
432,38559,"38559 Wagenhoff, Ringelah",1141,7.626752,20606301.8222656,25127.8441672331
433,38518,38518 Gifhorn,41231,102.587041,276547677.024414,115752.844101557
434,29358,29358 Eicklingen,3198,22.9347,61949315.9458008,54526.2662593345
435,29356,29356 Bröckel,1791,16.384982,44196448.6020508,41152.4532894835
436,29355,29355 Beedenbostel,1013,12.719403,34523702.3022461,37103.5663598738
437,29353,29353 Ahnsbeck,1659,20.644934,55919765.7919922,43920.0208957538
438,29352,29352 Adelheidsdorf,2488,33.316471,90052891.3378906,59227.9758631113
439,29351,29351 Eldingen,2114,57.331741,155737868.081543,65182.8285737158
440,29392,29392 Wesendorf,5009,31.392461,84942745.5927734,42149.1522692611
441,29345,29345 Unterlüß,3683,76.873186,210282068.457031,102980.251982703
442,29342,29342 Wienhausen,4197,40.44264,109399505.465332,79648.071524955
443,29339,29339 Wathlingen,6151,17.635506,47590946.4536133,30773.2112447003
444,29336,29336 Nienhagen,6400,17.601458,47537009.6123047,43585.4542827164
445,29331,29331 Lachendorf,5923,38.377449,104041036.668945,91649.3980104732
446,26899,26899 Rhede (Ems),4217,74.875157,207087875.427246,67138.5590835594
447,26871,26871 Papenburg,35107,118.552609,327748894.394531,97111.978631874
448,26849,26849 Filsum,2110,23.809394,66420555.0219727,42996.2886758051
449,26847,26847 Detern,2688,43.182601,120251500.290039,87367.7131704049
450,26845,26845 Nortmoor,1613,15.178787,42329314.3007813,31475.6082498398
451,26844,26844 Jemgum,3698,78.229253,218484809.124023,79158.4802982074
452,26842,26842 Ostrhauderfehn,10538,50.934867,141414416.383789,87619.5000593257
453,26831,26831 Bunde,7577,102.439178,285024419.493652,96921.0992588279
454,26826,26826 Weener,15506,81.270424,225792444.454102,83371.0907729849
455,26817,26817 Rhauderfehn,17236,103.023782,285709542.958984,100225.937550262
456,26810,26810 Westoverledingen,19845,112.000712,310955497.882324,89636.8032686583
457,26683,26683 Saterland,13101,123.498528,341942631.43457,87745.636706114
458,26676,26676 Barßel,12512,84.363306,234141223.345215,83699.1437722493
459,42929,42929 Wermelskirchen,35000,74.739604,189440462.850098,82538.6733336074
460,59457,59457 Werl,30323,76.309996,197234459.40918,79516.4615789163
461,59439,59439 Holzwickede,16791,22.509986,58004874.1704102,42160.6329331803
462,58730,58730 Fröndenberg/Ruhr,20953,56.152743,144729199.930664,69351.8978877146
463,58239,58239 Schwerte,46772,56.127785,144260610.06543,69464.6353221197
464,51399,51399 Burscheid,18043,27.306517,69137248.2348633,47830.9051832364
465,51519,51519 Odenthal,14903,39.86341,100726539.397461,56555.0145463731
466,51515,51515 Kürten,19569,67.268004,169979996.867188,84956.341285985
467,51491,51491 Overath,27004,68.838872,173244263.186523,94292.9586767499
468,51503,51503 Rösrath,27534,38.785109,97441861.7241211,50558.6605210642
469,51570,51570 Windeck,18969,107.168627,267994084.289551,99340.5295574798
470,58285,58285 Gevelsberg,31206,26.386123,67527950.043457,51957.7065557071
471,58332,58332 Schwelm,28046,18.406115,47008621.3525391,34759.8278877082
472,58256,58256 Ennepetal,30532,57.998134,148105491.610352,86027.912275674
473,53819,53819 Neunkirchen-Seelscheid,19770,50.594032,126837022.284668,77424.5019592614
474,32609,32609 Hüllhorst,13210,44.792325,119502783.136719,66335.5148760741
475,32602,32602 Vlotho,19305,76.160882,202089408.466797,87327.3581611198
476,32584,32584 Löhne,39812,59.466851,158158580.385254,71317.5213650191
477,32457,32457 Porta Westfalica,35644,105.233961,280191415.062988,100205.963992946
478,32289,32289 Rödinghausen,9908,36.200833,96436222.730957,50981.8947638511
479,32278,32278 Kirchlengern,16126,33.755009,89863775.5869141,65593.3942758542
480,32257,32257 Bünde,45531,59.263781,157669964.587402,76341.0626682517
481,32139,32139 Spenge,14894,40.318397,106929608.133301,69265.2229304325
482,32130,32130 Enger,20511,41.199085,109275938.092285,62920.2480159135
483,32120,32120 Hiddenhausen,19861,23.847622,63301884.0283203,43432.2670582583
484,53804,53804 Much,14056,78.017176,195978630.600586,82441.4362968226
485,53809,53809 Ruppichteroth,10454,61.930657,155121981.181152,84017.3413201487
486,53783,53783 Eitorf,18776,69.862501,174484205.059082,78358.7335382783
487,53757,53757 Sankt Augustin,53997,34.20637,85446831.5673828,48741.3333784985
488,53773,53773 Hennef (Sieg),44878,105.834595,264213190.523438,96737.1048324678
489,53639,53639 Königswinter,40066,75.858576,188932905.959473,84197.8300782426
490,53579,53579 Erpel,2539,9.120736,22625718.0161133,42312.1725267952
491,53578,53578 Windhagen,4232,13.120419,32594529.8950195,38090.1262872494
492,53562,53562 Sankt Katharinen (Landkreis Neuwied),3774,16.850246,41767305.2070313,36793.2241238917
493,53577,53577 Neustadt (Wied),6266,35.951525,89205328.84375,62730.2511352436
494,26907,26907 Walchum,1488,26.637356,73205163.3696289,45583.8516737361
495,26906,26906 Dersum,1540,28.592851,78698443.5893555,38675.2640458408
496,26904,26904 Börger,2711,55.482484,152481868.727051,55135.3065822649
497,26903,26903 Surwold,4304,54.841658,151165463.689941,61534.0790415442
498,38322,38322 Hedeper,516,15.684769,41452405.1171875,33592.3527083828
499,21789,21789 Wingst,3511,55.699559,158980508.321289,70918.8320491857
500,21787,21787 Oberndorf,1485,32.926038,94059413.175293,60885.8934195297
501,21782,21782 Bülkau,918,23.180312,66179698.2353516,59500.4713096275
502,38319,38319 Remlingen,1874,21.63816,57297254.1708984,40701.918532886
503,21781,21781 Cadenberge,4138,30.863373,88307309.6987305,66345.8207959776
504,27711,27711 Osterholz-Scharmbeck,30365,147.177578,410776121.822266,134719.895317996
505,21756,21756 Osten,1874,47.934942,136775928.308105,51496.7527468193
506,26689,26689 Apen,11216,76.900164,214126367.237793,77229.1989035763
507,21755,21755 Hechthausen,3504,30.669498,87172759.9248047,51351.3804123808
508,21745,21745 Hemmoor,8841,45.113516,128478262.648438,66890.2809084113
509,21734,21734 Oederquart.,1205,37.3275,106813676.258789,57484.7900261855
510,21727,21727 Estorf,1441,29.349295,83095638.175293,45133.4328374132
511,21649,21649 Regesbostel,1080,16.229177,45555324.53125,45957.6284852186
512,21647,21647 Moisburg,1750,11.112819,31229704.7880859,35035.1146537062
513,21646,21646 Halvesbostel,743,18.302912,51308957.7548828,43374.9025455689
514,21644,21644 Sauensiek,2304,31.504463,88466933.4072266,63193.4405054225
515,21529,21529 Kröppelshagen-Fahrendorf,1061,7.248067,20441350.0561523,25548.5708238451
516,29328,29328 Faßberg,6337,102.122978,280146845.367676,96745.6684717192
517,29323,29323 Wietze,8072,64.568276,175189007.604004,75174.1153717775
518,29320,29320 Hermannsburg,8175,109.956774,300815957.469238,94667.4770149491
519,29313,29313 Hambühren,10075,56.817484,154007581.526367,80834.3294075269
520,27356,27356 Rotenburg,21131,99.095531,274768701.222656,120400.578155818
521,21714,21714 Hammah,2846,29.368103,83396361.4047852,49538.5246358184
522,21712,21712 Großenwörden,464,12.045696,34298017.809082,47254.6234082945
523,21710,21710 Engelschoff,786,19.535604,55568513.0703125,42946.660009144
524,21524,21524 Brunstorf,651,13.658963,38539944.2651367,40020.8075634211
525,21706,21706 Drochtersen,11418,104.346334,297486770.005859,99418.8805568052
526,21702,21702 Ahlerstedt,5063,62.342946,175106179.163086,73213.1607602884
527,21509,21509 Glinde,16670,11.150991,31535347.875,28094.5553370843
528,38387,38387 Söllingen,1819,39.50997,104603739.947266,68191.186631309
529,21386,21386 Betzendorf,1175,32.097093,89054013.8847656,46163.1498656318
530,29699,29699 Bomlitz,7069,63.779727,175264340.57666,71271.6399996024
531,29683,29683 Bad Fallingbostel mit Oerbke und Wense (Nordhälfte von Osterheide),11356,162.646029,446175869.837402,131291.929781594
532,63930,63930 Neunkirchen,1552,16.628516,39737375.2890625,30654.5712618159
533,29646,29646 Bispingen,6321,128.730147,356945843.650879,96451.5249622503
534,29640,"29640 Schneverdingen, Heimbuch",18845,236.761221,656803191.241211,176693.128307191
535,63897,63897 Miltenberg,9105,60.189236,143772628.000977,98475.6344664015
536,63931,63931 Kirchzell,2311,63.710303,151674409.556641,67844.8557333124
537,63916,63916 Amorbach,4002,51.878059,123689762.206543,114171.0491268
538,63936,63936 Schneeberg,1798,16.573215,39482143.4399414,52063.2069940186
539,74744,74744 Ahorn,2221,53.882924,127673772.874023,91863.3529990096
540,74736,74736 Hardheim,6910,87.002504,207018771.06543,112984.23894371
541,74749,74749 Rosenberg,2090,40.883933,96779726.671875,54670.6960505259
542,74731,74731 Walldürn,11320,106.517171,253367870.716797,111500.309138838
543,29614,29614 Soltau,21285,203.819721,562016171.442383,138724.877216524
544,75399,75399 Unterreichenbach,2273,6.365145,14677831.4057617,36776.301751152
545,75242,75242 Neuhausen,5225,29.68218,68428102.9370117,60278.0198689065
546,74638,74638 Waldenburg,2893,31.532915,73748366.9677734,68581.2545717614
547,74632,74632 Neuenstein,6236,48.99138,114808376.517578,79475.4274801366
548,74635,74635 Kupferzell,5764,54.153688,126904639.173828,94137.0872608543
549,21388,21388 Soderstorf,1489,35.646009,98971129.5795898,50236.8182775511
550,74626,74626 Bretzfeld,12032,64.627558,151075037.048828,114145.11397034
551,74535,74535 Mainhardt,5750,57.966265,135122959.408691,81318.2592641885
552,74545,74545 Michelfeld,3683,35.178502,82094440.3496094,61170.6144460626
553,74544,74544 Michelbach an der Bilz,3380,17.144378,39933273.0302734,38322.2057182533
554,74538,74538 Rosengarten,5091,30.724751,71543687.5112305,61983.9898552481
555,75378,75378 Bad Liebenzell,8693,33.757208,77714424.2084961,57437.1557482163
556,75394,75394 Oberreichenbach,2772,35.946099,82642818.8027344,42571.2731173173
557,74532,74532 Ilshofen,6259,54.854716,128308619.557129,109627.044291369
558,74523,74523 Schwäbisch Hall,36710,108.648892,253506842.984375,159815.469127478
559,75328,75328 Schömberg,7832,37.172496,85649592.918457,55166.7757737133
560,74586,74586 Frankenhardt,4764,69.782351,162589426.820801,90939.7685722321
561,74541,74541 Vellberg,4129,31.83889,74272892.8354492,64209.146050106
562,21261,21261 Welle,1192,19.957254,55639518.519043,58313.5867251565
563,74599,74599 Wallhausen,3566,25.442925,59631244.3911133,48932.5760222123
564,74592,74592 Kirchberg an der Jagst,4104,40.927253,95841105.9995117,62364.37803491
565,74589,74589 Satteldorf,5216,46.159752,108006142.068848,74315.0932666963
566,74594,74594 Kreßberg,3757,48.394499,113015413.229004,78563.2078790733
567,74564,74564 Crailsheim,32295,109.011958,254536598.009766,112392.286137933
568,53507,53507 Dernau,1747,5.710863,14118161.8916016,22340.9478297389
569,74597,74597 Stimpfach,2924,33.384999,77755879.5761719,55543.281895524
570,74579,74579 Fichtenau,4513,31.232687,72751280.4052734,56915.4437934724
571,73489,73489 Jagstzell,2352,37.937415,88218492.3666992,62484.8702224457
572,53489,53489 Sinzig,17080,40.982403,101323989.467285,54584.1107194768
573,53474,53474 Bad Neuenahr-Ahrweiler,26862,63.482968,156959166.101563,73857.0753223115
574,53424,53424 Remagen,15838,33.103029,82070935.5786133,58774.9505444248
575,53501,53501 Grafschaft,10809,57.649733,142794748.588379,68223.5876963473
576,53343,53343 Wachtberg,19475,49.661282,123282361.640625,61399.1633533436
577,53340,53340 Meckenheim,23554,34.828908,86412628.6782227,59988.1225957299
578,53359,53359 Rheinbach,26408,69.70494,172954362.727539,99536.7495698592
579,53913,53913 Swisttal,17619,62.203472,154796895.714355,78614.95111408
580,53347,53347 Alfter,22694,34.734362,86530706.8720703,55436.7964064269
581,53925,53925 Kall,11403,65.954569,162929181.582031,66570.1750697219
582,53947,53947 Nettersheim,7585,94.5855,233432699.793945,92172.4540759477
583,53940,53940 Hellenthal,8272,137.567651,338843923.327637,147373.548689343
584,53949,53949 Dahlem,4216,95.197097,233972603.21582,88134.6360778922
585,53945,53945 Blankenheim,8661,148.576974,365395720.503418,117751.193809212
586,41334,41334 Nettetal,41462,83.882393,214391430.123047,78802.9722341998
587,41379,41379 Brüggen,15516,61.313825,156338684.258789,59036.9924352088
588,41366,41366 Schwalmtal,19084,48.161168,122572738.383789,59304.4198149825
589,41372,41372 Niederkrüchten,14966,66.931079,170230245.47998,73993.4398148738
590,41363,41363 Jüchen,22197,71.882689,182060039.338867,88851.0452714321
591,41352,41352 Korschenbroich,32017,55.264458,140476811.223145,76803.4489701189
592,47877,47877 Willich,50792,67.825536,172975652.59668,67984.6756569978
593,47918,47918 Tönisvorst,29593,44.339586,113340139.837402,48632.9523576568
594,47647,47647 Kerken,12545,58.166576,149528086.244141,57715.4707203553
595,49191,49191 Belm,13426,46.636851,124739299.496582,72066.8264083963
596,49179,49179 Ostercappeln,9495,100.012622,268100403.439453,97225.6863189385
597,49163,49163 Bohmte,12813,110.718229,297304798.016113,116352.035294454
598,49152,49152 Bad Essen,15030,101.453299,271305177.756836,79760.1653282268
599,49143,49143 Bissendorf,14419,96.555301,257501704.827148,102911.658528313
600,32361,32361 Preußisch Oldendorf,12995,69.590118,186003346.314453,75312.7646283681
601,32339,32339 Espelkamp,24894,84.639758,226853826.331543,77890.4967436798
602,32312,32312 Lübbecke,25515,65.016628,173777293.226563,68224.2407793628
603,47509,47509 Rheurdt,6526,29.971195,77062949.6098633,45568.9244061834
604,47506,47506 Neukirchen-Vluyn,27244,43.479435,111761014.89209,66369.1282997368
605,47475,47475 Kamp-Lintfort,37333,63.14506,162824481.183594,75733.3400934325
606,47661,47661 Issum,11940,54.795576,141324471.479492,72272.6187374279
607,47608,47608 Geldern,33002,96.965617,250031032.228516,92760.0410448444
608,47665,47665 Sonsbeck,8712,55.400671,143467070.449219,77145.2158163197
609,47652,47652 Weeze,10077,79.586432,206125067.21875,70926.9059782417
610,21739,21739 Dollern,1819,12.012721,33972816.7539063,26761.5042560264
611,47589,47589 Uedem,8291,60.870931,158046328.057617,66596.4775482792
612,47546,47546 Kalkar,13810,88.180691,229703953.415039,89721.437314704
613,47551,47551 Bedburg-Hau,12625,61.31763,159772999.371094,73472.1398523394
614,47533,47533 Kleve,47475,97.857404,255476017.950684,99831.5228978705
615,47574,47574 Goch,32784,115.444103,299960462.431152,99531.0053687919
616,47559,47559 Kranenburg,10220,76.877021,200559975.733887,83839.8912114409
617,59939,59939 Olsberg,15077,117.943015,301882249.245605,114743.883111378
618,59929,59929 Brilon,25962,228.973393,588077381.27832,139044.41411247
619,59909,59909 Bestwig,11454,69.420344,177767217.215332,87447.1383810633
620,59846,59846 Sundern,28591,193.135121,493887351.653809,150121.451378889
621,59602,59602 Rüthen,10666,158.016529,407543731.423828,122755.224602529
622,59581,59581 Warstein,25991,157.908628,406347176.713867,103616.032618581
623,38829,38829 Harsleben,2217,27.924368,73121565.7856445,42957.3892057202
624,38828,38828 Wegeleben,2808,51.881011,135991682.25,70465.3760982232
625,33175,33175 Bad Lippspringe,14979,50.970858,133101749.283691,77409.0038032553
626,31246,31246 Lahstedt,10154,43.653091,116315266.679688,63839.3379696321
627,21641,21641 Apensen,3560,20.941822,58948082.3618164,45763.2492951196
628,28879,28879 Grasberg,7634,55.59397,154624542.124023,67032.1300686624
629,73467,73467 Kirchheim am Ries,1890,21.042524,48639218.0415039,46250.1803934441
630,73499,73499 Wört,1359,18.117269,42129909.1943359,58230.8269757598
631,73488,73488 Ellenberg,1663,30.168484,70109434.9526367,60325.901928457
632,73495,73495 Stödtlen,1931,31.170294,72392552.5268555,68628.6083133872
633,73497,73497 Tannhausen,1852,17.740983,41164298.0996094,53418.6489014447
634,73485,73485 Unterschneidheim,4517,68.002768,157528368.139648,93427.4318404377
635,73479,73479 Ellwangen (Jagst),23714,127.359876,295385362.452637,122441.587685765
636,28876,28876 Oyten,15270,63.23085,174987029.044922,69442.8193445565
637,28870,28870 Ottersberg,12244,99.663137,276283540.692383,148917.685622942
638,28865,28865 Lilienthal,18093,72.468509,201445844.401367,99768.9415525974
639,73494,73494 Rosenberg,2673,40.996327,95262662.046875,70418.8239690237
640,73486,73486 Adelmannsfelden,1797,22.882715,53067159.6264648,58291.8931680905
641,28832,28832 Achim,29539,67.994086,187717626.668457,88240.5312797489
642,38327,38327 Semmenstedt,662,11.749816,31088332.8198242,27161.5856303105
643,74417,74417 Gschwend,4931,54.350037,125914354.916504,81366.4822644957
644,74405,74405 Gaildorf,12026,62.503191,145203189.163086,84842.6544021316
645,27726,27726 Worpswede,9311,79.600464,222125161.624512,111121.98315632
646,71549,71549 Auenwald,6871,19.703384,45671552.6269531,43241.5673549406
647,26629,26629 Großefehn,13701,127.204658,357273075.787109,126827.170078073
648,27721,27721 Ritterhude,14606,32.937412,91658683.8110352,66968.2438522824
649,38527,38527 Meine,8229,38.995492,104515763.299316,90734.6675143899
650,71364,71364 Winnenden,27002,28.208312,65193991.6699219,50778.5318963473
651,28844,28844 Weyhe,30011,60.283261,166185283.694824,71604.443557331
652,28816,28816 Stuhr,32449,81.758993,225482121.463867,90392.8358615307
653,27801,27801 Dötlingen,6197,101.870639,280522783.047363,91209.6971222628
654,27798,27798 Hude (Oldenburg),15925,124.830757,345993642.624512,95361.9435553749
655,27777,27777 Ganderkesee,30450,138.821141,383743999.735352,117661.604378106
656,27809,27809 Lemwerder,7015,36.405245,101046751.067871,51700.6674485287
657,38329,38329 Wittmar,1221,4.654147,12336093.8271484,19416.2063935916
658,27804,27804 Berne,7063,85.110075,236553029.989746,77780.6663835401
659,27793,27793 Wildeshausen,18914,89.58885,245728710.459473,89512.7322113878
660,26802,26802 Moormerland,22642,121.936077,341292467.516602,108597.463111711
661,38324,38324 Kissenbrück,1784,6.668813,17662215.2431641,23022.6446180021
662,26670,26670 Uplengen,11436,148.648467,415846318.445313,107029.055185125
663,73466,73466 Lauchheim,4700,40.804511,94277702.2709961,70973.4289246952
664,73463,73463 Westhausen,5845,38.442583,88896116.0014648,80425.3324137555
665,73469,73469 Riesbürg,2202,17.960888,41450729.8891602,50607.4179660792
666,73450,73450 Neresheim,7908,120.162938,276664281.090332,128819.487026799
667,73441,73441 Bopfingen,11951,76.870112,177534643.229492,113073.584415222
668,73547,73547 Lorch,10627,34.429896,79335541.7333984,57962.2284141175
669,26931,26931 Elsfleth,9235,114.719702,319685828.309082,94244.9632505513
670,76779,76779 Scheibenhardt,668,2.877101,6679352.30908203,33131.6606382692
671,26789,26789 Leer,34071,69.962557,195108079.231445,77848.3788368421
672,26655,26655 Westerstede,22087,179.798816,501899885.286133,112957.760009369
673,38704,38704 Liebenburg,8590,78.509683,206946194.100098,95687.0454135883
674,26639,26639 Wiesmoor,12713,82.890465,232983014.09082,111884.067152466
675,21526,21526 Hohenhorn,511,6.8697,19364317.9365234,19755.1664075827
676,21409,21409 Embsen,2676,22.897172,63662578.5234375,41613.9806241714
677,63927,63927 Bürgstadt,4320,17.299294,41378323.0986328,32409.5296851153
678,74746,74746 Höpfingen,3091,30.493385,72521859.1699219,43176.7280150077
679,63928,63928 Eichenbühl,2609,28.686694,68483284.3212891,81457.2037302765
680,63937,63937 Weilbach,2307,26.22096,62593115.4921875,74342.1245369427
681,21371,21371 Tosterglope,570,19.006245,52911125.4472656,41246.9246100906
682,37633,37633 Dielmissen,848,7.505089,19756009.5107422,22295.9096504873
683,21369,21369 Nahrendorf,1228,44.399874,123379992.722656,58509.3768456836
684,25999,25999 Kampen (Sylt),522,9.142482,27698052.8178711,25882.6147994266
685,25997,25997 Hörnum (Sylt),904,7.008869,21030231.1318359,26722.8598291155
686,21274,21274 Undeloh,945,45.567606,126885722.192871,61603.4186411162
687,25996,25996 Wenningstedt-Braderup (Sylt),1392,6.406712,19382355.0375977,18688.8462949732
688,21258,21258 Heidenau,2123,38.960118,109010949.92041,60825.1640316084
689,21256,21256 Handeloh,2424,27.016313,75367956.5615234,52814.1616023374
690,74747,74747 Ravenstein,2917,55.973521,132187207.875,63536.4380112413
691,74740,74740 Adelsheim,4931,43.799412,103355675.022461,53875.8235565327
692,74743,74743 Seckach,4200,27.81941,65773213.8452148,50293.3191190662
693,74722,74722 Buchen,17773,138.791392,329176523.267578,115639.648771156
694,74706,74706 Osterburken,6378,47.318043,111910233.45752,62563.5361001785
695,74864,74864 Fahrenbach,2799,16.381638,38733087.7543945,34146.8910934894
696,74838,74838 Limbach,4486,43.578629,103164614.306641,62664.2073870721
697,74850,74850 Schefflenz,4028,36.961309,87267301.2089844,44738.4224700837
698,74842,74842 Billigheim,5746,48.813357,114976083.547852,53431.031231947
699,74834,74834 Elztal,5927,46.54621,109884909.754395,57233.9665763942
700,74865,74865 Neckarzimmern,1541,8.135814,19148249.1567383,26591.1900922775
701,74821,74821 Mosbach,23133,62.165909,146645122.60791,85183.512673141
702,74928,74928 Hüffenhardt,2034,17.602794,41388841.6459961,31961.6128884386
703,74855,74855 Haßmersheim,4860,19.160351,45053620.8154297,44463.5492237088
704,74862,74862 Binau,1365,4.846464,11429352.3613281,17215.3112624021
705,74847,74847 Obrigheim,5173,24.228493,57071241.5371094,39892.4436009731
706,74869,74869 Schwarzach,2948,8.314308,19615572.1757813,24916.8797327499
707,74867,74867 Neunkirchen,1823,15.947897,37644650.1689453,44749.4189151821
708,74858,74858 Aglasterhausen,4836,22.789052,53717173.7773438,52515.5890076444
709,69242,69242 Mühlhausen,8218,15.285163,35862604.8979492,36696.7885545354
710,69231,69231 Rauenberg,7985,11.133872,26139349.2148438,31296.4192084563
711,69254,69254 Malsch,3441,6.782784,15911428.8740234,28537.6407998915
712,71120,71120 Grafenau,6398,13.052745,29978551.3686523,37407.928501802
713,75395,75395 Ostelsheim,2428,9.166175,21060060.6206055,20860.8861221161
714,71263,71263 Weil der Stadt,18327,43.167705,99328588.1240234,64817.3327944956
715,74639,74639 Zweiflingen,1640,32.241184,75663050.1469727,54308.0970193535
716,75397,75397 Simmozheim,2909,9.498716,21847432.137207,26802.7012847579
717,75382,75382 Althengstett,7781,19.128438,43962377.9946289,42480.7556452218
718,75365,75365 Calw,22073,59.760081,137233760.395996,82284.7792663082
719,74676,74676 Niedernhall,3883,17.672508,41513359.9863281,40373.0333425147
720,74670,74670 Forchtenberg,4858,36.188136,85028566.0698242,85597.7969916971
721,74679,74679 Weißbach,2084,12.755933,30005786.0234375,29780.5412932195
722,74214,74214 Schöntal,5629,81.615466,192266397.760742,90606.8936449814
723,75385,75385 Bad Teinach-Zavelstein,2987,25.726232,59048423.3334961,51899.7783977019
724,75389,75389 Neuweiler,3123,50.941009,116803181.165527,62143.1018309097
725,74677,74677 Dörzbach,2419,32.304415,76176541.1137695,61697.0910811851
726,74238,74238 Krautheim,4618,52.839078,124671031.168945,76668.0119952637
727,71297,71297 Mönsheim,2644,16.783452,38769689.3701172,28617.6204800995
728,71296,71296 Heimsheim,4935,15.314053,35312987.6020508,28569.1554747405
729,71292,71292 Friolzheim,3674,8.523939,19672007.9858398,28432.0997079097
730,74575,74575 Schrozberg,5819,105.265339,247975712.686035,129127.111449277
731,74572,74572 Blaufelden,5161,90.011556,211638651.744141,141755.021969735
732,74673,74673 Mulfingen,3739,79.854813,188087624.348633,98210.2517258949
733,74595,74595 Langenburg,1745,31.370715,73624485.2963867,56576.4777408148
734,74547,74547 Untermünkheim,2981,27.157351,63509056.9057617,51806.5524184797
735,74549,74549 Wolpertshausen,2044,27.367796,63991549.4677734,43706.3622400604
736,74542,74542 Braunsbach,2377,49.91346,116919158.773926,66967.1229236908
737,74613,74613 Ö–hringen,22513,67.767412,158756001.756348,115568.69508557
738,74420,74420 Oberrot,3656,37.91735,88155370.7910156,55815.7507374428
739,74629,74629 Pfedelbach,8969,41.234225,96376167.6674805,84921.6587659631
740,75335,75335 Dobel,2143,18.345134,42261232.9443359,34913.9912658401
741,75323,75323 Bad Wildbad,9668,105.12323,241544236.372559,82444.6198130708
742,21643,21643 Beckdorf,2634,22.052952,61996321.159668,45543.3658442771
743,27339,27339 Riede,2724,27.040487,74467957.2026367,43949.3521370052
744,27337,27337 Blender,2925,38.366395,105474108.927246,56657.9316597596
745,27330,27330 Asendorf,3106,58.226456,158829847.466309,89585.823263139
746,27313,27313 Dörverden,9130,83.437879,228475805.511719,122573.856712393
747,27308,27308 Kirchlinteln,10213,174.477754,479668608.029785,145688.581060317
748,27299,27299 Langwedel,14573,76.331563,210531713.443848,90548.0730422185
749,27283,27283 Verden,26656,71.732989,197281329.816406,96315.8401829773
750,27246,27246 Borstel,1314,31.235589,84841065.3530273,53128.6280369099
751,74426,74426 Bühlerzell,2109,49.299439,114491703.435059,77146.774380622
752,74424,74424 Bühlertann,3037,23.555414,54785746.0717773,56487.156620785
753,74423,74423 Obersontheim,4701,54.817032,127573027.135254,82004.4378855883
754,26203,26203 Wardenburg,15764,119.226814,329622385.319824,82984.887017837
755,26197,26197 Großenkneten,13676,175.891403,483866221.724609,108132.452543087
756,26188,26188 Edewecht,21207,113.832495,315645974.817383,104640.983267615
757,26180,26180 Rastede,21247,123.16867,343826230.989258,143443.149169024
758,26169,26169 Friesoythe,21066,247.243508,682076871.209473,140963.278418491
759,26160,26160 Bad Zwischenahn,27512,129.698407,360721621.041504,113304.239632935
760,74429,74429 Sulzbach-Laufen,2552,43.937916,101888318.426758,68585.1662652408
761,26486,26486 Wangerooge,1310,12.727063,36400880.4121094,58734.5654672802
762,26474,26474 Spiekeroog,796,17.48821,49995831.9355469,44066.8173322393
763,26465,26465 Langeoog,1771,19.97149,57026391.2524414,53744.9249627138
764,26446,26446 Friedeburg,10346,163.274303,459905510.061035,142709.01133178
765,71577,71577 Großerlach,2401,27.156025,63197112.0639648,67099.4042584488
766,71570,71570 Oppenweiler,4068,19.716735,45790441.0688477,46423.3638757298
767,71560,71560 Sulzbach an der Murr,5188,40.346826,93769376.3735352,59111.2954285902
768,71579,71579 Spiegelberg,2087,28.200042,65626794.359375,50176.8522808202
769,71546,71546 Aspach,8013,35.119929,81552051.0839844,53066.8587620851
770,71409,71409 Schwaikheim,9290,9.176973,21212334.5429688,22406.3910806205
771,71739,71739 Oberriexingen,3219,8.174969,18942834.1689453,22204.6740637515
772,71735,71735 Eberdingen,6537,26.203439,60590274.8706055,50172.9320393183
773,71665,71665 Vaihingen an der Enz,27890,73.306063,169937161.85791,100236.286620087
774,71282,71282 Hemmingen,7293,12.321814,28473234.0668945,27461.2812971106
775,71254,71254 Ditzingen,23987,30.361162,70079042.3764648,53660.4349298161
776,71287,71287 Weissach,7372,22.203549,51257468.3730469,33206.7362917289
777,71277,71277 Rutesheim,9766,15.199871,35045570.2998047,32244.1496890596
778,71272,71272 Renningen,16749,31.101002,71598073.2338867,56261.1227730674
779,71229,71229 Leonberg,44608,48.763293,112339996.015625,60483.1045095035
780,71106,71106 Magstadt,8921,19.03904,43783082.4208984,38633.9151269835
781,71701,71701 Schwieberdingen,11001,14.629906,33819879.9101563,34188.8855503548
782,71696,71696 Möglingen,10550,9.940716,22981834.090332,26501.9952387093
783,71732,71732 Tamm,12037,8.516571,19724725.5292969,27721.9615575564
784,71679,71679 Asperg,12786,5.80456,13433913.7646484,21402.2817711436
785,71726,71726 Benningen am Neckar,5869,4.861954,11268146.2836914,15652.3649108877
786,71691,71691 Freiberg am Neckar,15552,13.18198,30541217.671875,33673.3304555999
787,71576,71576 Burgstetten,3419,10.261639,23768194.9394531,29699.9319808515
788,71563,71563 Affalterbach,4483,10.13761,23474123.1567383,31460.4570232154
789,71397,71397 Leutenbach,10705,14.554774,33675913.5302734,39509.6819862873
790,71573,71573 Allmersbach im Tal,4595,8.020951,18561998.5839844,24212.967701152
791,71522,71522 Backnang,34263,39.575105,91733124.5742188,78926.8275505547
792,73635,73635 Rudersberg,11151,41.202144,95253996.4819336,70670.4597876125
793,71566,71566 Althütte,4131,18.155822,42056027.855957,50638.6245043119
794,71554,71554 Weissach im Tal,7009,14.119076,32696123.7802734,38578.3181895935
795,72175,72175 Dornhan,6141,44.919089,101732276.030273,73368.4616771034
796,72293,72293 Glatten,2412,15.489137,35188103.5151367,50315.0645686524
797,72290,72290 Loßburg,7486,79.219248,179707967.300293,102924.143878585
798,72275,72275 Alpirsbach,6467,64.448871,145970524.218262,114815.887357417
799,38321,38321 Denkte,3039,18.07795,47935533.840332,42199.9876086404
800,73577,73577 Ruppertshofen,1848,14.907107,34476257.7397461,39497.4257037392
801,73447,73447 Oberkochen,7735,23.52641,54170519.5732422,43667.2414932434
802,73574,73574 Iggingen,2536,11.409785,26329791.1186523,38345.4560565615
803,73563,73563 Mögglingen,4183,11.571521,26693927.8652344,43557.301123148
804,73560,73560 Böbingen an der Rems,4575,12.221671,28183049.8681641,41162.3369083114
805,73579,73579 Schechingen,2363,11.83412,27350610.2446289,32038.9243856958
806,73575,73575 Leinzell,2062,2.125622,4908115.74707031,13925.8378676544
807,73572,73572 Heuchlingen,1862,9.035561,20861796.0117188,30597.1750005508
808,73571,73571 Göggingen,2448,11.346453,26208408.7275391,33476.2665264848
809,73557,73557 Mutlangen,6484,8.802364,20311534.7006836,34306.3764719495
810,73492,73492 Rainau,3356,25.410195,58832758.1572266,45989.966071255
811,73630,73630 Remshalden,13385,15.121387,34871366.1689453,38229.9802116824
812,73669,73669 Lichtenwald,2423,10.807679,24854192.1831055,26273.7590563364
813,73650,73650 Winterbach,7650,17.110216,39419058.9580078,41732.5820100259
814,73666,73666 Baltmannsweiler,5603,18.498838,42548383.0493164,31754.8341120486
815,72296,72296 Schopfloch,2632,17.032217,38690500.4604492,45901.7697790618
816,71394,71394 Kernen im Remstal,14753,15.033691,34635371.5571289,30724.6769535153
817,71384,71384 Weinstadt,26010,31.701736,73054591.4638672,59310.9606841793
818,75392,75392 Deckenpfronn,3209,11.426343,26177360.8676758,22865.8033785884
819,71139,71139 Ehningen,7820,17.784662,40754990.5732422,30759.6731371977
820,72250,72250 Freudenstadt,22197,87.454328,199014421.692383,117060.465135422
821,72270,72270 Baiersbronn,14608,189.55121,432392929.458008,107431.017029916
822,72280,72280 Dornstetten,7916,24.179008,55023176.4868164,52055.4872332544
823,72178,72178 Waldachtal,5769,29.861351,67977008.7651367,47937.9163992321
824,72285,72285 Pfalzgrafenweiler,7083,44.667112,101841468.312012,63016.3655202541
825,72229,72229 Rohrdorf,1899,3.913362,8936657.484375,14547.7478803183
826,72221,72221 Haiterbach,5632,28.886009,65865887.5595703,40468.5311699175
827,72227,72227 Egenhausen,1956,9.81346,22406926.0039063,27509.0921194531
828,72299,72299 Wörnersberg,236,3.425748,7820786.24853516,15392.8703670366
829,72294,72294 Grömbach,655,12.213381,27888450.7338867,26547.6291212869
830,72297,72297 Seewald,2225,58.398014,133449093.858398,76525.7104426923
831,72213,72213 Altensteig,10273,53.350861,121966579.63623,106221.061008473
832,72226,72226 Simmersfeld,2086,44.112496,100958571.524414,56585.4375190032
833,76596,76596 Forbach,5017,131.627803,301536448.958984,92553.276093291
834,76599,76599 Weisenbach,2541,9.074347,20845119.0317383,31516.4989532491
835,76593,76593 Gernsbach,13755,82.028083,188543052.020508,96028.2962265757
836,75236,75236 Kämpfelbach,6352,13.577034,31456723.6523438,26012.7124326014
837,75203,75203 Königsbach-Stein,9742,33.698627,78195925.9052734,49112.0954190173
838,76474,76474 Au am Rhein,3308,13.355311,30967935.128418,31636.5285296031
839,76448,76448 Durmersheim,11898,25.922361,60052856.3544922,39779.5971905486
840,76477,76477 Elchesheim-Illingen,3233,10.144017,23499192.3569336,27954.5139452359
841,76467,76467 Bietigheim,6081,13.852758,32055454.456543,29380.8812448337
842,76479,76479 Steinmauern,2922,12.366374,28621451.9052734,29183.2223408649
843,76476,76476 Bischweier,3000,4.5263,10447078.3154297,17831.1973704366
844,76456,76456 Kuppenheim,7719,18.078029,41691809.1845703,42704.8927062255
845,76549,76549 Hügelsheim,4905,14.606955,33653805.0439453,28259.3864670353
846,77773,77773 Schenkenzell,1844,42.088722,95224255.1469727,58404.9945553519
847,77776,77776 Bad Rippoldsau-Schapbach,2263,73.100217,165918921.163574,70475.2991238532
848,77889,77889 Seebach,1414,20.768782,47452984.2304688,31947.6134747643
849,77883,77883 Ottenhöfen im Schwarzwald,3230,25.255201,57644314.8813477,35834.9971761019
850,77794,77794 Lautenbach,1885,21.53449,49079981.7724609,36624.4753007942
851,77694,77694 Kehl,33553,75.48745,172378521.972168,118049.867518794
852,77731,77731 Willstätt,9131,54.094983,123430931.51416,71859.1790403333
853,77767,77767 Appenweier,9742,38.290742,87378968.1660156,63229.3380271836
854,77799,77799 Ortenberg,3294,5.649261,12839176.1782227,16213.1858815743
855,77797,77797 Ohlsbach,3190,11.124207,25275173.4916992,25766.9125048532
856,77770,77770 Durbach,3767,26.289958,59833429.5219727,46106.195260397
857,77728,77728 Oppenau,4734,72.882397,165866998.969238,75684.0750737833
858,77787,77787 Nordrach,1935,37.734888,85647093.0087891,45228.5689306876
859,77740,77740 Bad Peterstal-Griesbach,2663,41.10423,93391326.840332,53173.1805865106
860,77784,77784 Oberharmersbach,2495,40.910143,92740180.9121094,44555.5324011757
861,73116,73116 Wäschenbeuren,3927,12.710306,29246065.8120117,27771.1765099024
862,73102,73102 Birenbach,1905,2.572696,5917521.27734375,16004.0938107279
863,73117,73117 Wangen,3132,9.673782,22235477.9746094,26758.6563457655
864,73104,73104 Börtlingen,1741,8.25082,18983787.6445313,23409.7657092858
865,73099,73099 Adelberg,1972,9.467825,21785963.175293,25499.9309834479
866,73098,73098 Rechberghausen,5248,6.395472,14700511.637207,25442.7318451459
867,73110,73110 Hattenhofen,2919,7.630777,17492904.3925781,26781.7907733146
868,73095,73095 Albershausen,4254,6.480295,14868808.2177734,25084.2563115301
869,73066,73066 Uhingen,13765,24.660231,56654805.1679688,66945.5220883096
870,73566,73566 Bartholomä,2109,28.914607,66486576.4101563,50717.9338058654
871,73540,73540 Heubach,9679,25.740352,59284940.6738281,59716.7465493515
872,73457,73457 Essingen,6347,55.553899,127981026.663086,81643.4571963624
873,71157,71157 Hildrizhausen,3528,12.204907,27926376.4897461,33627.8447932552
874,71154,71154 Nufringen,5390,10.027807,22948027.215332,26029.9809849282
875,71134,71134 Aidlingen,8731,26.545525,60885308.2729492,40606.4663808506
876,71116,71116 Gärtringen,11525,20.12212,46082015.9355469,48532.3032225045
877,72224,72224 Ebhausen,4714,24.525293,56087660.8144531,45560.3661129988
878,72218,72218 Wildberg,9782,56.675482,129766206.646973,79645.360034771
879,72189,72189 Vöhringen,4214,24.680915,55824764.3071289,39662.5486449751
880,72172,72172 Sulz am Neckar,11853,87.63078,198530106.070313,94510.2348820073
881,71159,71159 Mötzingen,3607,8.128008,18538516.6782227,21856.0360645489
882,71149,71149 Bondorf,5716,17.493826,39877716.765625,33898.8572886766
883,71131,71131 Jettingen,7462,21.111528,48226190.4189453,38767.9348927978
884,72119,72119 Ammerbuch,11114,48.033126,109641986.149414,72640.7727853468
885,71126,71126 Gäufelden,9102,20.082923,45837911.0078125,39991.2037979891
886,71083,71083 Herrenberg,29947,65.622516,150031615.943359,82859.4976343288
887,38315,38315 Schladen-Werla,9121,73.532996,194013767.945801,90199.9768839296
888,38279,38279 Sehlde,936,20.917003,55200870.4282227,44852.0885829673
889,38277,38277 Heere,1203,14.74262,38954032.3525391,33970.2459134182
890,38275,38275 Haverlah,1629,16.703658,44145067.0424805,38044.5295108027
891,38274,38274 Elbe,1628,16.910078,44744781.605957,35332.1874732992
892,25858,25858 Högel,476,16.302575,48631440.3535156,33081.4893920888
893,38271,38271 Baddeckenstedt,3071,20.550289,54387880.1699219,48649.2003947285
894,78658,78658 Zimmern ob Rottweil,5810,33.736981,75838187.0966797,56735.8523079619
895,78655,78655 Dunningen,5951,48.296098,108800183.423828,57266.6904668772
896,25797,25797 Wöhrden,1329,21.781458,63451496.4228516,55366.5168726765
897,25799,25799 Wrohm,692,12.371547,36135784.0205078,29022.041570484
898,25826,25826 Sankt Peter-Ording,3932,44.778006,131364281.023438,82602.9664272152
899,72336,72336 Balingen,33366,90.282712,203751299.023438,76357.2626578965
900,72415,72415 Grosselfingen,2142,16.131533,36511498.9702148,30002.4748404491
901,72406,72406 Bisingen,9126,32.712714,73952706.203125,44566.2430005525
902,72516,72516 Scheer,2514,18.738544,41991154.8291016,50210.0254762674
903,72511,72511 Bingen,2773,36.937208,82889162.4414063,56047.0971200636
904,72510,72510 Stetten am kalten Markt,4930,56.400787,126613978.896973,58002.8633636503
905,38272,38272 Burgdorf,2413,24.168723,64108847.4780273,46201.1151817774
906,78355,78355 Hohenfels,1998,30.500765,67837818.8129883,48863.9202213357
907,37639,37639 Bevern,4019,33.727831,88437970.7827148,75162.4273701935
908,72108,72108 Rottenburg am Neckar,40898,142.196258,323525046.16748,191030.382092537
909,25992,25992 List,1554,21.217847,64470708.8916016,54394.3790135763
910,25980,25980 Sylt,13840,63.973886,192981631.228027,111171.05333252
911,25879,25879 Stapel,1845,32.861346,96614244.6005859,64235.9738466972
912,78250,78250 Tengen,4577,61.996412,137508978.416016,77265.6653933401
913,78183,78183 Hüfingen,7436,57.111259,127052691.109863,87685.1074351499
914,78176,78176 Blumberg,9981,98.657966,218999508.796875,95836.0228039977
915,78194,78194 Immendingen,5581,73.995897,164892697.589844,87649.6252115467
916,25866,25866 Mildstedt,3816,8.835476,26125547.9799805,29631.7136334848
917,25864,25864 Löwenstedt,655,19.719134,58771044.203125,36370.3183659089
918,78073,78073 Bad Dürrheim,12315,62.031937,138540750.805176,81401.7446881083
919,78086,78086 Brigachtal,5025,22.784687,50906057.96875,41968.1530094503
920,26919,26919 Brake,15103,38.157325,106877115.724121,52915.7287949147
921,26349,26349 Jade,5985,96.62652,270940776.305176,104154.330438114
922,78098,78098 Triberg im Schwarzwald,4787,33.51201,75255416.3125,54910.0087676059
923,78141,78141 Schönwald im Schwarzwald,2306,27.811161,62373027.2915039,45103.061541885
924,78120,78120 Furtwangen im Schwarzwald,9247,82.492174,184591792.937012,82472.0036845782
925,26345,26345 Bockhorn,8525,77.779774,218311472.354492,98049.5359480998
926,78148,78148 Gütenbach,1183,18.438872,41260667.4960938,40666.2010852144
927,72667,72667 Schlaitdorf,1800,7.301728,16700333.8369141,28433.9210216441
928,26340,26340 Zetel,11767,81.981013,230372665.254395,91579.472895347
929,73087,73087 Bad Boll,5028,10.945565,25062515.8056641,27226.2985448962
930,26316,26316 Varel,23917,114.475393,321455326.891602,85551.9667703682
931,26219,26219 Bösel,7488,99.652933,275155437.375,74526.9668665466
932,26215,26215 Wiefelstede,15387,106.583717,297431735.166016,133988.481794467
933,56599,56599 Leutesdorf,1853,10.539292,25992172.3383789,27584.0434984852
934,26209,26209 Hatten,13778,102.948228,284491773.901855,81998.0783699804
935,78266,78266 Büsingen am Hochrhein,1334,7.617366,16820322.3105469,25259.4872064943
936,78262,78262 Gailingen am Hochrhein,2781,13.153951,29041351.7324219,27524.116121189
937,77963,77963 Schwanau,6759,38.30675,86767766.0878906,49696.1680289622
938,77974,77974 Meißenheim,3752,21.347177,48427499.8881836,39557.8397975502
939,77743,77743 Neuried,9396,57.840326,131457802.591797,58172.4505778921
940,77746,77746 Schutterwald,7131,21.02979,47818846.1401367,33749.2819537667
941,77948,77948 Friesenheim,12574,46.547997,105495354.605957,67931.2545592687
942,77749,77749 Hohberg,7848,28.490646,64664871.5776367,60434.0542100399
943,56594,56594 Willroth,849,1.95242,4836696.06738281,10117.2502676161
944,77791,77791 Berghaupten,2371,9.663301,21921809.2265625,24077.7291924621
945,77723,77723 Gengenbach,10574,61.870667,140377904.647461,61677.6903748471
946,77736,77736 Zell am Harmersbach,7993,36.385465,82354900.0498047,47706.8143764756
947,77960,77960 Seelbach,4957,29.61002,66916359.4692383,51720.5859951006
948,77781,77781 Biberach,3500,22.63613,51210991.8085938,39348.9897368676
949,77790,77790 Steinach,3993,33.310878,75224900.4868164,42749.8501090165
950,77978,77978 Schuttertal,3242,50.225971,113251780.513672,63210.0368063391
951,77756,77756 Hausach,5848,36.115607,81589613.1904297,52937.9481839671
952,77796,77796 Mühlenbach,1661,31.19572,70319945.2451172,43008.3280227852
953,77793,77793 Gutach (Schwarzwaldbahn),2238,31.683422,71432658.3554688,39716.5872748098
954,78737,78737 Fluorn-Winzeln,3124,24.553094,55467566.2978516,38866.4656413614
955,78733,78733 Aichhalden,4055,25.770289,58186714.5024414,49131.6909610387
956,77761,77761 Schiltach,3925,34.174571,77143160.4560547,48805.7262795091
957,78730,78730 Lauterbach,2967,19.942243,44950823.2763672,31059.7649471105
958,78132,78132 Hornberg,4273,54.381157,122415938.282227,61938.784796963
959,78136,78136 Schonach im Schwarzwald,4065,36.372805,81707505.8935547,52014.1047654379
960,71155,71155 Altdorf,4543,18.12501,41456759.2402344,41091.7585344049
961,71088,71088 Holzgerlingen,12160,12.65659,28985539.4931641,34411.182389523
962,72135,72135 Dettenhausen,5396,11.011783,25176705.0205078,29003.6669705289
963,71101,71101 Schönaich,9604,14.176194,32488049.2407227,32719.9710666944
964,71093,71093 Weil im Schönbuch,9698,25.81976,59078410.1572266,38748.7075954168
965,71144,71144 Steinenbronn,6044,9.711117,22259493.7592773,31325.7437821755
966,71111,71111 Waldenbuch,8408,22.960434,52561522.0351563,44062.4600579157
967,78087,78087 Mönchweiler,3024,9.587416,21504490.7514648,21848.1364901928
968,78662,78662 Bösingen,3422,22.467624,50640884.1948242,42840.8283649485
969,78739,78739 Hardt,2520,10.575047,23785533.6938477,29639.2271880013
970,78669,78669 Wellendingen,3043,17.476777,39270179.9760742,30584.6744816033
971,78586,78586 Deilingen,1743,10.876428,24454489.7651367,28373.4545999627
972,72202,72202 Nagold,21116,63.089265,143915804.036133,72536.6223560393
973,72184,72184 Eutingen im Gäu,5506,32.759539,74532410.7182617,60966.3791443236
974,72186,72186 Empfingen,3884,18.296222,41503507.3901367,37573.3128635085
975,72160,72160 Horb am Neckar,24829,119.613781,271820437.280762,103941.78170651
976,72414,72414 Rangendingen,5145,21.582302,48937595.7700195,46524.1863449488
977,72181,72181 Starzach,4326,27.806367,63158349.9360352,42518.3363519899
978,78736,78736 Epfendorf,3322,29.671093,66941346.7368164,59355.947456968
979,78727,78727 Oberndorf am Neckar,13809,55.881509,126254988.918945,69313.1847530884
980,78664,78664 Eschbronn,2087,10.954421,24649686.4135742,29066.1799170753
981,78126,78126 Königsfeld im Schwarzwald,5895,40.214694,90349728.2573242,64665.2971383905
982,78078,78078 Niedereschach,5825,33.058667,74228175.2758789,44074.1744018827
983,78083,78083 Dauchingen,3581,10.035432,22496297.8662109,32231.7924585879
984,78652,78652 Deißlingen,5983,32.142583,72100452.9921875,49329.3209193869
985,78667,78667 Villingendorf,3249,9.305568,20948194.109375,25802.1099488166
986,78661,78661 Dietingen,3921,42.224169,95149919.6533203,58305.8820969874
987,78628,78628 Rottweil,24400,71.670616,161136576.132813,110458.59606382
988,56428,56428 Dernbach (Westerwald),2456,8.748117,21561770.8398438,33022.5010827768
989,72369,72369 Zimmern unter der Burg,474,5.04327,11361717.3417969,16511.6599946324
990,56427,56427 Siershahn,2747,4.49701,11100217.0244141,13342.4232080549
991,72356,72356 Dautmergen,406,4.529076,10211679.2763672,17157.2902841356
992,72355,72355 Schömberg,4644,23.21419,52253187.7646484,49927.7710892616
993,72359,72359 Dotternhausen,1817,10.003096,22537934.6103516,24353.2721716622
994,56322,56322 Spay,1904,2.682753,6559344.57324219,13428.132300583
995,72358,72358 Dormettingen,1046,6.539948,14746448.2124023,19433.3050322894
996,73252,73252 Lenningen,7959,35.086605,80052933.3457031,76801.7368877106
997,72587,72587 Römerstein,3958,46.020445,104810669.203125,65090.7248925822
998,72582,72582 Grabenstetten,1550,14.492504,33039582.934082,41466.9869776641
999,72367,72367 Weilen unter den Rinnen,607,3.066168,6898925.85107422,14517.8376188568
1000,72581,72581 Dettingen an der Erms,9135,15.772523,35959593.7958984,34015.9871520727
1001,72574,72574 Bad Urach,11758,55.379607,126040861.890137,96105.4067202844
1002,72820,72820 Sonnenbühl,7021,61.21465,138778422.374512,69472.6800797051
1003,72539,72539 Pfronstetten,1533,54.072867,122042101.90918,64130.6288975179
1004,72818,72818 Trochtelfingen,6355,79.137773,178874737.261719,90832.4959202982
1005,72534,72534 Hayingen,2124,63.297018,143008200.68457,91563.6801505752
1006,72531,72531 Hohenstein,3719,61.64259,139517322.056152,81367.0843152904
1007,72365,72365 Ratshausen,763,5.761256,12964365.6777344,17010.3214392966
1008,72805,72805 Lichtenstein,8890,34.192972,77641205.7260742,48088.5433460026
1009,72800,72800 Eningen,10549,21.234764,48332641.0527344,38947.8241614003
1010,26759,26759 Hinte,7006,48.551604,136506050.300781,77542.5952780572
1011,26736,26736 Krummhörn,12692,157.751665,444069501.279785,139501.321356945
1012,72364,72364 Obernheim,1452,14.981665,33676551.6435547,33788.3968849523
1013,72361,72361 Hausen am Tann,468,8.484168,19100971.1772461,21968.8019683106
1014,78601,78601 Mahlstetten,741,12.199919,27324554.0942383,29491.0431698284
1015,78583,78583 Böttingen,1474,16.345295,36650132.2333984,35498.82410228
1016,72514,72514 Inzigkofen,2805,28.730166,64309064.0800781,38994.9439211068
1017,72517,72517 Sigmaringendorf,3626,12.023358,26931093.1196289,24993.2987856728
1018,72505,72505 Krauchenwies,5017,45.063851,100682109.838867,61213.7109682321
1019,72351,72351 Geislingen,5973,31.827571,71916054.8237305,47408.8778480531
1020,72348,72348 Rosenfeld,6406,51.156576,115532953.499512,74474.2181195355
1021,72401,72401 Haigerloch,10592,76.342803,172952500.925293,72931.278632865
1022,72477,72477 Schwenningen,1620,19.327849,43358323.515625,31088.6327656631
1023,72469,72469 Meßstetten,10089,76.757421,172583819.746094,67946.1957108997
1024,72362,72362 Nusplingen,1840,20.728833,46526491.3730469,36954.0772215217
1025,72519,72519 Veringenstadt,2255,31.23426,70248590.2807617,42780.6973981761
1026,72488,72488 Sigmaringen,15189,92.750104,207921340.554199,113582.878177833
1027,72479,72479 Straßberg,2574,24.872759,55942919.8330078,37234.3340402562
1028,72474,72474 Winterlingen,6481,50.588995,113829204.369141,59638.4870647793
1029,78600,78600 Kolbingen,1255,16.426417,36776981.2583008,45157.2671947283
1030,78597,78597 Irndorf,738,14.584441,32672581.9013672,27903.5955327286
1031,78580,78580 Bärenthal,457,12.697957,28458520.4155273,29914.0300040878
1032,78603,78603 Renquishausen,733,7.717966,17296113.4575195,21679.0622519387
1033,78598,78598 Königsheim,568,4.359042,9773764.30957031,17808.6016488133
1034,78592,78592 Egesheim,641,7.651561,17167408.1591797,27018.8880041503
1035,78585,78585 Bubsheim,1159,8.284214,18589983.6376953,23426.2864081832
1036,26489,26489 Ochtersum,928,10.625544,30146105.2807617,28044.9232507822
1037,78559,78559 Gosheim,3869,9.317399,20921845.9936523,26376.5333033147
1038,26579,26579 Baltrum,563,7.905775,22553129.5283203,25300.8963384631
1039,26553,26553 Dornum,4551,76.509967,217524748.007813,97448.523286356
1040,78665,78665 Frittlingen,2071,8.776047,19699438.8476563,20825.719590287
1041,78588,78588 Denkingen,2522,15.004886,33658911.3754883,28286.073835755
1042,78647,78647 Trossingen,15053,24.188491,54184642.2226563,33770.9376722136
1043,78554,78554 Aldingen,7374,22.172539,49706160.3037109,37223.4691218052
1044,78594,78594 Gunningen,698,5.440783,12175987.6796875,18523.3204077129
1045,78549,78549 Spaichingen,12275,18.450568,41327907.5634766,44753.4503071847
1046,78582,78582 Balgheim,1146,7.613842,17055294.4145508,24012.0510526015
1047,33333,33333 Bertelsmann,3,0.413182,1083577.31787109,5977.89217865693
1048,60310,60310 Frankfurt am Main (Taunusturm),0,0.007112,17284.7651367188,520.644777479238
1049,78595,78595 Hausen ob Verena,754,5.87036,13136327.0307617,19669.512307379
1050,78606,78606 Seitingen-Oberflacht,2336,19.643262,43906869.0415039,32177.5201271778
1051,78589,78589 Dürbheim,1640,14.763921,33049895.2817383,29452.1064727203
1052,78604,78604 Rietheim-Weilheim,2650,11.957068,26741611.409668,28466.1081124635
1053,78573,78573 Wurmlingen,3807,15.395797,34396127.5888672,40243.5344418846
1054,78570,78570 Mühlheim an der Donau,3503,21.775465,48703504.0830078,48955.5391305246
1055,78567,78567 Fridingen an der Donau,3108,22.734674,50821364.2026367,50811.5380986308
1056,78532,78532 Tuttlingen,33252,90.365038,201673164.575684,85064.2250561309
1057,78579,78579 Neuhausen ob Eck,3858,46.272565,103220332.59082,53164.593490844
1058,78576,78576 Emmingen-Liptingen,4507,54.44192,121277712.516113,56025.4811555914
1059,78357,78357 Mühlingen,2285,32.641953,72675655.1977539,51796.5544460964
1060,78253,78253 Eigeltingen,3660,59.22811,131720221.163086,71309.2547742094
1061,78354,78354 Sipplingen,2035,4.27116,9466929.96386719,21053.8305753007
1062,78351,78351 Bodman-Ludwigshafen,4200,27.918615,61910359.3808594,80325.4386295218
1063,78333,78333 Stockach,16077,69.822155,155101309.288574,124440.523304675
1064,78359,78359 Orsingen-Nenzingen,3195,22.23329,49357878.3125,45881.6493636108
1065,78269,78269 Volkertshausen,2888,5.141024,11405762.3920898,17433.709339007
1066,78256,78256 Steißlingen,4563,24.498034,54299994.8686523,41492.4530983404
1067,72513,72513 Hettingen,1833,46.032476,103622496.411133,51656.1635790912
1068,72501,72501 Gammertingen,6318,52.937908,119406931.488281,65930.5717707819
1069,72475,72475 Bitz,3673,8.825732,19897141.9824219,21334.4952665355
1070,72419,72419 Neufra,1887,28.368844,63963486.1928711,35558.7525204406
1071,72393,72393 Burladingen,12291,123.219161,278607399.600586,110566.732670898
1072,04861,04861 Torgau,2297,47.233049,121602056.999023,54370.2232847084
1073,79780,79780 Stühlingen,5122,93.179453,206294419.929199,104413.644404101
1074,72417,72417 Jungingen,1416,9.312856,21067565.5092773,21786.5853839888
1075,72379,72379 Hechingen,18587,66.472245,150522127.496094,73033.3892196047
1076,72411,72411 Bodelshausen,5590,13.849907,31418667.1147461,30234.6499979376
1077,72145,72145 Hirrlingen,2978,12.789527,29025977.09375,36310.9178369663
1078,72144,72144 Dußlingen,5573,13.081771,29740871.578125,35538.7095027176
1079,72149,72149 Neustetten,3395,15.850716,36077183.5947266,33830.5360995486
1080,26632,26632 Ihlow,12293,123.379459,346593675.226563,135364.805165934
1081,79848,79848 Bonndorf im Schwarzwald,6774,75.794398,168078775.483887,75228.8890788062
1082,26452,26452 Sande,9232,45.498907,128384832.287598,58741.5827098157
1083,26441,26441 Jever,14086,42.591291,120545849.279297,78193.9262803282
1084,26434,26434 Wangerland,9382,175.745693,499683462.609863,138967.975705158
1085,26419,26419 Schortens,20443,68.565991,193960012.814453,110602.840008622
1086,26409,26409 Wittmund,20698,212.072958,601011728.674805,165118.041581189
1087,72131,72131 Ofterdingen,4462,15.093942,34272971.3378906,39074.5343334475
1088,72116,72116 Mössingen,19392,50.001604,113415950.399902,68663.0355985115
1089,72810,72810 Gomaringen,8590,17.270013,39267090.1650391,38897.4916989619
1090,79865,79865 Grafenhausen,2198,48.513925,107420728.215332,66789.540341109
1091,79739,79739 Schwörstadt,2426,20.071701,44157117.5712891,34430.6836671074
1092,72147,72147 Nehren,4130,8.546948,19414375.7294922,23812.9594078057
1093,79868,79868 Feldberg,1745,25.133556,55843366.9941406,64174.7874107509
1094,79872,79872 Bernau im Schwarzwald,1893,37.99029,84187224.2509766,46444.8508526185
1095,79682,79682 Todtmoos,1902,28.054657,62030095.3388672,47643.1523337643
1096,79777,79777 Ühlingen-Birkendorf,5208,77.101335,170382415.282715,101595.890604212
1097,73779,73779 Deizisau,6437,5.178904,11892781.4057617,17751.5884548683
1098,73776,73776 Altbach,5774,3.336122,7665963.2109375,15927.374038756
1099,73262,73262 Reichenbach an der Fils,7876,7.437929,17084473.3364258,23284.1239301191
1100,79594,79594 Inzlingen,2486,9.471586,20821444.3364258,19639.6847713138
1101,73207,73207 Plochingen,13508,10.689149,24554997.5341797,25390.4647210889
1102,73278,73278 Schlierbach,3772,10.944301,25096489.4262695,26887.5474388171
1103,73061,73061 Ebersbach an der Fils,14886,26.304924,60411705.793457,45342.8079002278
1104,73274,73274 Notzingen,3606,7.695491,17647168.6738281,26573.740957498
1105,73269,73269 Hochdorf,4612,7.735466,17752781.8696289,21623.3399167292
1106,78187,78187 Geisingen,5991,73.620411,163834676.705078,75146.578591771
1107,78479,78479 Reichenau,5101,12.703184,28054249.8237305,71257.8974378372
1108,78476,78476 Allensbach,6914,26.506732,58614506.9384766,66120.6825290862
1109,78315,78315 Radolfzell am Bodensee,29569,58.474589,129439415.554688,88354.0334906052
1110,78343,78343 Gaienhofen,3195,12.48389,27556968.2319336,28878.9472302497
1111,78345,78345 Moos,3177,14.358832,31720703.3422852,39548.2325623002
1112,78337,78337 Ö–hningen,3509,28.15724,62124900.4418945,43110.1797192194
1113,78224,78224 Singen,44642,61.669385,136491759.324707,85954.6085509816
1114,78239,78239 Rielasingen-Worblingen,11471,18.580824,41073270.1655273,34901.8608433079
1115,78244,78244 Gottmadingen,10148,23.558705,52086626.8916016,38940.4760187077
1116,78247,78247 Hilzingen,8186,53.027326,117451897.431641,65234.4400552546
1117,78267,78267 Aach,2179,10.648148,23642291.6826172,25700.1913472142
1118,78259,78259 Mühlhausen-Ehingen,3631,17.809949,39511531.5654297,41930.5978102574
1119,78234,78234 Engen,9973,70.479375,156595792.789551,83943.8291286942
1120,78607,78607 Talheim,1195,13.118185,29316504.4555664,25343.5727528727
1121,78591,78591 Durchhausen,926,8.981329,20091089.6943359,18958.5097117034
1122,78609,78609 Tuningen,2858,15.576039,34829951.3789063,25867.8766089674
1123,73271,73271 Holzmaden,2085,3.103627,7106677.18945313,17425.8872438682
1124,72649,72649 Wolfschlugen,6180,7.125406,16327525.4311523,24391.7735666165
1125,73770,73770 Denkendorf,10329,13.043922,29935172.2768555,34259.064702318
1126,73760,73760 Ostfildern,35951,22.785982,52342788.9306641,40927.9043855438
1127,73765,73765 Neuhausen auf den Fildern,11177,12.42863,28509031.7075195,32966.0567242003
1128,73257,73257 Köngen,9424,12.53892,28768543.5366211,33937.8827150762
1129,73249,73249 Wernau (Neckar),11803,10.871903,24945885.7182617,31236.2335911042
1130,73240,73240 Wendlingen am Neckar,15649,12.105252,27754562.3706055,32098.1715821003
1131,72669,72669 Unterensingen,4534,7.536866,17274700.8217773,25132.3783001212
1132,72644,72644 Oberboihingen,5326,6.347483,14539179.1933594,18637.8999328715
1133,21445,21445 Wulfsen,1616,8.531346,23859730.949707,31630.4816520724
1134,73275,73275 Ohmden,1707,5.552498,12720335.934082,17764.8896727668
1135,73119,73119 Zell unter Aichelberg,3021,6.38333,14622561.5166016,24202.1022999552
1136,73265,73265 Dettingen unter Teck,5705,15.138076,34628467.418457,36973.8727883475
1137,73230,73230 Kirchheim unter Teck,38734,40.401866,92532478.1391602,70246.4731774893
1138,78199,78199 Bräunlingen,5923,62.2063,138569829.126465,92382.171393207
1139,78166,78166 Donaueschingen,21340,105.815778,235987797.08252,131333.8393847
1140,78147,78147 Vöhrenbach,3904,70.380028,157317753.087891,81011.5877301008
1141,78112,78112 St. Georgen,12969,59.894775,134414727.553223,71599.1046292528
1142,78089,78089 Unterkirnach,2363,13.335535,29883344.7734375,86566.9352928778
1143,72666,72666 Neckartailfingen,3734,8.22341,18810990.7646484,26999.1948313943
1144,72631,72631 Aichtal,9547,23.599721,54014363.3535156,59842.450956617
1145,72663,72663 Großbettlingen,4189,4.231553,9670917.39941406,22790.1793769499
1146,72655,72655 Altdorf,1477,3.282013,7502144.52441406,15183.7049295226
1147,72622,72622 Nürtingen,39264,46.764567,107008716.642578,73513.5894878214
1148,72661,72661 Grafenberg,2621,3.495948,7983709.52392578,15895.283140122
1149,72660,72660 Beuren,3348,11.685788,26693497.434082,35493.884091789
1150,72636,72636 Frickenhausen,8580,11.358773,25957244.0947266,35119.685944103
1151,73277,73277 Owen,3426,9.703456,22174862.2460938,31135.6439886805
1152,73266,73266 Bissingen an der Teck,3445,23.404227,53471049.1088867,38611.2267601675
1153,73333,73333 Gingen an der Fils,4380,9.987655,22886853.887207,29247.1043431039
1154,73101,73101 Aichelberg,1252,4.033688,9234285.85742188,19908.5319925522
1155,73084,73084 Salach,7677,8.141737,18686165.3823242,23073.4778278243
1156,21438,21438 Brackel,1752,14.001653,39157969.9179688,42031.6224723557
1157,73108,73108 Gammelshausen,1444,3.279349,7509555.05175781,13981.1173195635
1158,73105,73105 Dürnau,2097,5.365711,12287457.6914063,17511.0593560084
1159,73107,73107 Eschenbach,2141,3.642122,8344478.73046875,17854.8522102538
1160,73092,73092 Heiningen,5103,12.446427,28525374.4404297,44950.6943238645
1161,73337,73337 Bad Überkingen,3824,24.036273,54991608.6630859,57567.3656653553
1162,56422,"56422 Wirges, Stadt",5213,10.128793,24983967.7387695,38152.3340513889
1163,21772,21772 Stinstedt,585,30.310685,86197284.7060547,57126.0185878748
1164,56335,56335 Neuhäusel,1928,1.689593,4153276.97265625,11173.0355347293
1165,37445,37445 Walkenried,4813,68.732161,178152149.838867,93299.483866074
1166,56204,56204 Hillscheid,2481,14.078715,34646121.8188477,31631.5584108205
1167,38709,38709 Wildemann,975,3.449281,9021592.79931641,16476.7112482173
1168,56203,56203 Höhr-Grenzhausen,9231,16.021907,39470404.0522461,47306.5498843581
1169,73329,73329 Kuchen,5545,8.951066,20495519.3955078,26638.2613406859
1170,23747,23747 Dahme,1269,9.997597,29194153.2949219,34582.7154958275
1171,73114,73114 Schlat,1733,9.668645,22151680.7211914,28828.090378798
1172,73079,73079 Süßen,9584,12.838647,29437880.3369141,38059.9846239473
1173,73326,73326 Deggingen,5283,22.70278,51922195.3554688,45545.0638718288
1174,73312,73312 Geislingen an der Steige,26089,75.80805,173397110.947266,116509.809895332
1175,56588,"56588 Waldbreitbach, Hasuen",1949,6.396479,15831576.5214844,24889.6064337766
1176,56410,56410 Montabaur,12514,33.931293,83555280.1010742,66599.6611872633
1177,23746,23746 Kellenhusen,1051,10.459351,30504928.0126953,26541.930519239
1178,56338,56338 Braubach,3050,21.420404,52398122.3168945,41740.3657294763
1179,56191,56191 Weitersburg,2295,6.433898,15836568.9360352,22979.0253085417
1180,56182,56182 Urbar (bei Koblenz),3265,3.673673,9028076.27880859,19538.5423750949
1181,56170,56170 Bendorf,16582,23.808433,58646808.34375,46476.7521010967
1182,51598,51598 Friesenhagen,1640,51.35164,128976243.068359,59382.6027136842
1183,73347,73347 Mühlhausen im Täle,984,6.402518,14624083.1630859,28072.1582171705
1184,73342,73342 Bad Ditzenbach,3545,25.410152,58067430.9121094,61590.8131153685
1185,73344,73344 Gruibingen,2065,22.926239,52423332.8125,44640.6123104978
1186,73272,73272 Neidlingen,1801,12.638251,28868440.1567383,31175.6648534477
1187,73235,73235 Weilheim an der Teck,9572,26.510693,60636432.3779297,43433.0092049683
1188,73349,73349 Wiesensteig,2070,23.364373,53333709.6635742,37075.8916080759
1189,72589,72589 Westerheim,2888,22.890187,52162077.1982422,39446.3992870658
1190,72664,72664 Kohlberg,2283,4.274326,9758283.43896484,15042.9937197933
1191,72639,72639 Neuffen,6086,17.543128,40038084.2700195,45540.2809393079
1192,51597,51597 Morsbach,10614,55.926095,140309055.195801,66506.6253071325
1193,51789,51789 Lindlar,21278,85.835973,216765805.433105,102683.50105129
1194,51766,51766 Engelskirchen,19416,63.001627,158835306.776855,85960.8570938986
1195,51709,51709 Marienheide,13702,54.934951,139044979.856445,73497.291653573
1196,51702,51702 Bergneustadt,18805,37.86585,95650992.5146484,54744.9844289888
1197,51688,51688 Wipperfürth,21725,116.992794,296557425.210449,142056.111893953
1198,51674,51674 Wiehl,25327,53.244025,134082280.120605,84193.5066349717
1199,51588,51588 Nümbrecht,16734,71.736163,180222595.384766,78276.202811958
1200,51580,51580 Reichshof,19080,114.593071,288585699.397949,98897.2432847413
1201,51545,51545 Waldbröl,19025,63.286635,158764892.512207,97145.8738761728
1202,42499,42499 Hückeswagen,15298,50.500434,128206387.985352,75025.7808659895
1203,42477,42477 Radevormwald,22518,53.837813,137059573.934082,91880.0231437684
1204,73268,73268 Erkenbrechtsweiler,2130,6.888903,15720899.1552734,30936.6829180995
1205,72584,72584 Hülben,2805,6.379329,14541328.8818359,32273.9403134656
1206,72657,72657 Altenriet,1904,3.350513,7658514.07910156,20051.585861452
1207,72141,72141 Walddorfhäslach,4778,14.467618,33068169.1689453,44927.8569338567
1208,21447,21447 Handorf,1954,9.83199,27546710.4223633,28229.7207294921
1209,72658,72658 Bempflingen,3388,6.296137,14382266.78125,23853.3720450307
1210,72654,72654 Neckartenzlingen,6206,8.965956,20487776.4648438,27665.8468327366
1211,72585,72585 Riederich,4185,4.633777,10578000.9301758,22297.0595606748
1212,72555,72555 Metzingen,20815,34.543507,78760991.3725586,55926.3158567422
1213,72829,72829 Engstingen,5228,31.524793,71477404.7783203,41866.9103513589
1214,72532,72532 Gomadingen,2258,45.785681,103818634.623047,67465.1069891965
1215,72813,72813 St. Johann,5149,60.72669,138049570.371094,71975.5387354721
1216,26624,26624 Südbrookmerland,18637,96.031255,270673527.467285,97984.1372274066
1217,26548,26548 Norderney,5851,28.131887,80197726.7734375,56977.8608024573
1218,26532,26532 Großheide,8634,69.309759,196331651.019043,96827.8672000189
1219,26506,26506 Norden,25136,106.245524,300978835.456543,108558.09544892
1220,41569,41569 Rommerskirchen,12482,60.050088,151809031.304688,69908.718300026
1221,41564,41564 Kaarst,41932,37.37729,95151495.3774414,57545.753858456
1222,40789,40789 Monheim am Rhein,40288,23.068585,58423046.8925781,44489.0361195952
1223,79367,79367 Weisweil,2082,19.056632,42890039.3657227,28766.3897413357
1224,79359,79359 Riegel Kaiserstuhl,3641,18.304927,41128922.3266602,35283.765748854
1225,79369,79369 Wyhl,3601,16.943205,38085433.0703125,27223.1120681132
1226,79362,79362 Forchheim,1340,10.794923,24269593.6616211,25916.2922610401
1227,79365,79365 Rheinhausen,3522,21.986059,49541468.1879883,35045.1184391798
1228,79336,79336 Herbolzheim,10000,35.479287,79905479.1137695,62484.5849979672
1229,79341,79341 Kenzingen,9315,36.876416,82969343.4672852,96303.1947750399
1230,79364,79364 Malterdingen,3018,11.150773,25060650.8847656,45016.1791518766
1231,79331,79331 Teningen,11292,39.871675,89471542.4614258,73890.1377489034
1232,79353,79353 Bahlingen am Kaiserstuhl,3919,12.669369,28425626.7539063,26656.5772347127
1233,79346,79346 Endingen am Kaiserstuhl,9090,26.669662,59867141.9125977,38486.7004379563
1234,79361,79361 Sasbach am Kaiserstuhl,3283,20.770976,46623949.8779297,33625.7292304973
1235,79235,79235 Vogtsburg im Kaiserstuhl,5721,37.332625,83659793.0097656,51900.5445776912
1236,79356,79356 Eichstetten,3272,12.279348,27525011.2612305,27286.6925890769
1237,79268,79268 Bötzingen,5329,13.002683,29120478.5307617,27539.272080799
1238,79241,79241 Ihringen,5849,23.025807,51528182.8691406,36915.0939382787
1239,79291,79291 Merdingen,2557,14.375511,32131764.4545898,26390.6601540353
1240,79288,79288 Gottenheim,2626,8.740053,19554995.9233398,20077.2926855413
1241,21444,21444 Vierhöfen,998,17.991054,50234254.8632813,34482.0882234201
1242,79224,79224 Umkirch,5211,8.73582,19533587.1464844,21056.3089726841
1243,79232,79232 March,8623,17.770132,39782991.0922852,35852.2491978407
1244,79276,79276 Reute,3005,4.773587,10696718.496582,16337.5304831254
1245,79279,79279 Vörstetten,2900,7.879681,17645153.9624023,29957.5984840134
1246,79312,79312 Emmendingen,26108,34.078944,76471490.3701172,51921.7988924054
1247,79211,79211 Denzlingen,13241,16.63155,37244803.5966797,34160.9450165835
1248,79348,79348 Freiamt,4209,53.178472,119573464.758789,62468.4657360272
1249,79350,79350 Sexau,3254,16.288141,36540164.8217773,38060.6612842942
1250,79261,79261 Gutach im Breisgau,4284,24.761927,55612178.6689453,48269.2913100204
1251,79297,79297 Winden im Elztal,2848,21.940378,49273425.4892578,33844.2638571854
1252,79183,79183 Waldkirch,20800,48.449079,108579329.962402,55273.4485374816
1253,79263,79263 Simonswald,2999,71.873165,161068453.45752,86843.3912165723
1254,79286,79286 Glottertal,3049,30.716956,68713348.1181641,42047.0123198459
1255,79271,79271 Sankt Peter,2625,38.693749,86526682.6826172,52804.3887397661
1256,79252,79252 Stegen,4461,26.008591,58090523.1474609,36300.5432087069
1257,79199,79199 Kirchzarten,9705,21.122542,47106880.5717773,38416.3051314735
1258,79274,79274 St. Märgen,1825,33.264714,74267634.3847656,74590.2675444672
1259,79256,79256 Buchenbach,3121,38.280359,85391226.4379883,66464.4428466798
1260,79871,79871 Eisenbach,2129,28.7988,64258923.6787109,63685.5862795777
1261,79807,79807 Lottstetten,2102,13.376734,29448927.0493164,28749.3343837559
1262,21442,21442 Toppenstedt,2128,29.176203,81483822.9731445,46759.9973254863
1263,79639,79639 Grenzach-Wyhlen,13749,17.244438,37856192.4067383,31915.2324075892
1264,29633,29633 Munster,14839,174.777707,481693724.487305,118180.71656552
1265,29565,29565 Wriedel,2440,123.789377,341837278.53418,104993.113744269
1266,21441,21441 Garstedt,1441,14.936034,41730439.3217773,33984.9140297177
1267,76473,76473 Iffezheim,4737,19.920011,45945012.421875,46565.5096008976
1268,76470,76470 Ö–tigheim,4471,10.94162,25301426.8789063,25810.0147897895
1269,21358,21358 Mechtersen,660,14.414986,40271683.7685547,30187.242837792
1270,76461,76461 Muggensturm,6169,10.889256,25160336.3134766,24549.4867556465
1271,76437,76437 Rastatt,46713,59.656954,137821382.104492,76677.528929672
1272,79249,79249 Merzhausen,4785,2.761134,6158103.35839844,12213.8452596988
1273,21403,21403 Wendisch Evern,1777,14.80272,41218059.4257813,26423.5825817089
1274,79280,79280 Au (Breisgau),1394,3.994357,8904728.09667969,14811.1698854472
1275,21380,21380 Artlenburg,1596,11.722118,32875252.6259766,26422.5266241572
1276,79289,79289 Horben,1006,8.734977,19459208.4052734,24473.7206401668
1277,79238,79238 Ehrenkirchen,7174,37.730515,83966123.6826172,60324.5212293396
1278,79299,79299 Wittnau,1411,5.065622,11286427.0991211,17632.0219827958
1279,87561,87561 Oberstdorf,9480,229.687847,500747220.803223,170165.089750762
1280,72535,72535 Heroldstatt,2716,22.562166,51268339.2290039,49160.3040463948
1281,79294,79294 Sölden,1214,3.791973,8446051.52978516,14176.4191870479
1282,88512,88512 Mengen,9881,49.746862,111309986.709473,84955.4658200028
1283,88631,88631 Beuron,705,35.036567,78489246.1992188,84306.8478098063
1284,88090,88090 Immenstaad am Bodensee,6106,9.217327,20332888.7832031,29919.7447463174
1285,88697,88697 Bermatingen,3827,15.448908,34149743.5859375,38458.7191744059
1286,88094,88094 Oberteuringen,4425,20.131673,44510281.4873047,54747.4499949772
1287,88677,88677 Markdorf,12767,40.89661,90348318.9731445,79148.6297968754
1288,88263,88263 Horgenzell,4890,56.07785,124344138.191895,91888.7094673065
1289,88693,88693 Deggenhausertal,4113,62.105527,137575223.49707,83650.0544131805
1290,79283,79283 Bollschweil,2254,16.427969,36566847.3081055,33666.7153378053
1291,79410,79410 Badenweiler,3785,22.817693,50558173.6435547,59157.7855213035
1292,88636,88636 Illmensee,1992,24.917713,55359543.8300781,53969.0683263839
1293,88630,88630 Pfullendorf,12966,90.468014,201444439.308594,122739.877527868
1294,88639,88639 Wald,2667,43.827156,97639778.6347656,79538.3707188215
1295,88634,88634 Herdwangen-Schönach,3183,36.463344,81035987.956543,75600.062201646
1296,88662,88662 Überlingen,21526,58.630067,129944664.768066,103455.868878299
1297,87761,87761 Lauben,1344,18.417755,41234264.7363281,42898.6967239184
1298,87743,87743 Egg an der Günz,1159,20.719188,46428793.8276367,40649.0895860676
1299,79282,79282 Ballrechten-Dottingen,2302,6.615769,14693195.3496094,19296.0780427236
1300,79295,79295 Sulzburg,2641,22.717753,50401678.03125,37867.0773374676
1301,79219,79219 Staufen im Breisgau,7355,23.296921,51767146.1542969,42447.5473293302
1302,87772,87772 Pfaffenhausen,2414,21.149182,47452007.3652344,47925.5421353464
1303,87739,87739 Breitenbrunn,2352,41.844213,93928852.9350586,64028.9673293897
1304,79695,79695 Wieden,568,12.235002,27161094.7348633,24736.6464785906
1305,87757,87757 Kirchheim in Schwaben,2547,31.949817,71848315.2963867,54605.2133943726
1306,87745,87745 Eppishausen,1787,39.413204,88635170.7290039,77246.3251839172
1307,79694,79694 Utzenfeld,636,7.385603,16376686.175293,20495.4719966632
1308,79244,79244 Münstertal,5056,67.637939,150207462.503418,59856.2315399445
1309,87763,87763 Lautrach,1161,8.042674,17884186.3535156,35133.4904491232
1310,79254,79254 Oberried,2882,66.449908,147869129.598145,57564.8166721333
1311,87463,87463 Dietmannsried,7798,53.656674,119041000.049316,79805.9504777185
1312,87764,87764 Legau,3118,36.343116,80717490.9335938,59745.5696802301
1313,87452,87452 Altusried,9979,91.642538,203025631.543457,108640.898163089
1314,59955,59955 Winterberg,13003,147.930602,376610731.168945,117514.587096107
1315,59964,59964 Medebach,7998,125.874923,320495692.146484,91219.9166113391
1316,59889,59889 Eslohe (Sauerland),9073,113.294778,288954754.155762,130883.339076804
1317,59872,59872 Meschede,30782,218.279296,558882450.768555,165029.444938036
1318,79856,79856 Hinterzarten,2540,33.366695,74218028.4262695,49311.6731747882
1319,79874,79874 Breitnau,1647,40.352103,89915623.9008789,66770.574905046
1320,79822,79822 Titisee-Neustadt,11541,89.59683,199637490.270508,93874.2436322327
1321,79859,79859 Schluchsee,2411,68.330057,151524663.757324,82690.2072487676
1322,79877,79877 Friedenweiler,1954,27.005701,60109444.3720703,44090.5668516306
1323,79853,79853 Lenzkirch,4872,58.746748,130541107.720703,65277.5952186174
1324,79843,79843 Löffingen,7590,87.937644,195542297.139648,79836.6552523407
1325,79879,79879 Wutach,1221,30.485517,67643126.5546875,51126.2398129611
1326,57392,57392 Schmallenberg,25521,302.930138,770443997.259766,181495.710262625
1327,79805,79805 Eggingen,1660,13.937185,30775943.9155273,28153.1254026942
1328,79793,79793 Wutöschingen,6470,26.438383,58281420.8779297,36181.4742847066
1329,79787,79787 Lauchringen,7512,12.752197,28075506.0048828,30226.2037289455
1330,79798,79798 Jestetten,4896,20.597708,45398398.7734375,44413.6253233832
1331,79802,79802 Dettighofen,1105,14.384125,31679963.7148438,38733.4977749594
1332,79771,79771 Klettgau,7421,45.8305,100933226.447754,72369.6125122403
1333,79801,79801 Hohentengen am Hochrhein,3683,27.559788,60586746.9633789,45630.4324758109
1334,79790,79790 Küssaberg,5289,26.14626,57508712.3242188,50246.0320104812
1335,79713,79713 Bad Säckingen,16221,25.391941,55780542.1337891,40843.5056548126
1336,79809,79809 Weilheim,3120,35.639093,78628016.9975586,54520.5525183226
1337,79761,79761 Waldshut-Tiengen,22160,77.923676,171739566.733398,99393.5118268875
1338,79862,79862 Höchenschwand,2454,29.542981,65278517.3935547,38541.0180229379
1339,79875,79875 Dachsberg,1366,35.335167,78051293.887207,51976.5146346199
1340,79804,79804 Dogern,2343,7.423201,16334815.7275391,23073.8281443368
1341,79774,79774 Albbruck,7240,39.67332,87337138.328125,51089.6151321254
1342,79733,79733 Görwihl,4284,50.370579,111039390.045898,64320.5374386818
1343,79730,79730 Murg,6765,20.912305,45967098.3984375,40383.2454501432
1344,79725,79725 Laufenburg (Baden),8500,23.547327,51764271.3374023,45621.0612227846
1345,79737,79737 Herrischried,2684,37.460838,82624188.3886719,66456.2207009287
1346,79736,79736 Rickenbach,3821,34.615241,76181066.9262695,49453.521861797
1347,79664,79664 Wehr,12594,35.654994,78496371.5498047,55109.7325777271
1348,79686,79686 Hasel,1119,11.636676,25655853.8056641,25223.9693583145
1349,79688,79688 Hausen im Wiesental,2349,5.128011,11314439.59375,18547.0274518547
1350,79650,79650 Schopfheim,18598,67.89192,149736376.255371,103028.164191217
1351,79689,79689 Maulburg,4145,9.722421,21417914.809082,25987.3661385664
1352,79618,79618 Rheinfelden (Baden),31733,62.778201,137997852.429199,53278.2907569133
1353,21266,21266 Jesteburg,7559,28.050044,78464148.1772461,54172.7926938003
1354,21224,21224 Rosengarten,12888,63.734589,179035516.943359,94643.7017215481
1355,21439,21439 Marxen,1370,13.430771,37577961.4462891,35809.7923470732
1356,29559,29559 Wrestedt,6799,141.209006,387354074.166992,120283.706541137
1357,28857,28857 Syke,23728,128.001167,351590238.463867,108624.959506025
1358,21732,21732 Krummendeich,497,31.00828,88941614.7719727,39840.7812265879
1359,25541,25541 Brunsbüttel,12843,64.950693,186911808.785156,74856.9279542172
1360,57586,57586 Weitefeld,2359,8.507126,21214427.6494141,20606.1524555936
1361,21730,21730 Balje,1074,59.519516,170690089.783691,75897.9489117405
1362,57578,57578 Elkenroth,1874,8.138189,20296723.7363281,20693.9685601155
1363,57489,57489 Drolshagen,11847,67.082609,169483499.306152,76100.7845681233
1364,21776,21776 Wanna,2301,53.936115,153883872.293945,59252.8673440042
1365,57482,57482 Wenden,19696,72.887288,183612655.639648,70185.0895379528
1366,21770,21770 Mittelstenahe,633,33.678686,95801686.7475586,58782.9338862248
1367,37139,37139 Adelebsen,6571,76.323923,197390217.742676,71830.2321258085
1368,37133,37133 Friedland,7178,75.180316,193253348.499512,140989.072434476
1369,34346,"34346 Hann. Münden, Gutsbezirk Reinhardswald",23924,120.230159,309079979.307617,156299.628022239
1370,37130,37130 Gleichen,9254,129.467424,333448654.043457,131722.29713331
1371,37115,37115 Duderstadt,21312,109.075434,281522157.778809,107523.758205272
1372,37441,37441 Bad Sachsa,7686,33.401759,86433013.7480469,51703.182433825
1373,71706,71706 Markgröningen,14392,28.33922,65598909.4389648,47700.0628937321
1374,57439,57439 Attendorn,24508,98.147832,248930311.749512,104682.395571293
1375,57413,57413 Finnentrop,17194,104.433376,265779572.988281,113049.707028104
1376,57399,57399 Kirchhundem,12092,148.345001,375224908.918945,116237.682580258
1377,57368,57368 Lennestadt,26546,135.447594,343649460.606445,137139.528149259
1378,37199,37199 Wulften,1941,12.20938,31704218.7216797,30453.9764425763
1379,56470,56470 Bad Marienberg (Westerwald),5880,9.877709,24554167.9365234,23099.6670870835
1380,37197,37197 Hattorf,4215,26.112365,67752424.9863281,53426.5208848399
1381,37120,37120 Bovenden,13272,63.608359,164677970.895996,116038.815392953
1382,63633,63633 Birstein,6311,86.210784,211958056.035156,88582.458894018
1383,23744,23744 Schönwalde am Bungsberg,2629,39.248099,114503320.47168,69730.291377789
1384,63637,63637 Jossgrund,3604,50.651377,123407367.352051,77529.9346551416
1385,63636,63636 Brachttal,5208,30.825843,75540556.6254883,52717.8467780872
1386,63619,63619 Bad Orb,9203,47.713661,116464685.086426,53636.3177877457
1387,63607,63607 Wächtersbach,12295,50.750136,124183640.097656,87641.3361417041
1388,63599,63599 Biebergemünd,8368,78.407066,191080261.587891,81698.2931599882
1389,63594,63594 Hasselroth,7273,18.916874,46080760.1123047,35177.357410176
1390,63589,63589 Linsengericht,9860,29.916809,72888031.5620117,47505.2415263813
1391,63584,63584 Gründau,14349,67.544312,165030651.846191,81517.4262077241
1392,63571,63571 Gelnhausen,21828,44.952476,109687878.621094,67566.5055049157
1393,23743,23743 Grömitz,7003,51.654207,150547065.961426,74785.619385205
1394,63546,63546 Hammersbach,4770,20.435563,49915149.8496094,39909.7705510807
1395,63543,63543 Neuberg,5196,10.598762,25856555.0107422,29387.5450675888
1396,63486,63486 Bruchköbel,20239,29.586546,72141287.7338867,52569.0439175042
1397,23749,23749 Grube,1003,20.909603,61128285.1191406,41981.6581881627
1398,87778,87778 Stetten,1351,15.687132,35043844.6206055,40638.6394934416
1399,23777,23777 Heringsdorf,1117,29.767541,87203873.1679688,59242.5943653611
1400,34317,34317 Habichtswald,5118,28.189832,72148545.1191406,50119.5965292342
1401,34314,34314 Espenau,4904,13.585903,34870437.2265625,31715.2877343792
1402,34277,34277 Fuldabrück,8810,17.247305,43981360.5146484,41191.3732275881
1403,34246,34246 Vellmar,18086,14.070145,36065162.6757813,34169.279965392
1404,34479,34479 Breuna,3735,40.464341,104058829.126953,75042.3817592371
1405,34466,34466 Wolfhagen,12735,112.198598,287128914.450195,145191.823567426
1406,34396,34396 Liebenau (Hessen),3341,48.857605,125911582.166504,82942.1801637759
1407,34393,34393 Grebenstein,5950,49.99282,128607453.344727,89028.8614898408
1408,34379,34379 Calden,7541,54.803677,140767652.408203,89248.5244846132
1409,34376,34376 Immenhausen,6956,28.514321,73301940.6601563,58387.9631311859
1410,23774,23774 Heiligenhafen,9085,18.499781,54411354.7304688,36465.4433747784
1411,34320,34320 Söhrewald,4945,59.01937,150364545.303711,76687.6781928216
1412,34311,34311 Naumburg,5334,66.270611,168902601.814941,76832.4656790054
1413,34308,34308 Bad Emstal,5960,38.647529,98580531.6591797,73057.0399693969
1414,34298,34298 Helsa,5622,25.878458,65996006.0566406,82786.8484532796
1415,34292,34292 Ahnatal,8028,17.90303,45894293.8500977,38140.1574293186
1416,34289,34289 Zierenberg,6607,86.47963,221791378.192871,135485.576052681
1417,34260,34260 Kaufungen,12502,25.98714,66365464.2636719,56042.9683791223
1418,23779,23779 Neukirchen,1229,28.923609,84895323.5341797,47460.539142958
1419,34253,34253 Lohfelden,13519,16.349811,41737706.7373047,33697.3754335748
1420,34225,34225 Baunatal,27389,38.374985,97881890.2392578,62939.5747241768
1421,61250,61250 Usingen,13326,56.910397,139691938.360352,88510.1708766293
1422,23775,23775 Großenbrode,2102,21.101034,62060281.8818359,53079.828389504
1423,23769,23769 Fehmarn,12517,182.045148,537937799.060547,155772.470028607
1424,37296,37296 Ringgau,3128,66.761503,169096252.237793,89752.6716886748
1425,37293,37293 Herleshausen,2898,59.463047,150213116.320313,74314.9982027947
1426,16547,16547 Birkenwerder,7720,18.450389,50094874.7792969,44975.4965327838
1427,37287,37287 Wehretal,5154,39.175216,99470910.0341797,74172.4065744786
1428,37284,37284 Waldkappel,4715,96.448213,244775257.26123,88455.1175781518
1429,37281,37281 Wanfried,4257,46.698576,118688349.348145,68903.9147047933
1430,16548,16548 Glienicke/Nordbahn,11070,4.625464,12518749.0576172,20524.7962599476
1431,41836,41836 Hückelhoven,38969,61.205229,154594344.521973,72570.508356558
1432,27449,27449 Kutenholz,4776,67.95304,191744627.521973,80266.0443394598
1433,37276,37276 Meinhard,4843,39.59431,100837285.385254,59824.9748467458
1434,37269,37269 Eschwege,19467,63.400978,161209608.935547,99740.3212980217
1435,37247,37247 Großalmerode,6767,36.600263,93333343.2114258,78186.1327717617
1436,37242,37242 Bad Sooden-Allendorf,8270,73.641585,187995128.747559,101317.344817295
1437,37235,37235 Hessisch Lichtenau,12194,105.516368,268497595.135254,119288.051539299
1438,37290,37290 Meißner,3228,44.761818,113931283.149414,78299.918237709
1439,36205,36205 Sontra,7826,111.206928,281425434.716797,112381.28472827
1440,27442,27442 Gnarrenburg,9428,123.746336,347377181.337891,104064.570638433
1441,27383,27383 Scheeßel,13095,150.02975,416939709.664551,115210.552277965
1442,27374,27374 Visselhövede,10224,159.199543,438941424.254395,133068.268518335
1443,27619,27619 Schiffdorf,13839,113.425193,320815301.302246,114987.171314188
1444,27612,27612 Loxstedt,15962,137.482088,387321550.219727,110095.539584402
1445,27607,27607 Geestland DebstedtHolßelHymendorfImsumKrempelLangenNeuenwalde,18514,121.590838,345847277.257324,119177.851035127
1446,26969,26969 Butjadingen,6401,132.437124,374776000.364746,104429.151932623
1447,26954,26954 Nordenham,26564,83.748324,236359573.83252,106521.228423203
1448,36286,36286 Neuenstein (Hessen),3065,64.113859,161148942.996582,68357.8244941218
1449,36284,36284 Hohenroda,3222,35.608991,89132094.3081055,72256.0065005343
1450,26939,26939 Ovelgönne,5622,123.996554,346992788.20166,103248.060180072
1451,36282,36282 Hauneck,3186,17.735846,44417936.4384766,49106.1794145707
1452,36277,36277 Schenklengsfeld,4630,63.563654,159202346.728027,86171.0698632504
1453,36275,36275 Kirchheim (Hessen),3662,51.208779,128412071.419434,75005.0306688866
1454,36272,36272 Niederaula,5480,64.109854,160410933.362793,89738.2327641098
1455,36269,36269 Philippsthal,4231,21.586316,54117259.3666992,72856.4674934895
1456,36266,36266 Heringen,7575,60.749464,152570128.580078,88832.7957925663
1457,73054,73054 Eislingen/Fils,19700,16.440625,37741634.5317383,38077.378015573
1458,36217,36217 Ronshausen,2442,37.91643,95422800.4541016,52688.0866769378
1459,36214,36214 Nentershausen,2830,54.612036,137854290.069336,73581.3993615134
1460,36211,36211 Alheim,5129,63.808572,161210994.826172,90692.8454873336
1461,21449,21449 Radbruch,1958,22.511709,62976135.6137695,52051.2068344647
1462,36208,36208 Wildeck,5039,40.972388,103179624.545898,87262.5656761899
1463,36199,36199 Rotenburg an der Fulda,13440,79.832724,201545866.365234,87079.0647437079
1464,36179,36179 Bebra,13773,93.809651,236487120.268066,108617.879472929
1465,36166,36166 Haunetal,3067,54.902446,137149759.80127,70750.0416010504
1466,29553,29553 Bienenbüttel,6701,99.360953,275759536.791504,95564.6141398177
1467,34637,34637 Schrecksbach,3252,36.580621,91667733.9018555,59371.209588696
1468,34633,34633 Ottrau,2302,48.515133,121448674.932617,73266.5640235271
1469,34632,34632 Jesberg,2485,49.875959,125817760.723633,58002.7052711387
1470,34630,34630 Gilserberg,3149,61.504935,154859731.69043,86033.0200415176
1471,34628,34628 Willingshausen,5102,59.925756,150348330.021973,76598.4834854037
1472,34626,34626 Neukirchen (Knüll),7265,66.202294,166180869.408203,91980.2575958656
1473,34621,34621 Frielendorf,7638,85.76211,215994018.449707,100686.114922536
1474,21407,21407 Deutsch Evern,3741,11.296386,31427197.7612305,30527.5396771005
1475,34613,34613 Schwalmstadt,18377,84.739029,213127650.615723,104987.511510941
1476,34599,34599 Neuental,3264,38.52241,97192777.7192383,71643.0735806733
1477,34596,34596 Bad Zwesten,3909,39.422168,99689570.7651367,61938.2852884799
1478,34593,34593 Knüllwald,4570,100.240796,252901239.58252,118732.571902977
1479,34590,34590 Wabern,7363,51.012148,129247669.835449,76501.115353621
1480,34587,34587 Felsberg,10805,83.334492,211520510.767578,90661.7262487142
1481,34582,34582 Borken,12866,82.297288,208110177.054199,93400.4708836484
1482,34576,34576 Homberg,13976,100.5035,253732168.434082,118858.625871309
1483,34560,34560 Fritzlar,14512,88.745305,225330979.329102,99475.3051028208
1484,21401,21401 Thomasburg,1295,26.687991,74344111.112793,49249.7776077019
1485,87547,87547 Missen-Wilhams,1376,34.90444,76764196.0737305,48860.422879294
1486,87466,87466 Oy-Mittelberg,4404,60.094065,132399776.503418,79680.9594419659
1487,87484,87484 Nesselwang,3411,29.468403,64852401.3769531,48528.5638392624
1488,87497,87497 Wertach,2443,45.645476,100321257.279785,72395.7808848004
1489,87541,87541 Bad Hindelang,4833,137.07037,299924482.166992,108003.363803776
1490,87549,87549 Rettenberg,4224,60.158028,132234141.656738,71851.7040235476
1491,87545,87545 Burgberg im Allgäu,3172,15.939353,34981490.7539063,39541.704200894
1492,87544,87544 Blaichach,5715,50.954539,111653243.640625,72216.624225132
1493,87509,87509 Immenstadt im Allgäu,13922,81.278415,178584038.964355,91525.0108611984
1494,87534,87534 Oberstaufen,7214,125.908076,276172302.17334,99394.2256666856
1495,87487,87487 Wiggensbach,4823,31.807925,70340695.5229492,75379.8851172669
1496,36381,36381 Schlüchtern,16328,113.217893,278001777.063965,95847.5631348687
1497,36367,36367 Wartenberg,3984,39.506293,98098924.9306641,52381.3033569191
1498,36364,36364 Bad Salzschlirf,2901,13.053864,32427959.0908203,35299.2408699079
1499,21400,21400 Reinstorf,1322,30.428508,84842288.3862305,50435.4069868445
1500,21398,21398 Neetze,2584,26.369256,73639784.4125977,46155.4283197575
1501,36100,36100 Petersberg,14731,35.479583,87950161.8710938,70586.9419346711
1502,34508,34508 Willingen (Upland),6019,80.308313,205214995.10498,89777.8486075764
1503,21436,21436 Marschacht,3730,26.102082,73308360.4238281,50304.3608964578
1504,35119,35119 Rosenthal,2165,51.512006,129877340.618652,73468.2431052083
1505,36169,36169 Rasdorf,1661,30.053739,74923712.793457,56987.478590492
1506,36167,36167 Nüsttal,2874,45.456473,112991099.709473,79414.3577090426
1507,36163,36163 Poppenhausen,2554,40.698891,100529730.802246,61325.5194870936
1508,36160,36160 Dipperz,3327,30.021985,74267610.0297852,61381.0949597026
1509,36157,36157 Ebersburg,4538,37.018374,91290072.2836914,74791.5160342445
1510,36154,36154 Hosenfeld,4733,50.698612,125296577.215332,74322.4523584841
1511,36151,36151 Burghaun,6551,64.986047,161959507.919434,73650.0519315451
1512,36148,36148 Kalbach,6315,70.578368,173650625.100586,88229.4647460582
1513,21395,21395 Tespe,4042,24.907978,69913650.1298828,46090.3121582843
1514,36145,36145 Hofbieber,6082,87.196456,216156865.102539,104796.257075668
1515,36142,36142 Tann,4524,60.413369,150092539.336914,69137.7432345492
1516,36137,36137 Großenlüder,8575,73.871704,183059940.827148,83271.4905672377
1517,36132,36132 Eiterfeld,7274,89.767242,224241716.463379,101184.680796248
1518,36129,36129 Gersfeld,5594,89.318728,220125616.651367,87190.8940196443
1519,36124,36124 Eichenzell,11055,55.951789,138040890.488281,95658.0876021346
1520,36119,36119 Neuhof,10794,90.203343,222556851.400879,145891.192869147
1521,36103,36103 Flieden,8709,49.614946,122139838.630859,65382.9779188654
1522,36093,36093 Künzell,15820,30.260776,74819040.5932617,67421.1827110335
1523,36088,36088 Hünfeld,15861,119.658339,297663044.17334,126116.76245585
1524,35285,35285 Gemünden,3908,58.600268,147748639.000977,74440.0293407794
1525,35116,35116 Hatzfeld,3086,58.518804,147581323.387207,62046.5075240613
1526,35114,35114 Haina,3743,91.144291,230355569.515625,93861.5642699324
1527,35110,35110 Frankenau,3085,57.245755,145089154.24707,79518.1935286249
1528,35108,35108 Allendorf,7463,76.588627,193780741.498047,99996.5012818699
1529,35104,35104 Lichtenfels,4217,96.693681,245795456.202637,85059.4775298933
1530,35099,35099 Burgwald,4903,41.269218,104193204.522949,76617.4889359267
1531,79285,79285 Ebringen,2732,8.170254,18212667.9321289,20725.9270947653
1532,35088,35088 Battenberg,5480,60.371108,152458391.703125,94327.2660770031
1533,35066,35066 Frankenberg,18080,124.761513,315821174.086426,126357.462663135
1534,34549,34549 Edertal,6573,115.558149,293665488.84375,113681.251456344
1535,34537,34537 Bad Wildungen,16620,120.000288,304070362.934082,106188.000762333
1536,34519,34519 Diemelsee,4985,121.492222,311218952.217285,115167.891080981
1537,34516,34516 Vöhl,5880,99.952633,254168956.158203,98790.9079945132
1538,34513,34513 Waldeck,7095,114.429628,291857267.794922,105892.758633645
1539,34497,34497 Korbach,23544,124.002621,316528272.399414,131562.72313567
1540,34477,34477 Twistetal,4548,74.03067,189472583.239746,89045.4668644795
1541,34474,34474 Diemelstadt,5395,82.487771,212475529.688965,75397.1906367381
1542,34471,34471 Volkmarsen,6797,67.411615,173152229.80957,88786.1811317481
1543,34454,34454 Bad Arolsen,15635,126.357969,324001223.847656,136541.148951334
1544,39448,39448 Börde-Hakel,3306,38.909287,102288539.039551,93940.8259547206
1545,19339,19339 Plattenburg,3643,201.98863,556122208.524414,186188.655461667
1546,97253,97253 Gaukönigshofen,2495,31.950827,76117002.2041016,49339.3022278336
1547,79292,79292 Pfaffenweiler,2507,3.593158,8005297.75830078,12640.8709820695
1548,79227,79227 Schallstadt,5969,19.554956,43604485.9291992,45321.2953613793
1549,79189,79189 Bad Krozingen,17817,35.64838,79366917.0556641,54039.4373472025
1550,97243,97243 Bieberehren,972,14.756231,34983749.6308594,37758.3005489597
1551,97993,97993 Creglingen,4779,117.176311,277180977.89209,136696.619395958
1552,97996,97996 Niederstetten,4947,103.963393,245428990.965332,118342.644692075
1553,97980,97980 Bad Mergentheim,22061,130.038772,307643151.949219,106949.984666258
1554,79258,79258 Hartheim,4611,25.511216,56816377.9013672,40480.6591295078
1555,79427,79427 Eschbach,2335,10.555079,23475836.96875,29006.4464456423
1556,79423,79423 Heitersheim,5848,11.710804,26028396.9604492,41990.4233007738
1557,79426,79426 Buggingen,3822,15.291508,33956982.5878906,30763.2681938213
1558,79379,79379 Müllheim,18072,48.085081,106601828.455566,82811.6137213804
1559,97922,97922 Lauda-Königshofen,14547,94.378909,224198286.605957,99886.9228651867
1560,97953,97953 Königheim,3093,61.19578,145616006.416504,67760.7274937476
1561,79424,79424 Auggen,2518,14.145881,31333927.0410156,30308.6519720206
1562,79395,79395 Neuenburg am Rhein,11629,44.174355,98005777.7241211,72499.5962200362
1563,79692,79692 Kleines Wiesental,2932,77.76124,172020926.087402,79903.7919700135
1564,97956,97956 Werbach,3417,43.112581,102973590.765137,78079.2586442703
1565,97941,97941 Tauberbischofsheim,12822,69.249651,164956671.720215,84359.3275394546
1566,97900,97900 Külsheim,5368,81.376311,194246308.01416,82573.6534030119
1567,37191,37191 Katlenburg-Lindau,7340,71.680478,186155233.536133,86459.6626607033
1568,37181,37181 Hardegsen,8080,84.466001,219248088.808594,96898.247425718
1569,79415,79415 Bad Bellingen,3848,16.914291,37368768.449707,35197.3556855585
1570,79418,79418 Schliengen,5332,37.451686,82849498.8100586,59303.2608921655
1571,79429,79429 Malsburg-Marzell,1496,24.882503,55046039.7807617,37131.3080704825
1572,79585,79585 Steinen,9678,46.805777,103233886.883789,60238.8705874094
1573,36369,36369 Lautertal,2479,53.561351,132823050.037109,73516.929140214
1574,36358,36358 Herbstein,4866,79.919761,197875320.612305,98650.0687361141
1575,36355,36355 Grebenhain,4834,91.545193,226106323.297852,101163.27431473
1576,36341,36341 Lauterbach,13286,101.901578,253265784.658691,86606.2295524703
1577,36329,36329 Romrod,2895,54.390005,135509050.522461,64534.8609782386
1578,36326,36326 Antrifttal,2058,27.272479,68223024.8657227,50086.5887563983
1579,36325,36325 Feldatal,2629,55.646621,138281419.15625,68719.9993667711
1580,36323,36323 Grebenau,2548,55.300435,137949727.548828,59628.0499481005
1581,36320,36320 Kirtorf,3368,79.140666,197819434.424805,84718.2851569211
1582,36318,36318 Schwalmtal,2918,54.225991,135021526.469238,69354.3609799514
1583,36304,36304 Alsfeld,16415,129.69701,324006024.629883,141938.931059423
1584,36110,36110 Schlitz,9641,141.950577,353412584.224121,94704.3415815583
1585,35329,35329 Gemünden (Felda),2908,54.951067,136822861.480469,64601.9657524374
1586,35327,35327 Ulrichstein,3096,65.557329,162476085.158691,77653.0146131004
1587,35325,35325 Mücke,9496,86.164448,214015951.562988,92271.0287770993
1588,35315,35315 Homberg (Ohm),7664,87.969001,219427946.519531,80040.6987021428
1589,97274,97274 Leinach,3107,28.025128,67388564.9355469,40497.474362769
1590,79400,79400 Kandern,8040,62.876593,138826591.186523,62672.0240671709
1591,97280,97280 Remlingen,1508,20.437281,49061967.1733398,39361.5942494196
1592,79599,79599 Wittlingen,972,3.830684,8443131.3515625,13546.4028140281
1593,35232,35232 Dautphetal,11717,71.924556,180306844.17041,78846.4003161749
1594,35216,35216 Biedenkopf,13706,90.24061,226949803.119629,88461.5165587047
1595,35117,35117 Münchhausen,3485,41.465544,104443587.834961,67710.4645142593
1596,35112,35112 Fronhausen,4077,27.855566,69410575.1376953,49044.2483616745
1597,35102,35102 Lohra,5642,49.019732,122227678.721191,71880.0409259362
1598,35096,35096 Weimar (Lahn),7007,47.012968,117397750.625,83462.1388067582
1599,35091,35091 Cölbe,6741,26.656696,66911663.1704102,69562.3961445223
1600,35085,35085 Ebsdorfergrund,8883,72.807386,181626866.673828,88422.2002048104
1601,35083,35083 Wetter,9029,104.514536,262782186.486816,116252.275813396
1602,35080,35080 Bad Endbach,8255,39.809558,99459284.8071289,50714.9642668162
1603,35075,35075 Gladenbach,12242,72.322165,180774848.03125,74210.6713720449
1604,35768,35768 Siegbach,2783,29.008042,72423594.0541992,55383.082423215
1605,79595,79595 Rümmingen,1620,4.449402,9802438.42919922,23045.7728065682
1606,35745,35745 Herborn,20651,63.716212,158592602.504883,81585.3416819882
1607,35716,35716 Dietzhölztal,6018,37.44418,93874435.2949219,46428.7756872211
1608,35713,35713 Eschenburg,10284,45.741184,114490730.341797,65540.4190732496
1609,35708,35708 Haiger,19709,106.652209,266573662.96582,95388.9678428268
1610,35649,35649 Bischoffen,3402,35.338318,88085379.4438477,61064.1156477392
1611,35644,35644 Hohenahr,4911,45.672077,113635165.464355,65824.3940575233
1612,35641,35641 Schöffengrund,6394,34.038234,84043540.4926758,54661.0446101043
1613,79597,79597 Schallbach,737,3.936774,8676728.68115234,13961.1239871083
1614,35638,35638 Leun,5805,28.641131,70912159.2045898,59151.2735077318
1615,35633,35633 Lahnau,8097,23.925692,59331632.3007813,42366.9308920347
1616,35630,35630 Ehringshausen,9263,45.392894,112711559.057617,59844.1675070464
1617,35625,35625 Hüttenberg,10544,40.70587,100597491.969238,58972.2399485109
1618,35619,35619 Braunfels,10763,47.244759,116718529.059082,67882.8402987621
1619,35614,35614 Aßlar,13616,43.53818,108069809.574219,63108.4880065537
1620,35606,35606 Solms,13464,33.994254,84155227.6166992,53071.8791428138
1621,79592,79592 Fischingen,692,1.998573,4403633.37988281,10743.7233882086
1622,90574,90574 Roßtal,9784,44.322163,104524151.771484,69678.3106497753
1623,90613,90613 Großhabersdorf,4071,35.406842,83579890.4023438,58691.9309117934
1624,79589,79589 Binzen,2911,5.808183,12790063.8813477,23677.6488402488
1625,90559,90559 Burgthann,11240,39.12539,92070872.4365234,72238.246847818
1626,90584,90584 Allersberg,8032,59.764455,140104874.282715,85474.8871511725
1627,90602,90602 Pyrbaum,5557,50.323126,118189510.254395,87771.4597068825
1628,86453,86453 Dasing,5351,40.733486,92310595.2763672,73854.4516628912
1629,79588,79588 Efringen-Kirchen,8205,43.620979,96191440.4018555,50286.2366328096
1630,66606,66606 Sankt Wendel,26246,113.280216,268036714.187988,104621.160107056
1631,79591,79591 Eimeldingen,2500,3.546454,7808919.81884766,17269.9764863625
1632,16792,16792 Zehdenick,13669,223.272568,614372612.873047,161889.747451633
1633,87499,87499 Wildpoldsried,2454,21.374815,47322737.8310547,51938.77664352
1634,87496,87496 Untrasried,1535,25.785576,57241643.3916016,64426.6070083099
1635,87490,87490 Haldenwang,3633,26.540476,58794949.1743164,54121.3040846882
1636,73614,"73614 Schorndorf, 73614 Urbach",38340,56.868151,131051283.804199,86286.159600018
1637,66450,66450 Bexbach,18054,31.225481,73572024.4443359,53163.0257224094
1638,66424,66424 Homburg,41562,82.225064,193462672.975098,106165.278362038
1639,79576,79576 Weil am Rhein,28610,19.461425,42809068.8227539,41895.6409666132
1640,29308,29308 Winsen (Aller),12737,149.747264,407358428.248535,144176.860818233
1641,16767,16767 Leegebruch,6573,6.429799,17473257.7568359,23686.033973594
1642,97903,97903 Collenberg,2049,15.416183,36970033.3916016,28526.389801817
1643,63934,63934 Röllbach,1724,12.397274,29706247.0869141,35786.9813651032
1644,16761,16761 Hennigsdorf,25527,31.120745,84229085.7070313,59717.4202955709
1645,16567,16567 Mühlenbecker Land,5982,29.76543,80685971.3076172,66086.7777230591
1646,18239,18239 Satow,5568,119.923412,346350210.844727,127835.712632003
1647,72537,72537 Mehrstetten,1334,17.087039,38724758.6982422,34664.7043378144
1648,88518,88518 Herbertingen,4844,38.61097,86457754.7124023,73046.614019794
1649,87785,87785 Winterrieden,895,9.805176,21999054.1967773,23059.282808028
1650,87727,87727 Babenhausen,5225,27.192936,61054254.9765625,52630.4965101651
1651,87755,87755 Kirchhaslach,1303,32.043351,71982395.2661133,63449.5027407856
1652,87770,87770 Oberschönegg,941,18.292787,41031592.1367188,44254.6093761824
1653,87746,87746 Erkheim,2922,32.114937,71855860.5126953,54091.1639800073
1654,87754,87754 Kammlach,1785,26.648394,59622242.9233398,51275.0487721702
1655,87769,87769 Oberrieden,1247,20.834735,46689321.8193359,46020.328374506
1656,87775,87775 Salgen,1420,23.245511,52161328.9130859,39944.3419603998
1657,87773,87773 Pleß,847,15.39032,34507294.2773438,26442.752641965
1658,87748,87748 Fellheim,1080,5.049027,11308118.578125,19808.9917274119
1659,87737,87737 Boos,1944,17.565557,39358670.9130859,31790.0418703066
1660,87767,87767 Niederrieden,1362,13.935286,31189977.5405273,33063.7398808371
1661,87751,87751 Heimertingen,1692,13.731004,30712507.84375,33406.9597794655
1662,87654,87654 Friesenried,1504,22.13826,49192193.4873047,52505.9039846208
1663,87674,87674 Ruderatshofen,1726,33.074616,73352436.7802734,58249.0366929045
1664,87640,87640 Biessenhofen,4049,27.01834,59915980.1650391,48423.2845681605
1665,87651,87651 Bidingen,1650,36.331149,80567359.043457,62812.8820336323
1666,87665,87665 Mauerstetten,3072,16.430768,36510262.5,38853.4622796235
1667,87677,87677 Stöttwang,1844,19.86511,44150790.8310547,43876.1450503489
1668,87679,87679 Westendorf,1837,11.895231,26482883.9755859,25138.2981831852
1669,87656,87656 Germaringen,3681,22.143303,49333807.0625,45357.1346958806
1670,87668,87668 Rieden,1287,8.442827,18818094.1459961,21393.7862243389
1671,87666,87666 Pforzen,2166,23.609381,52588375.1206055,49272.8688861109
1672,87660,87660 Irsee,1420,17.401232,38717626.387207,41517.6708961485
1673,87650,87650 Baisweil,1294,26.326264,58676903.6743164,47388.0528249487
1674,87653,87653 Eggenthal,1316,28.101546,62542974.5605469,62843.6065739409
1675,87782,87782 Unteregg,1376,23.700586,52825551.4707031,47103.9292351212
1676,87671,87671 Ronsberg,1677,16.499956,36705838.7397461,49741.0058665089
1677,87733,87733 Markt Rettenbach,3706,51.422074,114630625.584961,72553.3265581606
1678,87724,87724 Ottobeuren,7924,55.941896,124602149.766113,81116.5522582204
1679,87736,87736 Böhen,748,20.507907,45595672.6401367,40631.9370078762
1680,87787,87787 Wolfertschwenden,1862,14.482725,32222767.7563477,39479.0118750339
1681,88454,88454 Hochdorf,2114,23.778664,53161449.4101563,53319.1712454584
1682,87740,87740 Buxheim,3078,10.249525,22879702.4306641,30722.3366483967
1683,87789,87789 Woringen,1871,17.410151,38768439.4848633,39426.5208425381
1684,87730,87730 Bad Grönenbach,5289,42.200709,93785533.3891602,75837.4677121227
1685,87758,87758 Kronburg,1800,20.219003,44986591.3925781,51418.978769471
1686,57587,57587 Birken-Honigsessen,2494,17.638181,44174133.0439453,32191.3972741953
1687,57581,57581 Katzwinkel (Sieg),1863,15.525138,38875429.6704102,25568.2696499215
1688,57462,57462 Olpe,24847,85.453897,215976668.692871,88046.783864697
1689,57339,57339 Erndtebrück,7340,70.572119,178039631.348633,76327.6707709701
1690,57334,57334 Bad Laasphe,14214,135.870244,341781595.517578,99554.3736915052
1691,57319,57319 Bad Berleburg,19919,280.057164,708365396.148926,155414.954645789
1692,57299,57299 Burbach,14497,79.397648,198131887.617188,77032.4364598931
1693,57290,57290 Neunkirchen,13911,39.700976,99264619.362793,47889.1778925696
1694,57271,57271 Hilchenbach,15363,80.989908,204242794.799316,89798.8025263065
1695,57258,57258 Freudenberg,18036,54.5755,137083451.152344,60027.5133049925
1696,57250,57250 Netphen,23422,137.294271,345080110.20752,111424.793191274
1697,09241,09241 Mühlau,2198,8.048132,20188235.3271484,20831.4506668759
1698,57234,57234 Wilnsdorf,20481,72.341901,181219059.676758,69618.0820275689
1699,57223,57223 Kreuztal,30797,71.000269,179003947.884766,84370.1024655227
1700,26524,"26524 Hage, Halbemond u.a.",10887,70.619669,200395231.407227,87929.0992650485
1701,56462,56462 Höhn,3136,13.931109,34586234.4550781,34812.588241441
1702,63110,63110 Rodgau,42898,65.123211,157643471.809082,64510.1268406404
1703,63322,63322 Rödermark,26216,29.968908,72427921.1152344,46005.7940282718
1704,63128,63128 Dietzenbach,31939,21.658142,52423995.7285156,33171.4957046477
1705,63150,63150 Heusenstamm,17803,19.015637,46096864.4677734,37923.8325875036
1706,63303,63303 Dreieich,39422,53.226744,128831156.449707,59057.5180182052
1707,63225,63225 Langen,34937,29.094585,70368313.7944336,52767.3176259628
1708,63329,63329 Egelsbach,10885,14.801986,35767036.3735352,46113.8086045083
1709,63263,63263 Neu-Isenburg,34691,24.36489,59057288.1420898,49422.3692427905
1710,63165,63165 Mühlheim am Main,26921,20.653883,50196386.4873047,34004.7311801673
1711,63477,63477 Maintal,35827,32.360073,78792182.4023438,45265.2210551509
1712,56249,56249 Herschbach,2827,15.751431,39040521.5131836,35035.2316593524
1713,71723,71723 Großbottwar,8058,25.665754,59644243.0039063,45292.502961527
1714,73491,73491 Neuler,3116,36.559377,84698030.1938477,67407.8161099725
1715,73460,73460 Hüttlingen,5872,18.086101,41841999.0961914,36669.8172159651
1716,73453,73453 Abtsgmünd,7337,71.747591,166071796.995605,113785.799784011
1717,71299,71299 Wimsheim,2629,8.353326,19291975.0922852,23785.0356244488
1718,77876,77876 Kappelrodeck,5767,18.298883,41806891.9804688,38929.4583311852
1719,77871,77871 Renchen,7278,27.516281,62876239.7783203,60858.5207057519
1720,77866,77866 Rheinau,11192,73.731747,168940438.832031,95060.5758892188
1721,77839,77839 Lichtenau,4972,28.750529,66028916.5712891,50928.4598415453
1722,77836,77836 Rheinmünster,6673,41.516565,95516781.9931641,57535.6916552856
1723,77704,77704 Oberkirch,19853,67.553582,153969218.42627,74946.1414962345
1724,34385,34385 Bad Karlshafen,3602,14.86167,38539722.0595703,46578.8184507502
1725,63549,63549 Ronneburg,3334,14.241221,34778479.9873047,33039.4828379803
1726,63526,63526 Erlensee,13125,18.584952,45270987.5727539,43459.8878034878
1727,63505,63505 Langenselbold,13427,26.210344,63897192.296875,45202.051166839
1728,63639,63639 Flörsbachtal,2464,52.065674,126582648.988281,67511.2685248322
1729,63828,63828 Kleinkahl,1836,11.798024,28678881.0996094,50654.8134831548
1730,77975,77975 Ringsheim,2216,8.481745,19125864.9438477,23121.0703511534
1731,97072,97072 Würzburg,16840,1.598911,3833462.29833984,11769.6960577875
1732,77971,77971 Kippenheim,5339,20.597461,46528923.7382813,50317.6692839752
1733,77933,77933 Lahr/Schwarzwald,42549,71.640775,162091024.33252,98547.8858988129
1734,87719,87719 Mindelheim,13944,56.429704,126274647.052734,74913.9362961911
1735,77972,77972 Mahlberg,4621,13.360468,30179605.4458008,39121.2626237202
1736,97070,97070 Würzburg,12029,2.211778,5305483.60351563,12283.1843565136
1737,87766,87766 Memmingerberg,2600,6.092344,13601153.1977539,17695.8248726791
1738,87779,87779 Trunkelsberg,1710,1.938382,4329470.49804688,10396.3316497567
1739,87752,87752 Holzgünz,1218,12.124593,27103245.9248047,28014.3021251486
1740,87784,87784 Westerheim,2100,21.111441,47189205.2460938,51624.8539712408
1741,87776,87776 Sontheim,2555,26.517265,59216173.9624023,44950.8305000905
1742,77977,77977 Rust,3711,20.263091,45727860.1679688,35956.4373004823
1743,77966,77966 Kappel-Grafenhausen,4763,24.596928,55564675.0786133,43277.963804726
1744,77955,77955 Ettenheim,12028,57.156813,128891311.881836,67693.4616359983
1745,79206,79206 Breisach am Rhein,14001,54.580442,121963672.044922,69074.472725928
1746,63694,63694 Limeshain,5262,12.32895,30158432.519043,30026.3887413627
1747,63688,63688 Gedern,7626,75.180175,185044282.74707,78444.9791863314
1748,63699,63699 Kefenrod,2809,30.962963,76012323.515625,64854.1838753255
1749,63697,63697 Hirzenhain,2875,16.096245,39613650.109375,55970.759086566
1750,63695,63695 Glauburg,3070,12.656956,31035014.0615234,29139.4937316723
1751,63691,63691 Ranstadt,4871,34.233478,84090546.9067383,60383.0462261975
1752,63683,63683 Ortenberg,8959,54.653194,134207891.243164,75786.6407709261
1753,63674,63674 Altenstadt,11878,30.062959,73612193.9208984,49176.6042131601
1754,63667,63667 Nidda,16876,118.249054,291283607.36084,114164.845223038
1755,63654,63654 Büdingen,20881,122.63204,300318597.400879,109284.999879746
1756,34359,34359 Reinhardshagen,4600,13.058685,33664566.9169922,64737.0826889375
1757,34329,34329 Nieste,1813,3.868988,9893886.06396484,29858.8985134504
1758,34266,34266 Niestetal,10347,22.13831,56628679.8427734,47327.6454310746
1759,35519,35519 Rockenberg,4273,16.13069,39720139.8613281,30174.2055179076
1760,35516,35516 Münzenberg,5638,31.604023,77942011.0205078,51936.6993923476
1761,35510,35510 Butzbach,23898,106.514111,262238574.686523,104559.668604292
1762,35428,35428 Langgöns,11685,52.493504,129521415.585938,79349.9087830229
1763,37299,37299 Weißenborn,1097,15.547929,39428713.1445313,42678.5013491375
1764,37297,37297 Berkatal,1697,19.576328,49902163.1474609,57584.5722749925
1765,36289,36289 Friedewald,2442,39.789033,99873430.5473633,55017.0984082988
1766,36287,36287 Breitenbach am Herzberg,1803,42.398713,105974157.507813,54455.4576528629
1767,36219,36219 Cornberg,1486,24.278341,61401027.4897461,40253.4314772843
1768,34323,34323 Malsfeld,3933,34.47992,87310873.1796875,62225.008864855
1769,36280,36280 Oberaula,3272,43.942067,110188468.587891,64016.8939657372
1770,34639,34639 Schwarzenborn,1107,26.94036,67717373.3959961,51658.3112157461
1771,34327,34327 Körle,2952,17.786378,45223191.9702148,46630.8210080213
1772,67680,67680 Neuhemsbach,841,6.550191,15537966.6308594,20598.2928876791
1773,34326,34326 Morschen,3521,48.230718,122032925.187012,56162.2214200229
1774,34305,34305 Niedenstein,5263,30.631097,78029620.5004883,52339.0896139069
1775,34302,34302 Guxhagen,5227,26.162259,66588582.7519531,60327.7496390979
1776,34295,34295 Edermünde,7265,25.668994,65382469.4384766,58263.3894194243
1777,34286,34286 Spangenberg,6247,97.651564,247657999.32373,81278.3726499674
1778,79669,79669 Zell im Wiesental,6011,33.616602,74267998.0424805,55182.1698399478
1779,72793,72793 Pfullingen,17665,30.106119,68439640.059082,54481.1664699593
1780,88356,88356 Ostrach,6762,109.295267,243669678.771973,114240.72609835
1781,87760,87760 Lachen,1439,15.222268,33919983.4379883,36629.681596406
1782,34281,34281 Gudensberg,9183,46.51043,118286618.032715,82825.8858847022
1783,34270,34270 Schauenburg,10027,30.845836,78787843.7666016,61760.4343067611
1784,34212,34212 Melsungen,13299,62.617135,158973262.785645,79256.1043858124
1785,23999,23999 Insel Poel,2566,34.814782,100547124.727539,83832.5959112751
1786,82491,82491 Grainau,3436,49.267008,107720399.193848,47148.9778418532
1787,87645,87645 Schwangau,3085,75.980714,166860228.82666,82607.0870022686
1788,87642,87642 Halblech,3427,125.204948,275410206.796387,103609.910471223
1789,87672,87672 Roßhaupten,2166,38.942873,85835422.3955078,66018.51079866
1790,87669,87669 Rieden am Forggensee,1221,13.155691,28955070.90625,38638.6675791822
1791,87659,87659 Hopferau,1106,13.036635,28675898.0336914,36483.7444129672
1792,87629,87629 Füssen,14315,43.571299,95749183.1118164,63634.8893601059
1793,87494,87494 Rückholz,788,17.230181,37978463.8999023,47430.2725459311
1794,87663,87663 Lengenwang,1389,19.633836,43333595.4785156,55842.0751340113
1795,87657,87657 Görisried,1287,23.414327,51680296.2133789,45493.9636555196
1796,87471,87471 Durach,6753,20.758022,45818305.1142578,50958.9314190735
1797,87477,87477 Sulzberg,4660,40.872906,90091939.1943359,57139.592799076
1798,87474,87474 Buchenberg,3919,58.151804,128419885.315918,84830.3729054197
1799,87448,87448 Waltenhofen,8876,59.741982,131632265.554199,82674.5984150847
1800,87480,87480 Weitnau,5043,65.244197,143789685.703125,79380.4055987334
1801,97256,97256 Geroldshausen,1268,10.440429,24928583.3442383,29820.5377893687
1802,97232,97232 Giebelstadt,5175,47.958892,114355677.833008,72512.4261471824
1803,97268,97268 Kirchheim,2152,18.969628,45243060.0092773,40435.9212538566
1804,97277,97277 Neubrunn,2207,26.503775,63391110.1494141,46673.3895973447
1805,97264,97264 Helmstadt,2609,22.793349,54595422.7734375,42518.5033021844
1806,97237,97237 Altertheim,2031,24.029625,57478097.0898438,37620.9776044341
1807,97950,97950 Großrinderfeld,4006,56.230268,134251710.112305,70981.2428358721
1808,97947,97947 Grünsfeld,3678,44.651257,106335456.878906,60284.1500134547
1809,97957,97957 Wittighausen,1686,33.38533,79488018.8457031,57514.9483317831
1810,97244,97244 Bütthard,1289,36.189564,86087779.8637695,67144.1275214784
1811,97999,97999 Igersheim,5589,41.782947,99140541.25,78150.6524194965
1812,97990,97990 Weikersheim,7356,80.889762,191580779.155762,92269.7431691017
1813,97283,97283 Riedenheim,766,23.962801,56930261.3120117,48647.8675324884
1814,97239,97239 Aub,1529,17.540468,41650794.2392578,39279.6086676657
1815,65627,65627 Elbtal,2362,11.104924,27436222.9790039,28877.8822393611
1816,65604,65604 Elz,8059,16.81511,41392846.8984375,38291.4706614985
1817,35799,35799 Merenberg,3322,23.074132,57032437.2280273,39426.7699719728
1818,97959,97959 Assamstadt,2092,17.224625,40708541.184082,32636.8776747006
1819,97944,97944 Boxberg,6753,101.601913,240720886.165039,89238.869820731
1820,65620,65620 Waldbrunn,5844,29.749149,73521424.7207031,48821.255256587
1821,65618,65618 Selters,8132,40.436261,99277253.9326172,65889.9788295508
1822,65614,65614 Beselich,5566,31.514226,77716948.4824219,51683.9331749425
1823,65611,65611 Brechen,6637,24.865021,61062362.2407227,49182.7544538092
1824,65606,65606 Villmar,6949,43.069651,105933509.525391,76461.6949200426
1825,65599,65599 Dornburg,8525,33.172731,81981168.5249023,52945.8676897857
1826,65594,65594 Runkel,9705,43.680294,107539296.928223,71720.4912179538
1827,65589,65589 Hadamar,12051,40.958411,101003575.042969,61964.8547026294
1828,35796,35796 Weinbach,4540,37.644674,92745020.9521484,70800.5186921321
1829,35794,35794 Mengerskirchen,5754,30.789366,76225133.5258789,56084.5582451938
1830,35792,35792 Löhnberg,4313,33.813719,83663738.769043,60356.6691282144
1831,35789,35789 Weilmünster,9063,77.363285,190502099.813965,91579.4608188817
1832,35781,35781 Weilburg,12715,57.468123,141871002.670898,79311.8175448218
1833,37176,37176 Nörten-Hardenberg,8145,54.154839,140451383.799805,86658.0086027794
1834,37154,37154 Northeim,29366,145.780504,379465232.57959,124596.802437158
1835,35469,35469 Allendorf,4181,22.036208,54855406.3364258,41629.4334676939
1836,35466,35466 Rabenau,5172,43.360904,107883798.841797,63625.1253339883
1837,35463,35463 Fernwald,6474,21.551693,53382534.9267578,41071.1693197705
1838,35460,35460 Staufenberg,8117,28.556475,71032732.1860352,40462.4562876664
1839,35457,35457 Lollar,9834,21.378008,53184618.3525391,48917.3086883379
1840,35452,35452 Heuchelheim,7247,10.567947,26203834.3413086,28158.6238195119
1841,35447,35447 Reiskirchen,10261,44.948559,111447817.511719,66010.4650629706
1842,35444,35444 Biebertal,10035,43.90411,109130473.70166,64147.0318540442
1843,35440,35440 Linden,12100,22.746443,56270345.4716797,41910.6732679413
1844,35435,35435 Wettenberg,12189,42.880962,106585067.567383,55052.1592101852
1845,35423,35423 Lich,13117,77.545579,191657695.429688,85903.4249544651
1846,35418,35418 Buseck,12764,38.584606,95794271.7407227,57975.3691707198
1847,35415,35415 Pohlheim,17375,37.96796,93858350.0678711,57267.8423727172
1848,35410,35410 Hungen,12515,86.71289,213951036.424805,87504.4248432158
1849,35321,35321 Laubach,9750,96.935858,239865836.08252,94463.9976000455
1850,35305,35305 Grünberg,13788,89.155786,221252404.368652,132796.318498127
1851,97249,97249 Eisingen,3436,5.307054,12712667.4555664,20178.5246154375
1852,97204,97204 Höchberg,9013,7.561838,18126026.5532227,29309.0989534217
1853,97297,97297 Waldbüttelbrunn,4850,19.138042,45891732.6708984,50711.2303865492
1854,97265,97265 Hettstadt,3725,13.982317,33553318.4467773,33982.0225537795
1855,35094,35094 Lahntal,6829,40.477253,101543633.564453,79573.4011568019
1856,97299,97299 Zell a. Main,4300,9.933054,23839635.1689453,31589.6988859185
1857,63679,63679 Schotten,10400,133.436456,329526035.797852,104484.116455767
1858,36399,36399 Freiensteinau,3248,65.613242,161668663.853027,80785.0812503691
1859,97259,97259 Greußenheim,1590,17.647586,42381076.2412109,33596.9885863055
1860,35719,35719 Angelburg,3491,16.724771,41864896.9775391,29373.0289355911
1861,35288,35288 Wohratal,2399,30.644987,77112749.578125,51055.5900366829
1862,35287,35287 Amöneburg,5107,43.930337,109791104.533203,61940.1208289936
1863,35282,35282 Rauschenberg,4484,67.267701,169104435.087402,124580.773145051
1864,35279,35279 Neustadt,8639,56.810298,142579737.28418,88220.8791551169
1865,35274,35274 Kirchhain,16216,90.779883,227518222.147949,106535.100284032
1866,35260,35260 Stadtallendorf,20735,78.022595,195480396.463867,111503.29293643
1867,35239,35239 Steffenberg,4155,24.281468,60841442.9213867,49543.3985408743
1868,35236,35236 Breidenbach,6983,44.7993,112449655.295898,55987.5920654253
1869,35767,35767 Breitscheid,4937,31.690047,78898278.3310547,52821.6720557737
1870,35764,35764 Sinn,6520,18.713961,46511212.059082,41942.7918956914
1871,35759,35759 Driedorf,5135,47.528954,118085241.785645,67863.623208822
1872,35756,35756 Mittenaar,4905,35.111525,87423871.9023438,54995.7150712886
1873,35753,35753 Greifenstein,6875,67.346077,167031180.18457,86891.0606876636
1874,97276,97276 Margetshöchheim,3163,6.650504,15980582.8261719,19028.8281990677
1875,97261,97261 Güntersleben,4304,16.046699,38618439.4858398,34236.312579661
1876,97250,97250 Erlabrunn,1680,4.012271,9649969.92724609,16275.0024841146
1877,97209,97209 Veitshöchheim,9692,10.783097,25915104.1479492,25920.0814205523
1878,97246,97246 Eibelstadt,2787,7.064128,16896012.6181641,19458.6473447164
1879,97288,97288 Theilheim,2374,9.681774,23190254.8237305,24732.0808001596
1880,97236,97236 Randersacker,3313,16.21415,38823752.4726563,45454.611248308
1881,97218,97218 Gerbrunn,6130,4.631005,11101645.5283203,18216.4149239837
1882,97228,97228 Rottendorf,5387,14.817341,35543120.4921875,34030.6223468459
1883,97247,97247 Eisenheim,1282,11.548574,27806192.050293,29569.8336958897
1884,97279,97279 Prosselsheim,1175,19.930556,47937174.6630859,41767.4078349665
1885,97273,97273 Kürnach,4469,12.322753,29614747.5102539,27317.809150611
1886,97230,97230 Estenfeld,4809,18.071664,43419192.4125977,43673.5583535903
1887,97294,97294 Unterpleichfeld,2788,23.862822,57433607.5810547,43765.1541502259
1888,97262,97262 Hausen b. Würzburg,2403,21.889839,52791735.8110352,43858.6504709528
1889,91085,91085 Weisendorf,6261,36.759576,87547340.9624023,63675.5704516348
1890,90617,90617 Puschendorf,2163,3.426103,8125893.13671875,15422.3980105196
1891,91239,91239 Henfenfeld,1869,6.608131,15650467.6225586,24309.2937842357
1892,91217,91217 Hersbruck,12240,22.886201,54220453.675293,51478.8448536817
1893,91247,91247 Vorra,1706,22.082019,52428012.7290039,50611.6194397744
1894,91241,91241 Kirchensittenbach,2053,43.21013,102638913.650879,74139.7625701899
1895,91245,91245 Simmelsdorf,3145,40.900871,97362323.265625,69673.2376618571
1896,91220,91220 Schnaittach,7897,49.292069,117141361.040039,114836.231048491
1897,90542,90542 Eckental,13987,29.708282,70612935.925293,72024.543179671
1898,91086,91086 Aurachtal,3021,18.370561,43667331.2412109,41688.4415502315
1899,91091,91091 Großenseebach,2326,7.120681,16956483.6640625,21813.5685275162
1900,91074,91074 Herzogenaurach,22222,47.643678,113204474.075684,72951.1025871103
1901,91093,91093 Heßdorf,3379,24.79688,59081902.0581055,57142.8490062355
1902,91341,91341 Röttenbach bei Erlangen,4563,7.770713,18537022.15625,32061.1424870787
1903,91334,91334 Hemhofen,5174,6.738994,16089028.2231445,23598.7694560094
1904,91350,91350 Gremsdorf,1499,12.926983,30858656.621582,30132.8325843914
1905,91325,91325 Adelsdorf,7301,31.695676,75738768.6835938,64230.5843175356
1906,91487,91487 Vestenbergsgreuth,1543,31.80117,75972602.0126953,49867.1795143405
1907,90513,90513 Zirndorf,24785,28.778451,68002137.3662109,60920.7853263948
1908,90522,90522 Oberasbach,17067,12.05051,28459328.6376953,33088.9017983496
1909,90547,90547 Stein,13507,19.530687,46081629.6152344,47470.1980871746
1910,90614,90614 Ammerndorf,2115,5.04919,11925608.8569336,24004.2920748875
1911,37186,37186 Moringen,7224,82.199666,213879341.218262,106938.802828401
1912,37589,37589 Kalefeld,6820,84.405588,220418919.719238,88665.1408662014
1913,37581,37581 Bad Gandersheim,10055,90.401304,237050977.70752,104491.733667563
1914,90579,90579 Langenzenn,10375,46.254164,109544614.526367,73392.2682303965
1915,91088,91088 Bubenreuth,4387,4.073424,9699256.97998047,22347.4260282903
1916,91083,91083 Baiersdorf,7345,11.792033,28116939.1069336,46601.4315628561
1917,91249,91249 Weigendorf,1219,12.55881,29743264.7543945,40536.5450054408
1918,90518,90518 Altdorf bei Nürnberg,15080,48.619142,114662126.357422,76715.0984102684
1919,90592,90592 Schwarzenbruck,8302,21.955495,51691288.9824219,65696.1131904981
1920,21382,21382 Brietlingen,3335,19.863067,55634948.0371094,49562.9772792895
1921,21365,21365 Adendorf,10126,16.086107,44950744.4726563,37934.7639819924
1922,22089,22089 Hamburg,19734,1.775989,5029187.49804688,11347.1768809246
1923,66649,66649 Oberthal,6164,23.611219,55995514.9130859,43428.0917502586
1924,37434,"37434 Gieboldehausen, Rhumequelle",14262,110.963375,287282542.015625,113562.872937791
1925,66640,66640 Namborn,7424,25.937364,61498642.0722656,40649.8063752938
1926,66629,66629 Freisen,8277,47.930298,113735461.771484,64644.9945072993
1927,66625,66625 Nohfelden,10277,101.752786,241802147.686523,103911.630094128
1928,66620,66620 Nonnweiler,8870,66.456149,157966050.789063,101173.236097275
1929,66687,66687 Wadern,16221,110.937782,263247262.669922,102961.847144523
1930,71404,71404 Korb,9858,12.016994,27741690.8442383,33467.7898296467
1931,73663,73663 Berglen,5921,26.487681,61174655.1586914,58047.5850510166
1932,66709,66709 Weiskirchen,6556,33.748693,80111456.453125,50537.9731112278
1933,66646,66646 Marpingen,10597,39.859522,94235733.0268555,60675.7802005916
1934,66636,66636 Tholey,12416,57.779974,136817978.28418,72308.862397478
1935,66839,66839 Schmelz,16455,58.609004,138535167.355957,83157.150619489
1936,66809,66809 Nalbach,9316,22.500112,53058273.0053711,37853.554758378
1937,66822,66822 Lebach,19511,64.224509,151684031.689941,91859.6130243053
1938,66793,66793 Saarwellingen,13358,41.674107,98136892.1347656,55834.008888073
1939,16515,"16515 Oranienburg, Mühlenbecker Land",43375,180.40978,491302456.474609,162781.367309279
1940,16359,16359 Biesenthal,5515,60.479974,164678796.99707,88909.2210071736
1941,16559,16559 Liebenwalde,4323,144.292743,394582910.188477,151802.956234647
1942,16798,16798 Fürstenberg,6178,214.386114,594455566.745117,182334.656861185
1943,66459,66459 Kirkel,10039,31.234197,73400721.253418,56330.8528397736
1944,66440,66440 Blieskastel,21247,108.328717,253736032.686523,118454.03101987
1945,66453,66453 Gersheim,6784,57.27092,133793882.942871,66706.3848955022
1946,66399,66399 Mandelbachtal,11146,57.772375,135160189.762695,75133.9811766841
1947,66386,66386 Sankt Ingbert,36653,49.912671,117177378.394043,61114.1257157561
1948,66280,66280 Sulzbach/Saar,16605,16.058006,37737212.503418,33378.1041918396
1949,66287,66287 Quierschied,13504,20.038464,47133600.5742188,37450.4553552554
1950,66265,66265 Heusweiler,18205,40.072242,94335363.8779297,58557.1433389792
1951,66292,66292 Riegelsberg,14793,14.66486,34473923.7973633,35643.3865787188
1952,66346,66346 Püttlingen,19175,23.925689,56207767.3286133,40984.5390268568
1953,30521,30521 Hannover,32,1.602057,4284512.71777344,9414.6784203844
1954,66773,66773 Schwalbach,17348,27.237606,64018761.7709961,44840.8687894095
1955,66806,66806 Ensdorf,6555,8.387217,19709312.8217773,21881.4885910455
1956,87493,87493 Lauben,3355,8.430044,18667616.644043,29037.0573083382
1957,29649,29649 Wietzendorf,4104,107.481036,295436484.999023,87589.3023455652
1958,21435,21435 Stelle,10856,38.661664,108522771.495605,53852.2864987105
1959,18565,18565 Hiddensee,994,18.164695,53826448.4101563,107110.604021095
1960,18225,18225 Kühlungsborn,7357,16.184994,47063818.6503906,35494.5706740297
1961,18196,18196 Dummerstorf,7086,120.340104,347691512.321289,104120.304804425
1962,18190,18190 Sanitz,5725,82.426326,238770637.77832,95943.883935704
1963,16244,16244 Schorfheide,9833,236.228026,647324445.125,238147.906327662
1964,87700,87700 Memmingen,41278,70.025723,156260404.899414,97597.9723432246
1965,87600,87600 Kaufbeuren,41590,40.911588,90932232.9311523,60349.6259599621
1966,66352,66352 Großrosseln,8349,25.279289,59118888.2348633,35201.1361453708
1967,66333,66333 Völklingen,38818,67.018829,156971339.047363,83417.5237749884
1968,66787,66787 Wadgassen,17942,25.913097,60758783.2099609,41157.2029943498
1969,66802,66802 Überherrn,11663,34.132598,80069348.8100586,52751.9019800145
1970,66798,66798 Wallerfangen,9490,42.221962,99279710.2861328,59596.6823401135
1971,66740,66740 Saarlouis,34553,43.544596,102361074.654297,70406.7762135419
1972,66763,66763 Dillingen/Saar,20259,21.827505,51423657.1503906,36881.1915163529
1973,66780,66780 Rehlingen-Siersburg,14560,61.5517,145049649.516113,79887.946953711
1974,66693,66693 Mettlach,12210,78.241802,185329289.391113,105112.202897145
1975,66706,66706 Perl,7791,75.411124,178628805.923828,77619.0005714969
1976,39124,39124 Magdeburg,13700,4.581078,12151603.9638672,16312.2323032079
1977,98596,98596 Brotterode-Trusetal,6568,49.640001,124197302.414551,69036.7807675948
1978,98593,98593 Floh-Seligenthal,6326,68.626964,171510836.530273,76372.3940533227
1979,39288,39288 Burg,23188,165.409352,441206230.293945,120204.671950824
1980,39171,39171 Sülzetal,9243,104.311865,274960534.346191,81571.7792883126
1981,88367,88367 Hohentengen,4139,36.588752,81800676.4155273,54644.1703294847
1982,74582,74582 Gerabronn,4239,40.281321,94491221.6542969,77940.5605813787
1983,74585,74585 Rot am See,5282,74.921964,175887348.300781,128983.636503229
1984,24989,24989 Dollerup,1046,13.148856,39477737.8779297,42571.6499789958
1985,24837,24837 Schleswig,23684,24.947109,73946707.4560547,52183.7245346691
1986,24817,24817 Tetenhusen,949,23.034071,67735236.6010742,49572.0107790795
1987,24409,24409 Stoltebüll,808,16.235044,48529368.9018555,37062.5309666973
1988,39118,39118 Magdeburg,14555,4.585283,12127371.3964844,19359.2239480576
1989,39114,39114 Magdeburg,20577,60.533596,160183584.494141,90602.6592412208
1990,37170,37170 Uslar,14832,154.075364,400160714.856445,133334.739637147
1991,24955,24955 Harrislee,10914,18.286264,54985580.4223633,40149.8062622978
1992,24893,24893 Taarstedt,906,14.192912,42175232.4243164,32041.7589263607
1993,24863,24863 Börm und Barkhorn,785,23.979636,70673448.9916992,43794.3662148089
1994,24861,24861 Bergenhusen,742,19.00821,55947523.9643555,50170.4452502192
1995,26909,"26909 Neubörger, Neulehe",2301,30.072357,82842041.9536133,62388.8321165189
1996,30419,30419 Hannover,40538,23.771402,63828564.1308594,58559.9894579033
1997,63925,63925 Laudenbach,1420,4.922493,11781742.4501953,16817.6188801833
1998,63911,63911 Klingenberg a. Main,6124,21.126839,50618535.6000977,42117.6287027431
1999,23946,23946 Boltenhagen,2488,21.008558,60646136.2050781,56311.5964340287
2000,23717,23717 Kasseedorf,1483,34.584867,100743949.297363,58238.8242729842
2001,23715,23715 Bosau,3498,64.334248,186770152.301758,79078.773633242
2002,88131,88131 Lindau (Bodensee),27415,36.080118,79294351.3349609,66731.9500052312
2003,63863,63863 Eschau,3837,38.056647,91432755.8198242,52504.421301669
2004,63920,63920 Großheubach,5084,18.953476,45359024.6982422,36102.1932383606
2005,97877,97877 Wertheim,22576,138.515972,331590458.459473,140847.860403098
2006,97904,97904 Dorfprozelten,1814,11.331155,27179510.3876953,28519.5889608524
2007,63939,63939 Wörth a.Main,4750,15.881554,38080284.9243164,33020.9429825473
2008,63906,63906 Erlenbach a.Main,9914,16.235623,38969169.59375,36526.8541426383
2009,63933,63933 Mönchberg,2558,24.209692,58073381.7680664,44428.360159933
2010,18273,18273 Güstrow,28907,71.115245,203320544.050781,93571.9829592513
2011,17328,"17328 Penkun, Schuckmannshöhe",2056,82.389116,229681827.149414,75089.5726785838
2012,17326,17326 Brüssow,2025,102.080213,285824158.657227,82334.604778864
2013,14624,14624 Dallgow-Döberitz,8635,66.444576,178891526.503906,74817.6693491493
2014,14558,14558 Nuthetal,8601,47.87301,127738652.769531,89181.5983630796
2015,23617,23617 Stockelsdorf,16493,56.900017,163893301.617188,71593.6291738198
2016,22969,22969 Witzhave,1389,7.899771,22374242.1279297,25532.2507675022
2017,21765,21765 Nordleda,1121,21.244655,60735697.8164063,36075.9246811575
2018,09355,09355 Gersdorf,4170,9.701747,24191137.8066406,22359.0487803035
2019,09353,09353 Oberlungwitz,6277,14.676194,36638120.8164063,34106.8590892687
2020,53426,"53426 Schalkenbach, Königsfeld, Dedenbach",1948,25.20355,62204595.8735352,34338.7560886183
2021,49824,"49824 Ringe, Laar, Emlichheim",11512,135.051227,365766689.166504,93984.5882606184
2022,49757,"49757 Werlte, Vrees, Lahn",11980,122.637635,336027137.601563,103578.529314934
2023,09350,09350 Lichtenstein,12403,15.520075,38684457.5917969,38238.2649828832
2024,09243,09243 Niederfrohna,2259,10.143506,25431871.4658203,26289.7288819183
2025,09232,09232 Hartmannsdorf,4521,10.223696,25625377.3720703,29083.9789651286
2026,06774,06774 Muldestausee,12097,138.535314,359009668.995117,134922.606501382
2027,04749,04749 Jahnatal,5338,71.103898,180544637.299805,93193.8006269349
2028,04746,04746 Hartha,7795,54.578278,138142432.084961,89802.7004665331
2029,04741,04741 Roßwein,7964,44.143589,111537499.972656,68613.7318230672
2030,40221,40221 Düsseldorf,11009,11.575785,29450546.0488281,32019.1665302326
2031,40219,40219 Düsseldorf,10449,0.825272,2100544.84472656,9221.29634646978
2032,40225,40225 Düsseldorf,13238,4.576253,11639638.78125,16756.0400085477
2033,40223,40223 Düsseldorf,21393,3.39868,8644384.59521484,26531.9376891388
2034,63840,63840 Hausen,1883,8.047069,19368126.6767578,23398.7296387965
2035,63839,63839 Kleinwallstadt,5736,15.762699,37930088.6796875,34698.8949311302
2036,63834,63834 Sulzbach am Main,6929,19.931852,48054520.1137695,47644.8960568656
2037,63868,63868 Großwallstadt,4107,13.989006,33668964.3540039,25751.595698931
2038,63843,63843 Niedernberg,4917,15.599337,37596825.5859375,36411.3370176731
2039,40217,40217 Düsseldorf,8335,0.766819,1951698.78369141,9048.90807866432
2040,63768,63768 Hösbach,13279,30.592237,74060949.5449219,55141.3426718885
2041,63785,63785 Obernburg a.Main,8584,24.862108,59726540.581543,37284.5851370245
2042,63853,63853 Mömlingen,4903,18.477493,44443964.9272461,39756.6088871496
2043,63811,63811 Stockstadt am Main,7512,18.855547,45572073.1166992,39235.4412873277
2044,63829,63829 Krombach,2205,10.64458,25841529.8925781,28021.2226953884
2045,63776,63776 Mömbris,11934,35.852616,86973587.0913086,62646.1838487246
2046,63867,63867 Johannesberg,3857,13.555458,32835560.7749023,38789.8025600763
2047,63814,63814 Mainaschaff,8505,7.522654,18194505.9399414,33119.440060158
2048,63801,63801 Kleinostheim,8139,13.582452,32883576.8930664,37818.4508686254
2049,63533,63533 Mainhausen,8978,17.910555,43351279.0522461,37766.6119656585
2050,63791,63791 Karlstein am Main,8023,12.648492,30658831.4023438,43736.5597553532
2051,63500,63500 Seligenstadt,20059,30.823863,74677652.3432617,52737.9559154475
2052,63512,63512 Hainburg,13803,15.799363,38335150.3896484,39324.7451483651
2053,63538,63538 Großkrotzenburg,7284,7.459944,18112668.5317383,24764.5607150189
2054,63796,63796 Kahl am Main,7502,10.611545,25764915.0454102,26923.2998491721
2055,63755,63755 Alzenau,18675,59.330758,144051561.696289,57032.6901120207
2056,63517,63517 Rodenbach,11122,16.723483,40691499.3417969,31709.6525734299
2057,27729,"27729 Hambergen, Holste u.a.",11913,135.176112,378659934.35498,99369.1339551342
2058,27628,27628 Hagen,11173,195.184451,547124029.991699,142000.166097204
2059,27419,27419 Sittensen u.a.,10956,138.922173,388581341.743164,100402.184650644
2060,27412,"27412 Tarmstedt, Breddorf u.a.",10845,183.329605,511240454.486816,134326.141168825
2061,34388,34388 Trendelburg,5241,118.768885,307413772.535645,126138.720245502
2062,34399,34399 Wesertal,5426,52.631592,136291344.663574,91942.0706223233
2063,23570,23570 Lübeck,13807,34.925242,100660765.663574,76286.4785267129
2064,23569,23569 Lübeck,17528,30.311274,87234583.6162109,58811.3220496807
2065,38312,"38312 Dorstadt, Flöthe, Börßum u.a.",6938,89.506511,236788298.700684,98502.1492505387
2066,38173,"38173 Sickte, Dettum u.a.",10284,82.354254,218954674.030273,87006.912689136
2067,37136,"37136 Seulingen, Waake u.a.",7386,68.31672,176576670.144531,91727.7891499525
2068,14789,"14789 Wusterwitz, Rosenau, Bensdorf",5367,107.990562,289050156.170898,98838.1110630433
2069,23629,23629 Sarkwitz,352,6.155528,17781517.6191406,18400.9575787682
2070,06796,06796 Sandersdorf-Brehna,2741,19.26959,49759715.1318359,39062.228077759
2071,06792,06792 Sandersdorf-Brehna,8866,24.178274,62597473.4980469,45555.3161643838
2072,16303,16303 Schwedt,36610,361.496813,998326632.894531,178761.816476212
2073,15324,15324 Letschin,4356,142.73138,386491915.819336,122222.584103209
2074,16341,16341 Panketal,18884,25.873167,70041456.2597656,53135.8824757483
2075,15374,15374 Müncheberg,6893,152.507776,410196032.045898,132636.412695242
2076,15344,15344 Strausberg,25565,68.073583,183577062.605469,94536.6418640695
2077,40239,40239 Düsseldorf,12227,1.186886,3025017.98144531,8809.04816191252
2078,40878,40878 Ratingen,21487,5.081442,12979640.6665039,20586.3923135412
2079,40237,40237 Düsseldorf,14871,1.850144,4714013.91503906,12635.9589287455
2080,40235,40235 Düsseldorf,17101,2.622098,6679230.02685547,15670.9061166687
2081,40233,40233 Düsseldorf,16740,2.126475,5414584.77392578,16341.1444120821
2082,40231,40231 Düsseldorf,18293,3.305237,8412533.52587891,13993.9230676409
2083,40227,40227 Düsseldorf,25521,2.157949,5492553.38671875,12454.5453992716
2084,40215,40215 Düsseldorf,15171,0.793106,2018769.09375,9186.60798275849
2085,27498,27498 Helgoland,1407,1.72151,5019812.99072266,36326.6318312457
2086,79194,"79194 Gundelfingen, Heuweiler",12073,16.680088,37305964.0239258,29436.3762917953
2087,27389,"27389 Fintel, Lauenbrück u.a.",7388,122.028778,339722071.161133,109738.341802167
2088,27386,"27386 Bothel, Kirchwalsede u.a.",8301,148.636641,411087700.705078,131246.676588592
2089,27367,"27367 Sottrum, Reeßum, Bötersen u.a.",14320,172.880182,479204182.53418,157356.818794842
2090,26529,"26529 Upgant-Schott, Osteel u.a.",13071,77.347932,218438022.249512,87739.0460776006
2091,45891,45891 Gelsenkirchen,26414,7.86545,20324747.3696289,22226.0344446923
2092,45886,45886 Gelsenkirchen,19053,6.243982,16092805.6298828,19517.0551716441
2093,63579,63579 Freigericht,14425,33.431355,81334190.0629883,59409.4026338465
2094,64832,64832 Babenhausen,15603,66.797524,161324793.702148,66312.9689711645
2095,63179,63179 Obertshausen,23816,13.61075,33028463.9677734,37113.889242879
2096,97074,97074 Würzburg,17124,8.064773,19336254.7822266,23862.7979654222
2097,22559,22559 Hamburg,14638,16.467148,46677049.3730469,47767.8957940671
2098,45884,45884 Gelsenkirchen Rotthausen,13622,3.582878,9231761.92138672,14740.7763871627
2099,40213,40213 Düsseldorf,4332,1.192684,3037147.18652344,9719.88963773386
2100,67718,67718 Schmalenberg,777,9.541396,22459014.3813477,24166.1466762389
2101,67707,67707 Schopp,1428,11.521036,27140186.8310547,26055.4129313703
2102,09430,09430 Drebach,5647,32.93688,81853344.0039063,60731.2668486989
2103,72827,72827 Wannweil,5092,5.322493,12128614.4526367,16858.1435075895
2104,67706,67706 Krickenbach,1196,10.070064,23735514.8510742,24987.1834679153
2105,94160,94160 Ringelai,1981,16.367844,37639785.203125,34785.5156828918
2106,67686,67686 Mackenbach,1986,3.529072,8354280.45214844,14959.4309839039
2107,67700,67700 Niederkirchen,1947,22.908766,54448153.0859375,41205.7587391829
2108,67701,67701 Schallodenbach,869,7.360787,17477139.8916016,22665.9203107269
2109,37574,"37574 Einbeck, Kreiensen",32230,230.780349,603552316.748047,143565.856352442
2110,67735,67735 Mehlbach,1113,9.018513,21393345.1005859,23476.3235377245
2111,67697,67697 Otterberg,5156,32.809234,77788164.8198242,46541.3376505512
2112,67677,67677 Enkenbach-Alsenborn,6849,30.684674,72697241.1264648,56149.6031715004
2113,56323,"56323 Waldesch, Hünenfeld",2294,7.702046,18842540.6416016,22724.2613197673
2114,56154,56154 Boppard,15455,74.99572,183014870.109863,99972.7388067941
2115,56736,56736 Kottenheim,2719,6.426929,15769776.4213867,17777.862875351
2116,56330,56330 Kobern-Gondorf,3272,27.488178,67357804.2910156,55788.05099235
2117,65597,65597 Hünfelden,9801,62.633581,153543427.320313,70272.4670345555
2118,40212,40212 Düsseldorf,543,0.428669,1091573.33251953,8487.23929961769
2119,40229,40229 Düsseldorf,20746,4.301688,10941726.4990234,21931.9694190252
2120,73660,73660 Urbach,8631,16.415865,37866825.9570313,35977.6326708279
2121,73667,73667 Kaisersbach,2435,27.005203,62533431.8041992,55656.3155100983
2122,73655,"73655 Plüderhausen, 73655 Urbach, 73655 Alfdorf",9314,29.373516,67710630.7255859,53419.1345512433
2123,73642,73642 Welzheim,11011,38.306296,88554046.7768555,74482.5933970637
2124,73565,73565 Spraitbach,3297,11.555823,26719380.4384766,33881.4968799655
2125,73553,"73553 Alfdorf, Schillinghof",7214,68.487535,158205006.502441,82837.3267360782
2126,40591,40591 Düsseldorf,24899,4.768419,12124976.4379883,22773.9140883251
2127,16766,16766 Kremmen,7162,207.968711,566989272.75293,187757.454749279
2128,40210,40210 Düsseldorf,5029,0.643137,1637533.46044922,8388.70871765072
2129,28790,28790 Schwanewede,19648,131.953681,368180624.958008,137498.864247508
2130,87459,87459 Pfronten,7968,62.243727,136724929.02832,53846.4964809716
2131,40211,40211 Düsseldorf,10525,0.920626,2344870.96630859,11302.8649408206
2132,65307,65307 Bad Schwalbach,10396,40.140659,97648920.6191406,63722.1213567109
2133,65388,65388 Schlangenbad,6040,36.48345,88617247.1777344,82649.3222648736
2134,40479,40479 Düsseldorf,9583,1.037995,2644285.46875,10518.1236419963
2135,40477,40477 Düsseldorf,15854,1.143888,2914801.30712891,11035.2678364896
2136,22047,22047 Hamburg,16747,3.315969,9399036.25537109,18519.3627373454
2137,22041,22041 Hamburg,14620,3.005444,8513738.89208984,19115.5845749473
2138,30851,30851 Langenhagen,15859,4.129659,11098337.8740234,19038.0929670465
2139,22049,22049 Hamburg,21955,2.214692,6276945.20751953,15088.7371059268
2140,22305,22305 Hamburg,13746,1.789763,5073168.96875,14334.0789015401
2141,53572,"53572 Bruchhausen, Unkel",5957,10.766787,26708454.8427734,42220.2476467446
2142,53567,"53567 Asbach, Buchholz",11623,59.083737,146980951.099121,71860.1484063257
2143,77709,"77709 Wolfach, Oberwolfach",8542,119.157697,269479708.489258,88983.9340776428
2144,22309,22309 Hamburg,22569,2.84169,8063352.67773438,17717.6863837579
2145,22307,22307 Hamburg,19125,1.793871,5087189.67724609,15930.6894629027
2146,40476,40476 Düsseldorf,22161,2.124894,5416584.82373047,13733.0523385077
2147,40468,40468 Düsseldorf,21017,6.567814,16755833.2109375,22781.3819915643
2148,40474,40474 Düsseldorf - Golzheim - Lohausen - Stockum,13514,20.600216,52572019.6933594,45671.4583204562
2149,31711,31711 Luhden,1094,4.005705,10668442.6240234,17761.6321070134
2150,40472,40472 Düsseldorf,24765,11.985446,30581713.8164063,35161.1347725709
2151,71720,71720 Oberstenfeld,7847,25.57887,59498206.9296875,45562.7217236688
2152,06198,06198 Salzatal,12122,110.017524,283847167.505371,121487.913941594
2153,06193,06193 Petersberg,20750,230.964471,597520924.272461,160355.896846431
2154,25718,25718 Friedrichskoog,2556,51.892837,150043062.211914,81915.7958735973
2155,30982,30982 Pattensen,13750,66.920741,178284527.813965,104797.456414364
2156,25845,"25845 Nordstrand, Elisabeth-Sophien-Koog, Südfall",2340,61.160821,181119661.060059,72723.4025262928
2157,42781,42781 Haan,29640,24.213856,61624226.3623047,55859.3271397874
2158,25859,25859 Hallig Hooge,114,5.76825,17138330.578125,23801.1640444685
2159,24976,24976 Handewitt,4323,13.592205,40728270.1865234,29701.1468789209
2160,88048,88048 Friedrichshafen,19007,49.051568,108303370.070801,82742.5893174573
2161,25869,"25869 Habel, Gröde",14,2.088607,6226022.58789063,18129.4404978379
2162,04736,04736 Waldheim,9403,41.511853,104882703.677734,58915.0118432243
2163,04703,04703 Leisnig,8898,78.18086,198420599.897461,88549.0375086802
2164,52538,"52538 Gangelt, Selfkant",21390,90.833003,229072358.611816,91942.8839737497
2165,52525,"52525 Waldfeucht, Heinsberg",49737,122.51625,309569701.902832,93566.8379072066
2166,49770,"49770 Herzlake, Dohren",5436,75.155548,204085717.256836,67189.2551629162
2167,49586,"49586 Merzen, Neuenkirchen",8467,111.127854,298772670.206055,99088.9442437721
2168,22119,22119 Hamburg,28977,5.473822,15492128.1420898,20429.6017229018
2169,77886,77886 Lauf,3826,14.093879,32268356.0009766,31022.885724647
2170,77887,77887 Sasbachwalden,2341,16.935352,38739554.0849609,36591.6236813732
2171,77880,77880 Sasbach,5352,9.157322,20968326.078125,27264.3009273134
2172,77855,77855 Achern (Abweichung Exklaven),24535,70.376593,161112905.556641,87261.5560722446
2173,77830,77830 Bühlertal,7968,19.186191,44009305.3217773,51320.7066512568
2174,77815,77815 Bühl,28555,83.845401,192326394.515137,168616.49350197
2175,79685,79685 Häg-Ehrsberg,869,26.73555,59113850.7104492,41630.3405501152
2176,79674,79674 Todtnau,4788,74.206611,164635900.372559,82070.5835836923
2177,87734,87734 Benningen,2056,9.146943,20400969.7871094,23192.1158154517
2178,22081,22081 Hamburg,13124,1.678475,4754805.015625,11307.2451228406
2179,22419,22419 Hamburg,14865,4.808175,13679029.2851563,18061.8108228015
2180,22083,22083 Hamburg,17977,1.634229,4630253.68408203,10791.2902451874
2181,29471,29471 Gartow,1359,64.963339,179156432.980469,87183.0497635479
2182,22297,22297 Hamburg,15444,4.584998,13007877.5322266,20570.4550183286
2183,22303,22303 Hamburg,18319,3.174076,8998279.71923828,17628.0072115188
2184,22299,22299 Hamburg,14218,1.297839,3679888.74462891,10494.5436162304
2185,22301,22301 Hamburg,10827,1.278899,3624277.81152344,10991.985933695
2186,22085,22085 Hamburg,11889,1.516969,4296826.16162109,10500.9954684428
2187,22087,22087 Hamburg,12136,1.57003,4445073.16259766,11261.7988288651
2188,72124,72124 Pliezhausen,9298,18.14613,41435233.5966797,42153.7961745696
2189,72138,72138 Kirchentellinsfurt,5511,10.950304,24981467.4663086,29132.5358801305
2190,72127,72127 Kusterdingen,8086,22.653224,51593809.4487305,44240.6615702807
2191,73111,73111 Lauterstein,2620,22.438416,51544019.2070313,66694.6010929586
2192,91315,91315 Höchstadt a.d.Aisch,13142,71.289425,170393359.508789,127321.832849136
2193,73113,73113 Ottenbach,2357,11.26083,25882361.9140625,29747.2542477579
2194,73550,73550 Waldstetten,7083,20.365255,46835718.6938477,48934.2355924493
2195,22523,22523 Hamburg,25436,6.45387,18315746.8442383,21885.2912415854
2196,22527,22527 Hamburg,16778,4.64443,13171279.5981445,32358.6408730407
2197,22547,22547 Hamburg,24283,4.351458,12340641.6469727,23839.6601435247
2198,22525,22525 Hamburg,14169,8.683636,24610409.7871094,34394.5130429698
2199,20257,20257 Hamburg,14409,0.704028,1994386.02783203,10264.6198813672
2200,76547,76547 Sinzheim,10787,27.66373,63650205.6894531,51886.9703386175
2201,76571,76571 Gaggenau,28672,65.644739,151384850.749023,80824.8636967031
2202,63875,63875 Mespelbrunn,2208,15.973578,38517627.7983398,29749.5665595709
2203,38690,38690 Goslar,10767,70.997938,186723811.543945,106276.20765396
2204,56133,"56133 Fachbach, Exklave Lahnstein",1276,4.88289,11981841.9790039,18660.7105785266
2205,40545,40545 Düsseldorf,12697,2.752889,7011340.57275391,13077.7336805168
2206,56112,56112 Lahnstein,17778,21.032396,51523742.4633789,36032.9893891982
2207,74653,"74653 Künzelsau, Ingelfingen",20220,121.610979,285843994.565918,117890.906334768
2208,72525,72525 Münsingen,14026,181.461015,411726761.19873,143274.512516732
2209,91284,91284 Neuhaus a.d.Pegnitz,2875,21.567323,51361139.4375,105305.281909458
2210,36396,36396 Steinau an der Straße,10592,143.677518,352286261.51709,139158.766320901
2211,36391,36391 Sinntal,9115,113.94115,279114317.16748,107942.412251247
2212,71737,71737 Kirchberg,3586,13.082641,30327767.9975586,31670.7580626671
2213,71729,71729 Erdmannhausen,4749,7.836954,18160002.6259766,20520.727119057
2214,20259,20259 Hamburg,12541,0.904718,2562476.56982422,12651.61839881
2215,71711,"71711 Steinheim, Murr",18109,31.349393,72753197.3769531,56381.3348448104
2216,71543,"71543 Wüstenrot, Beilstein-Stocksberg",6635,32.67402,76177061.8657227,75458.3589494153
2217,71686,71686 Remseck am Neckar,23086,22.778602,52657887.2348633,46230.4869505753
2218,20255,20255 Hamburg,13770,0.703132,1992187.08984375,9094.24963907829
2219,22529,22529 Hamburg,22812,4.952236,14042881.6386719,27219.8839536216
2220,79540,79540 Lörrach,14224,4.628819,10180341.8666992,16405.2674405261
2221,63831,"63831 Wiesen, Wiesener Forst",1059,25.83971,62798443.8681641,35883.6479216287
2222,79677,79677 Schönau im Schwarzwald,4354,55.267103,122424979.529297,70496.5424834459
2223,22607,22607 Hamburg,16502,4.316004,12222828.753418,20023.1239758772
2224,63877,63877 Sailauf,3560,21.523584,52153825.1206055,46093.6980566326
2225,95706,95706 Schirnding,1327,16.528227,40055093.3369141,45285.3583927376
2226,95158,95158 Kirchenlamitz,3440,48.392287,117696062.433105,69666.5050761856
2227,95680,95680 Bad Alexandersbad,1124,8.998309,21756334.5522461,26770.1677804875
2228,95195,95195 Röslau,2271,29.904826,72515841.3964844,53773.5363949619
2229,63871,63871 Heinrichsthal,862,7.856423,19059140.3706055,24771.7280888462
2230,95186,95186 Höchstädt,1170,14.949194,36268809.7402344,37121.4953083976
2231,95707,95707 Thiersheim,1912,24.414486,59174358.0073242,48004.4228635263
2232,95163,95163 Weißenstadt,3361,50.594039,122784193.162598,68620.8429546052
2233,95199,95199 Thierstein,1199,21.018126,51041162.6166992,48959.6347998456
2234,97295,"97295 Waldbrunn, Irtenberger Wald",2605,11.11401,26623062.9477539,24826.5924530617
2235,95691,95691 Hohenberg a.d. Eger,1474,15.661228,38003701.1430664,41920.6524348109
2236,95709,95709 Tröstau,2470,46.428187,112337994.688965,66577.1632175086
2237,95168,95168 Marktleuthen,3274,35.465701,86145541.0488281,63301.5018492155
2238,97271,97271 Kleinrinderfeld,2052,8.597411,20545867.4472656,35398.6016834401
2239,35398,35398 Gießen,16389,22.613412,56006071.7661133,53706.2321408717
2240,21391,"21391 Reppenstedt, Lüneburg",7198,14.888359,41543747.7949219,43862.0249450128
2241,21360,21360 Vögelsen,2247,8.278164,23128745.300293,28960.3263553194
2242,35041,35041 Marburg,13995,50.313435,125991464.177734,70427.5600745449
2243,95478,95478 Kemnath,5302,56.913776,136753188.267578,89925.5769198459
2244,95688,95688 Friedenfels,1287,16.325071,39271098.4443359,32684.0715540403
2245,22761,22761 Hamburg,18409,3.719968,10534291.9716797,26303.1933244816
2246,95679,95679 Waldershof,4434,60.42184,145722974.458984,101141.224165086
2247,95704,95704 Pullenreuth,1809,43.292453,104269072.641113,73337.7881103964
2248,95666,95666 Mitterteich,7968,90.762327,218793580.150391,95667.7013134269
2249,95689,95689 Fuchsmühl,1671,14.796138,35637964.597168,28370.5870105617
2250,95683,95683 Ebnath,1337,11.064579,26689072.8417969,47983.9629691161
2251,95671,95671 Bärnau,3320,74.459957,178478756.772461,83870.5214542272
2252,95701,95701 Pechbrunn,1397,26.437005,63799880.1474609,48111.7195957987
2253,95652,95652 Waldsassen,6946,66.526246,160832979.5625,83629.1789884012
2254,95508,95508 Kulmain,2344,35.502294,85500033.6801758,76151.1307336694
2255,95685,95685 Falkenberg,974,39.276712,94335407.6289063,79722.6125708083
2256,95703,95703 Plößberg,3354,74.325433,178120841.655762,94483.9367069191
2257,95698,95698 Neualbenreuth,1427,50.160665,121010658.678711,66123.8143709263
2258,95695,95695 Mähring,1849,72.981746,175517146.655273,77290.7516346061
2259,22769,22769 Hamburg,16433,1.564064,4428822.79003906,14522.9065255211
2260,95505,95505 Immenreuth,1879,26.422494,63667897.0888672,62624.3430131889
2261,95682,95682 Brand,1196,10.296542,24843884.2104492,29909.2032230857
2262,95700,95700 Neusorg,1940,17.793323,42897218.6411133,58860.9230444747
2263,95643,95643 Tirschenreuth,9171,104.048021,250209939.635254,141342.612500059
2264,95506,95506 Kastl,1417,24.574925,58965438.2197266,46489.8458019509
2265,95676,95676 Wiesau,4140,42.79209,103002387.265625,74552.7344461374
2266,95692,95692 Konnersreuth,1888,23.441652,56654769.5102539,47515.3693467972
2267,94530,94530 Auerbach,2071,24.14777,55548578.2470703,46226.3231524481
2268,94143,94143 Grainet,2392,42.817793,98390319.2285156,63039.2444430588
2269,22767,22767 Hamburg,27239,2.581647,7304737.74755859,16330.3342419969
2270,92542,92542 Dieterskirchen,1013,24.125374,56882997.3710938,58390.9839768004
2271,92436,92436 Bruck i.d. OPf.,4266,52.491502,122981584.296387,74943.4514039112
2272,92551,92551 Stulln,1684,15.524687,36634019.4545898,40814.7155685293
2273,92449,92449 Steinberg,1867,20.244121,47483294.7265625,39139.8143630999
2274,92540,92540 Altendorf,963,23.221044,54784092.2749023,59241.7293643522
2275,92431,92431 Neunburg vorm Wald,8006,110.374411,259603400.258301,149383.43419019
2276,92545,92545 Niedermurach,1266,30.029667,70917355.6015625,53954.1327543188
2277,92442,92442 Wackersdorf,5029,33.726499,79239609.5039063,64512.8037544701
2278,92447,92447 Schwarzhofen,1488,35.899633,84578992.9501953,71357.0184051292
2279,92554,92554 Thanstein,1015,27.841392,65597365.2568359,52391.8694894182
2280,92521,92521 Schwarzenfeld,6272,38.228327,90042251.890625,86864.5712570327
2281,92543,92543 Guteneck,899,35.0523,82831467.8203125,65432.3325603959
2282,92439,92439 Bodenwöhr,4195,54.335332,127551236.105957,80927.7163916846
2283,92548,92548 Schwarzach b. Nabburg,1517,27.348049,64468451.4853516,67020.4089485957
2284,92552,92552 Teunz,1907,30.670413,72592168.3481445,61512.6999298636
2285,92507,92507 Nabburg,6184,62.405437,147454533.754883,94014.9423062218
2286,92557,92557 Weiding,538,22.42942,53037761.5058594,43734.42817853
2287,92533,92533 Wernberg-Köblitz,5662,66.236173,157061870.196777,94943.1651591444
2288,22765,22765 Hamburg,24286,2.193002,6206629.92675781,14603.2415212217
2289,73569,"73569 Eschach, Obergröningen",2228,26.158728,60515729.0571289,61466.3091920603
2290,92546,92546 Schmidgaden,2895,41.301754,97578071.9008789,68550.4455867844
2291,92444,92444 Rötz,3388,66.707579,156921984.64502,81236.3887905614
2292,92555,92555 Trausnitz,982,17.603394,41717434.7626953,44315.8744218079
2293,30559,30559 Hannover,21419,19.489658,52212021.078125,48574.9451324016
2294,92526,92526 Oberviechtach,4958,62.411725,147616702.86084,95121.1523104064
2295,92539,92539 Schönsee,2591,50.352278,119221100.774414,79676.7874679578
2296,92421,92421 Schwandorf,27565,130.500115,306665673.771973,148287.268615534
2297,92286,92286 Rieden,2812,32.284991,75850663.6132813,57455.0879445171
2298,92242,92242 Hirschau,5917,74.931935,177784335.660156,112267.431733044
2299,92274,92274 Gebenbach,895,18.197525,43171127.1899414,42194.9549796183
2300,92268,92268 Etzelwang,1385,21.669842,51392816.1376953,50302.4851983282
2301,92263,92263 Ebermannsdorf,2434,45.188234,106481059.525391,76640.3327605666
2302,92287,92287 Schmidmühlen,2347,25.478949,59763917.6801758,62097.9001193384
2303,92259,92259 Neukirchen b. Sulzbach-Rosenberg,2631,45.789703,108580830.758301,99788.484893191
2304,92281,92281 Königstein,1753,35.17928,83687559.1923828,76259.4478014898
2305,92224,92224 Amberg,41938,50.172854,118564359.723145,75682.9942813423
2306,92271,92271 Freihung,2618,46.495907,110580246.35498,73089.4184598324
2307,92260,92260 Ammerthal,2137,10.897691,25748380.1621094,34628.9573868789
2308,30539,30539 Hannover,19961,19.216236,51403539.3100586,38222.9482562806
2309,92284,92284 Poppenricht,3342,11.615947,27482264.2275391,39251.8534312685
2310,92253,92253 Schnaittenbach,4276,63.427639,150392344.315918,91214.753428895
2311,92278,92278 Illschwang,2025,54.201666,128116455.664551,75918.2163156127
2312,92266,92266 Ensdorf,2234,59.12773,139160016.562988,77098.7352238759
2313,92256,92256 Hahnbach,5003,67.341738,159702819.287109,85411.9283952757
2314,92280,92280 Kastl,2445,64.853001,152739701.663086,98039.4979506159
2315,30519,30519 Hannover,31373,12.115243,32419943.7851563,28953.5617214532
2316,92245,92245 Kümmersbruck,9748,46.450061,109577415.142578,85123.6130481411
2317,92275,92275 Hirschbach,1275,31.083736,73838474.8227539,79815.9791861471
2318,92265,92265 Edelsfeld,1886,34.663574,82363091.5249023,70904.5539232464
2319,92289,92289 Ursensollen,3651,74.758193,176158854.450684,98823.8856612427
2320,92249,92249 Vilseck,6020,64.648974,153784034.658691,67182.3192174211
2321,92277,92277 Hohenburg,1595,39.351045,92472762.1850586,70589.578724115
2322,92237,92237 Sulzbach-Rosenberg,19622,53.160526,125917790.560059,91438.5814430639
2323,92272,92272 Freudenberg,4174,82.067801,194057727.036621,104363.874150495
2324,92262,92262 Birgland,1799,62.42929,147451234.82373,73372.3390856214
2325,92342,92342 Freystadt,8577,80.530999,188335100.911621,110109.568327622
2326,92345,92345 Dietfurt a.d. Altmühl,5903,78.793858,183094043.533691,117041.799072335
2327,92369,92369 Sengenthal,2685,28.558213,66886113.309082,51282.2588716781
2328,92360,92360 Mühlhausen,4680,36.842209,86141310.4306641,61139.7401106257
2329,92318,92318 Neumarkt i.d. OPf.,38390,79.074423,185641049.669434,105386.486670106
2330,92361,92361 Berngau,2477,27.046209,63419246.6079102,56070.3921621449
2331,92331,92331 Parsberg,8777,87.991763,205575328.119141,95315.5820410853
2332,92283,92283 Lauterhofen,3645,83.091028,195772169.319824,122115.505687402
2333,92348,92348 Berg b.Neumarkt i.d.OPf.,7438,65.09949,153272534.063965,86319.692456883
2334,92364,92364 Deining,4316,71.248003,166791688.687012,90750.1027301896
2335,39130,39130 Magdeburg,14753,8.276513,21954031.6362305,26339.3862148978
2336,92353,92353 Postbauer-Heng,7327,24.684076,57971742.6816406,61210.4416755632
2337,92363,92363 Breitenbrunn,3403,70.811317,164953812.769043,98038.8725656787
2338,92334,92334 Berching,8479,131.426912,306514508.888184,140482.5147522
2339,92339,92339 Beilngries,8746,99.930477,232075509.875488,139235.881661331
2340,92366,92366 Hohenfels,2118,136.967718,320738456.560059,100976.912255948
2341,92355,92355 Velburg,5276,175.555604,411742997.78418,147652.729988649
2342,92367,92367 Pilsach,2675,47.674608,112123769.703125,78503.4718321625
2343,92358,92358 Seubersdorf i.d. OPf.,4992,68.251627,159398210.320313,87081.4330016755
2344,39128,39128 Magdeburg,20373,11.456567,30397510.9130859,28102.7690914768
2345,39106,39106 Magdeburg,10230,2.567995,6807852.09863281,10944.3404362658
2346,59969,59969 Hallenberg,4520,65.301206,165698373.179688,83712.442350971
2347,93464,93464 Tiefenbach,2034,45.813295,108158401.234375,84360.6201141119
2348,93470,93470 Lohberg,1976,59.431555,138644467.649414,53015.0640891219
2349,93194,93194 Walderbach,2073,34.984701,81796402.1147461,64600.123683595
2350,93495,93495 Weiding,2496,28.225665,66156762.0820313,62913.8975697237
2351,93474,93474 Arrach,2537,28.861401,67427150.3769531,45898.4956596398
2352,49626,"49626 Berge, Bippen",6654,146.351356,396219858.930176,103514.928339946
2353,93426,93426 Roding,11267,119.803455,280174522.39209,132022.985565368
2354,93485,93485 Rimbach,1942,24.769794,57971260.25,49384.3016795236
2355,93462,93462 Lam,2711,33.328881,77878023.2148438,50862.77844773
2356,93185,93185 Michelsneukirchen,1786,32.873843,76615246.2128906,71187.7000902963
2357,93489,93489 Schorndorf,2622,38.59726,90115006.1582031,62340.4654601621
2358,93494,93494 Waffenbrunn,2018,25.154035,59003238.2421875,58092.4903042161
2359,93473,93473 Arnschwang,1931,28.29534,66308556.0859375,50309.453527975
2360,30171,30171 Hannover,16147,1.133253,3036469.17675781,8868.40217439435
2361,93413,93413 Cham,16528,80.735645,188807672.478516,136093.921478576
2362,93499,93499 Zandt,1812,21.641613,50473077.3535156,50562.7974439989
2363,93477,93477 Gleißenberg,865,15.323283,35998605.3525391,44720.3589110168
2364,93444,93444 Kötzting,7150,62.26329,145345728.617188,92126.2029896393
2365,93488,93488 Schönthal,1971,43.691515,102778981.738281,70474.6440255366
2366,93466,93466 Chamerau,2621,23.453263,54812187.2929688,59377.2602255222
2367,93189,93189 Reichenbach,1194,10.507596,24549525.5424805,44325.1195479607
2368,93497,93497 Willmering,2081,10.32,24173381.8486328,28940.1690005244
2369,93476,93476 Blaibach,1951,17.018838,39718484.3720703,39125.308861654
2370,93437,93437 Furth i. Wald,9044,67.130206,157596357.72168,89340.7712742641
2371,93480,93480 Hohenwarth,1957,24.289242,56768147.9316406,38632.1811429126
2372,93453,93453 Neukirchen b. Hl. Blut,3834,59.964839,140442583.087891,74716.4531714393
2373,93491,93491 Stamsried,2185,43.453099,101895877.784668,60763.5459863695
2374,30629,30629 Hannover,15907,14.66183,39339718.4204102,37311.5508652786
2375,93468,93468 Miltach,2276,25.282169,58965769.2021484,65940.2424831003
2376,93192,93192 Wald,2813,37.816338,88172612.5234375,85104.4745515008
2377,93479,93479 Grafenwiesen,1527,10.201395,23845611.3349609,35656.2821077549
2378,93449,93449 Waldmünchen,6784,101.300401,238409681.473633,104376.95903581
2379,93483,93483 Pösing,948,9.165852,21458218.5869141,29156.5782142463
2380,30659,30659 Hannover (Bothfeld und Lahe),16005,11.254758,30225682.4638672,34351.9649889978
2381,71717,71717 Beilstein,6006,21.951516,51109542.519043,40733.0220325367
2382,93109,93109 Wiesent,2505,26.800099,62234739.1420898,51048.9728418329
2383,93152,93152 Nittendorf,8833,33.52803,77855484.8764648,70494.1940965425
2384,93170,93170 Bernhardswald,5531,79.606798,185467198.566406,119362.884215021
2385,93182,93182 Duggendorf,1582,22.326854,52065169.4472656,59666.6087343495
2386,39126,39126 Magdeburg,14117,25.310303,67239608.2587891,44130.6169084199
2387,93047,93047 Regensburg,12726,1.798873,4176527.51757813,10015.2256514486
2388,93176,93176 Beratzhausen,5492,72.579874,169233393.976563,85464.9653001431
2389,93186,93186 Pettendorf,3231,24.553106,57077889.3530273,44843.0142708205
2390,93083,93083 Obertraubling,7597,24.832683,57507858.6010742,65040.9051300465
2391,30173,30173 Hannover,18825,4.645755,12443333.3232422,19594.9423142973
2392,93093,93093 Donaustauf,3802,9.695481,22518618.9780273,36238.3415026831
2393,93101,93101 Pfakofen,1546,15.270374,35227908.0761719,33759.9732542951
2394,49779,"49779 Oberlangen, Niederlangen",2201,51.503297,141090772.14209,58600.5563438923
2395,79215,"79215 Elzach, Biederbach",8849,106.596674,239793056.046387,88900.0899012105
2396,90765,90765 Fürth,25358,17.452776,41352604.7416992,42563.717493333
2397,93128,93128 Regenstauf,15061,104.030415,242768345.375488,128208.261304037
2398,93164,"93164 Laaber, Brunn",6477,45.752906,106481434.268555,62193.1769883367
2399,30627,30627 Hannover,15677,3.389486,9090387.55078125,17476.8834291176
2400,67368,67368 Westheim (Pfalz),1749,7.121428,16702028.8764648,29685.8516100664
2401,30655,30655 Hannover,18547,4.442424,11922080.3642578,23059.723584368
2402,67361,67361 Freisbach,1093,5.547094,13027428.4487305,16689.6175970982
2403,39122,39122 Magdeburg,11476,26.349293,69596623.9384766,47599.4400928756
2404,67251,67251 Freinsheim,5064,9.491314,22504034.2485352,21137.9186526881
2405,93179,93179 Brennberg,1924,30.512163,70985372.7060547,55762.2284441125
2406,39120,39120 Magdeburg,9768,9.43855,24950379.6025391,35257.9200796013
2407,93105,93105 Tegernheim,4845,11.294192,26233909.2524414,33387.5236332533
2408,93142,93142 Maxhütte-Haidhof,10538,34.659991,81006154.9868164,60443.0300839885
2409,93343,93343 Essing,975,17.289735,40028413.3662109,35732.7189960489
2410,93348,93348 Kirchdorf,879,16.531697,38001829.7890625,40341.7643719864
2411,93359,93359 Wildenberg,1318,18.17836,41724847.5141602,35558.9876059216
2412,93333,93333 Neustadt a.d. Donau,12677,138.623541,319113009.494141,151942.993616134
2413,93346,93346 Ihrlerstein,4155,23.007809,53291913.8603516,40219.5151884412
2414,93351,93351 Painten,2189,36.746662,85259405.1298828,49753.8815017044
2415,93336,93336 Altmannstein,6795,114.146272,263963665.739258,114573.673135236
2416,93349,93349 Mindelstetten,1621,22.734952,52460343.7451172,50167.6901530243
2417,93354,93354 Siegenburg,4657,42.003195,96539545.6494141,66684.6611576453
2418,30625,30625 Hannover,17607,8.887475,23824779.2050781,24090.2361639457
2419,93342,93342 Saal a.d. Donau,5283,43.892299,101316860.813965,64097.5386654012
2420,93352,93352 Rohr i. NB,3244,54.240763,124745700.066895,86666.1986538873
2421,93077,93077 Bad Abbach,11471,56.102332,129704878.240723,96813.6261494053
2422,93358,93358 Train,1786,10.080093,23139884.9697266,31639.7212879908
2423,93326,93326 Abensberg,12774,60.313529,139016879.600586,82055.0632522186
2424,30175,30175 Hannover,6569,3.245994,8702747.57275391,20685.6405276081
2425,93339,93339 Riedenburg,5449,100.512692,232988366.938965,92384.2842573158
2426,93345,93345 Hausen,2035,34.550594,79676288.7602539,59052.5946354845
2427,39112,39112 Magdeburg,19465,4.871614,12895340.046875,22172.8568741998
2428,90537,"90537 Nürnberg-Feucht, Feuchter Forst",12400,31.025217,73143652.0996094,60139.1658907841
2429,93309,93309 Kelheim,15316,120.800793,279415241.949707,177311.748051811
2430,91207,91207 Lauf an der Pegnitz,25754,69.082893,163812391.460938,96511.9395243721
2431,91227,91227 Leinburg,6321,33.734028,79737347.0517578,64569.4976346401
2432,91235,91235 Velden/Hartenstein,3115,47.977221,114116259.404297,92717.8939316806
2433,94158,94158 Philippsreut,713,14.417409,33234985.3457031,37455.6233816839
2434,94065,94065 Waldkirchen,10290,80.084251,183574704.447266,86038.2271111529
2435,94151,94151 Mauth,2313,84.172551,194376555.047852,107451.219832895
2436,22045,22045 Hamburg,22989,5.321459,15079625.0991211,24303.6730313382
2437,90610,90610 Winkelhaid,4074,24.968102,58923509.8139648,53582.5360762331
2438,90571,"90571 Schwaig b. Nürnberg, Behringersdorfer Forst",8306,17.06174,40401666.4692383,34830.4270263766
2439,94089,94089 Neureichenau,4323,59.402089,136239845.050781,72406.8709538203
2440,22549,22549 Hamburg,26300,6.345808,17984379.0273438,24487.930149217
2441,67161,67161 Gönnheim,1499,6.584124,15574382.1049805,23220.1660337926
2442,94145,94145 Haidmühle,1338,56.79116,130627277.016602,86639.1266266459
2443,94146,94146 Hinterschmiding,2540,38.974585,89710781.0615234,60473.7925133274
2444,38685,38685 Langelsheim,12058,80.365644,211008527.866699,104364.543261254
2445,39217,39217 Schönebeck (Elbe),2360,27.742055,73208327.3095703,70541.5000698556
2446,94118,94118 Jandelsbrunn,3369,42.573858,97553420.4355469,62784.8178463724
2447,94133,94133 Röhrnbach,4478,40.691495,93353429.703125,60412.8430284442
2448,39104,39104 Magdeburg,19352,6.266675,16593922.2734375,26626.7610297518
2449,91238,91238 Engelthal/Offenhausen,2733,38.47327,90954097.6147461,61705.6049809238
2450,94424,94424 Arnstorf,6190,80.503367,183391374.844238,97400.9857744917
2451,94439,94439 Roßbach,2898,48.157513,109807581.157227,66920.5340659625
2452,94137,94137 Bayerbach,1630,19.412431,43962227.5078125,44469.8987675488
2453,94166,94166 Stubenberg,1417,18.200634,41068241.1552734,56382.3226824497
2454,94140,94140 Ering,1821,39.642279,89426946.8212891,50395.6402192775
2455,39108,39108 Magdeburg,24928,3.213038,8513412.33496094,14946.7953522723
2456,67281,67281 Kirchheim an der Weinstraße,2274,9.060607,21509584.4472656,21921.9092032155
2457,45888,45888 Gelsenkirchen,22821,4.229238,10909076.4423828,13644.2184026969
2458,67158,67158 Ellerstadt,2275,6.348824,15027561.8764648,16627.8315172965
2459,94252,94252 Bayerisch Eisenstein,985,47.261788,110002929.625977,54682.0583308819
2460,94244,94244 Teisnach,5053,48.338732,112191161.522461,75680.4000862596
2461,94269,94269 Rinchnach,3088,40.367359,93375362.9833984,59150.6863500529
2462,94258,94258 Frauenau,2698,60.144276,139303627.601563,76763.1210239603
2463,94249,94249 Bodenmais,3269,45.335119,105406767.353516,53484.5577097669
2464,94234,94234 Viechtach,8057,62.505285,145440461.419922,81330.5907711164
2465,94265,94265 Patersdorf,1755,17.060684,39556137.015625,45175.6420013663
2466,45889,45889 Gelsenkirchen,15741,7.220327,18640448.0097656,20136.7738533767
2467,94256,94256 Drachselsried,2359,41.75259,97186130.6376953,51736.9560305493
2468,94239,94239 Zachenberg,5346,42.397086,98165843.2324219,74425.5807979647
2469,94267,94267 Prackenbach,2721,40.085652,93323986.0458984,60858.4504856029
2470,94209,94209 Regen,10837,65.212062,150972037.957031,83802.2205670786
2471,94262,94262 Kollnburg,2899,59.566961,138293392.837891,73076.935348748
2472,94253,94253 Bischofsmais,3194,46.338649,107050362.668945,61485.7059253355
2473,94227,94227 Zwiesel,11832,150.150041,348654448.469727,113247.973013693
2474,94264,94264 Langdorf,1905,34.450417,79934962.2080078,44680.1265770161
2475,94259,94259 Kirchberg,4342,49.026882,113150782.698242,73981.1274907714
2476,94255,94255 Böbrach,1650,27.514643,63889234.1904297,56031.5857402139
2477,94250,94250 Achslach,935,30.152486,69831986.5703125,51509.3271324381
2478,94261,94261 Kirchdorf i. Wald,2143,30.623672,70724115.0048828,57450.7187041842
2479,94545,94545 Hohenau,3390,43.445564,100088306.979492,80521.1337021136
2480,94157,94157 Perlesreut,2801,29.743062,68306562.6220703,58435.8112458062
2481,30161,30161 Hannover,25332,1.78944,4798708.26171875,13995.0472416219
2482,63857,"63857 Waldaschaff, Waldaschaffer Forst",3953,28.330222,68431654.3242188,45256.5649026949
2483,63879,"63879 Weibersbrunn, Rohrbrunner Forst",1970,42.958819,103561902.682129,60285.3743558951
2484,63860,"63860 Rothenbuch, Rothenbucher Forst",1704,40.349549,97475415.7636719,50244.2474560329
2485,94142,94142 Fürsteneck,900,10.439326,23935555.3642578,26286.89671592
2486,94548,94548 Innernzell,1638,22.117684,50948472.5986328,41415.124400832
2487,94163,94163 Saldenburg,1952,28.062218,64454037.6894531,44060.8449317991
2488,94568,94568 Sankt Oswald,1334,48.406376,111853341.93457,58827.7486690869
2489,94572,94572 Schöfweg,1287,19.110208,44000429.0673828,60422.0534808085
2490,94579,94579 Zenting,1137,22.203567,51024312.3896484,55539.5261000964
2491,94518,94518 Spiegelau,3937,47.218459,109112075.927734,70119.2618289176
2492,99086,99086 Erfurt,15374,3.565264,8992687.05859375,21762.9357681992
2493,94551,94551 Lalling,2728,42.610172,98188014.0498047,70736.8055895666
2494,94469,94469 Deggendorf,31552,77.502491,178507908.942383,111713.716692872
2495,94571,94571 Schaufling,1424,25.141224,57927815.0068359,40958.5440237945
2496,30657,30657 Hannover,16132,12.801786,34405338.0444336,41011.3463919884
2497,94527,94527 Aholming,2278,29.418344,67492790.9335938,58758.1110311574
2498,94550,94550 Künzing,3136,40.420052,92410293.0654297,60417.6572251965
2499,94447,94447 Plattling,12225,35.883704,82478116.7285156,61772.7100883462
2500,94557,94557 Niederalteich,1805,9.974589,22908537.7421875,28789.7444856793
2501,94491,94491 Hengersberg,7104,45.854221,105329332.972656,85765.485302921
2502,94574,94574 Wallerfing,1368,20.780521,47582623.3320313,39764.1722869007
2503,94532,94532 Außernzell,1395,24.159847,55401684.6474609,43499.3283805468
2504,94554,94554 Moos,2165,32.308297,74186488.3046875,50642.4942144389
2505,94486,94486 Osterhofen,11577,111.277263,254724493.713867,133710.4541214
2506,94562,94562 Oberpöring,1172,17.432323,39952642.0078125,38960.3018375396
2507,94508,94508 Schöllnach,4840,39.98295,91833108.4462891,70855.8592201798
2508,94539,94539 Grafling,2793,46.37425,107115479.893555,57680.0658531231
2509,94560,94560 Offenberg,3258,23.788257,54871935.3291016,48028.9927348705
2510,30177,30177 Hannover,13871,3.57673,9596306.57714844,15970.7563312938
2511,88348,"88348 Bad Saulgau, Allmannsweiler",17404,101.418797,226643702.774414,128654.707489953
2512,97234,"97234 Reichenberg, Guttenberger Wald",4008,51.885205,124070352.299805,78305.9700447523
2513,94505,94505 Bernried,4779,39.459929,91167983.0058594,66455.1012706327
2514,94569,94569 Stephansposching,3038,44.557306,102535250.512695,64026.1858035433
2515,94577,94577 Winzer,3809,27.651015,63374935.921875,67677.0858326382
2516,30163,30163 Hannover,22293,2.598734,6973352.63964844,13885.1541297643
2517,94034,94034 Passau,14349,30.457756,69439433.2314453,52485.7785519855
2518,94130,94130 Obernzell,3729,18.217665,41492945.875,44155.4877782843
2519,94086,94086 Griesbach i. Rottal,8364,70.481542,159916430.455078,105171.681888201
2520,94154,94154 Neukirchen vorm Wald,2624,24.415571,55880151.5898438,57687.7709651947
2521,94127,94127 Neuburg a. Inn,4212,41.680026,94745197.6044922,63878.9833939478
2522,94542,94542 Haarbach,2559,47.486038,107913706.52832,61000.643258262
2523,94152,94152 Neuhaus a. Inn,3360,31.088424,70482442.3955078,55606.6612046585
2524,94110,94110 Wegscheid,5603,80.818419,184367343.34668,91949.9048708844
2525,94538,94538 Fürstenstein,3347,19.387991,44418597.6572266,48740.0441040376
2526,94072,94072 Bad Füssing,6639,55.672399,125680126.150391,69416.0009154612
2527,94107,94107 Untergriesbach,6147,73.874685,168250022.964844,96544.6223748119
2528,94167,94167 Tettenweis,1692,28.766818,65186855.3232422,44779.6735774533
2529,30179,30179 Hannover,15501,8.300597,22292600.5981445,25362.5888539074
2530,97270,"97270 Kist, Irtenberger Wald",2472,14.216469,34016990.4140625,35461.2642084046
2531,36251,"36251 Bad Hersfeld, Ludwigsau",34367,185.94954,467348002.307129,160871.969096019
2532,38667,"38667 Bad Harzburg, Torfhaus",22148,131.339859,343980178.332031,145941.444572294
2533,94124,94124 Büchlberg,4065,28.141174,64359283.3710938,57651.0605008576
2534,94575,94575 Windorf,4764,56.968964,130157985.083984,67369.2087071647
2535,94149,94149 Kößlarn,1957,25.561881,57789699.6728516,46548.243637772
2536,94121,94121 Salzweg,6512,31.972521,72982825.3632813,43635.8540423877
2537,94535,94535 Eging a. See,4057,23.714113,54326091.2988281,47317.245642796
2538,94060,94060 Pocking,14865,69.085793,156308690.494141,81622.6824287895
2539,94104,94104 Tittling,5419,39.47374,90484775.3701172,55575.6945108664
2540,94529,94529 Aicha vorm Wald,2410,20.399773,46679125.8828125,52287.9659854405
2541,94051,94051 Hauzenberg,11700,82.757525,189051341.53418,79142.8508703441
2542,94139,94139 Breitenberg,2157,29.905488,68429176.3789063,63600.3354593814
2543,94099,94099 Ruhstorf a.d. Rott,6978,51.59839,117066431.736328,89190.1930904133
2544,94161,94161 Ruderting,3060,13.071599,29882238.2226563,35639.0509112202
2545,94136,94136 Thyrnau,4063,33.902421,77331370.6503906,50916.9917556968
2546,94474,94474 Vilshofen an der Donau,15913,86.498069,197448963.46582,120788.117108686
2547,94116,94116 Hutthurm,5899,37.385638,85557949.7011719,55998.2966870199
2548,94544,94544 Hofkirchen,3549,32.74261,74925403.8574219,46483.7421493197
2549,99095,99095 Erfurt,5111,33.895984,85674293.0571289,59757.4783448983
2550,94436,94436 Simbach,3623,51.223238,116727457.137207,94182.5664188213
2551,94522,94522 Wallersdorf,6705,71.250636,163483281.53125,93467.269822783
2552,94431,94431 Pilsting,6324,71.204285,163217806.387695,80228.4650693154
2553,99090,99090 Erfurt,5299,35.180036,88765237.9047852,62294.1443986088
2554,36115,"36115 Hilders, Ehrenberg",7239,111.128342,274986705.028809,101603.102226216
2555,37127,37127 Dransfeld u.a.,9452,122.538246,315753662.355469,115344.794983629
2556,94405,94405 Landau a.d. Isar,12527,84.562793,193440941.85791,85198.5483029185
2557,94428,94428 Eichendorf,6462,98.293241,224601552.0625,110304.811940051
2558,94437,94437 Mamming,2886,41.528724,94950300.2358398,64931.5471347627
2559,94419,94419 Reisbach,7488,94.35038,215084013.049805,140009.759201136
2560,39110,39110 Magdeburg,18287,15.07216,39922089.1279297,28978.7958076328
2561,86513,86513 Ursberg,3269,25.366331,57188807.7060547,51496.9292022589
2562,86483,86483 Balzhausen,1180,14.577408,32849525.6713867,31345.3280946343
2563,86473,86473 Ziemetshausen,2941,42.859763,96767056.3579102,74355.6738653879
2564,86470,86470 Thannhausen,5941,20.070924,45303357.5087891,39874.016900842
2565,86476,86476 Neuburg a.d. Kammel,3079,37.863968,85557157.7553711,68499.5935216252
2566,86479,86479 Aichen,1164,17.696431,39873266.4926758,49039.1355112644
2567,86498,86498 Kettershausen,1738,26.717308,60107387.4038086,52716.2479701007
2568,86480,86480 Aletshausen,1808,32.204218,72457905.1616211,56967.2000878355
2569,86488,86488 Breitenthal,1228,13.361531,30115443.4394531,40346.7206257283
2570,86491,86491 Ebershausen,598,11.169824,25145373.9868164,36942.8293539663
2571,86489,86489 Deisenhausen,1469,11.675317,26340641.6757813,34641.1868667998
2572,94362,94362 Neukirchen,1727,24.476224,56713701.296875,53051.4189429126
2573,94339,94339 Leiblfing,4004,78.424916,180248912.44873,103852.820803467
2574,94369,94369 Rain,2728,14.302,33038715.0185547,40344.6814657126
2575,94348,94348 Atting,1660,14.931295,34481317.7041016,35137.7985409326
2576,94377,94377 Steinach,2919,23.238196,53791750.4360352,54614.5565732805
2577,94356,94356 Kirchroth,3657,42.818632,99140580.4165039,67670.9999327736
2578,94330,94330 Aiterhofen,5668,64.69312,149082054.009766,109700.4639576
2579,39116,39116 Magdeburg,16615,19.155071,50653332.6884766,41755.0149270526
2580,73568,"73568 Durlangen, Weggen-Ziegelhütte, Leinhäusle",2891,10.660759,24623295.2182617,29230.188734171
2581,94365,94365 Parkstetten,3027,19.498646,45075194.7456055,44211.7281729002
2582,94344,94344 Wiesenfelden,3604,78.204179,181640775.176758,89484.7414806631
2583,94372,94372 Rattiszell,1467,22.212308,51582837.9746094,51203.3031521843
2584,94351,94351 Feldkirchen,1819,22.646322,52168251.4243164,51618.7934054007
2585,94553,94553 Mariaposching,1410,19.600813,45167993.1513672,36523.3463426546
2586,26571,"26571 Juist, Memmert",1540,22.935844,65233136.7519531,80983.4263844374
2587,94360,94360 Mitterfels,2436,14.249455,33003074.2822266,43232.2700397729
2588,94336,94336 Hunderdorf,4269,30.144905,69755541.7080078,63138.4550473096
2589,49577,"49577 Kettenkamp, Eggermühlen, Ankum",10578,104.79781,283157813.224121,111871.64726062
2590,37647,"37647 Brevörde, Polle, Vahlbruch, Wilmeröderberg",2359,48.629924,127642953.474609,69878.8523327532
2591,38723,38723 Seesen,19907,181.837107,476926591.944824,160775.975020778
2592,94357,94357 Konzell,1750,26.826882,62392154.3916016,54250.0902869097
2593,38678,"38678 Clausthal-Zellerfeld, Oberschulenberg",12629,65.268889,170570416.54541,87952.6114800519
2594,94359,94359 Loitzendorf,628,12.014243,27964735.2333984,30998.956585194
2595,37632,"37632 Holzen, Eschershausen, Eimen",5134,65.101778,170958796.11084,90514.6871784201
2596,94333,94333 Geiselhöring,6551,99.762716,229744921.22168,108075.986797292
2597,94366,94366 Perasdorf,632,16.057541,37165023.3144531,45114.3719165321
2598,94345,94345 Aholfing,1712,21.674893,50146053.5507813,44791.5184963941
2599,94374,94374 Schwarzach,2769,33.245112,76854656.0703125,69165.6832317492
2600,94353,94353 Haibach,2207,32.34136,75074084.546875,57159.6428514702
2601,49843,"49843 Uelsen, Halle, Gölenkamp, Getelo",7367,81.741979,220133480.047852,93660.7544093531
2602,38729,38729 Langelsheim,4274,59.927573,157824293.784668,85947.0399704501
2603,94559,94559 Niederwinkling,2501,25.679125,59241232.0527344,53872.9761527665
2604,86459,86459 Gessertshausen,4105,41.315745,93341490.8798828,69918.9086072032
2605,86420,86420 Diedorf,9701,33.320338,75418763.2744141,68581.2384025725
2606,86497,86497 Horgau,2476,26.4199,59908285.3632813,63184.778767374
2607,86514,86514 Ustersbach,1101,11.084417,25061531.0107422,29752.0232816169
2608,30853,30853 Langenhagen,15174,8.710367,23426498.1118164,23970.1411126869
2609,30669,"Einige Firmen mit Anschrift in der Nordstraße (Langenhagen) benutzen 30699, die PLZ des Flughafens.",0,4.694415,12632900.7963867,29065.2411725025
2610,84518,84518 Garching a.d. Alz,8490,25.942432,58149247.9443359,51438.0391704213
2611,84558,84558 Kirchweidach,3209,40.717921,91073157.0922852,64434.6219987236
2612,84550,84550 Feichten a.d. Alz,1186,17.904214,40059250.8144531,38124.6523023849
2613,84579,84579 Unterneukirchen,2901,23.242359,52161123.6655273,44523.4449884073
2614,30855,30855 Langenhagen,19799,54.368995,146372120.193848,99646.9048863539
2615,84524,84524 Neuötting,8328,36.733015,82666661.9785156,51653.1636870075
2616,84571,84571 Reischach,2615,28.461992,64185646.2861328,55237.8243218089
2617,84503,84503 Altötting,12449,23.099576,51960116.7524414,47779.7881855635
2618,84553,84553 Halsbach,978,22.028716,49340834.5498047,42397.9500528409
2619,49838,49838 Lengerich u.a.,6825,122.70369,331706194.537598,83685.5482066558
2620,56244,"56244 Freilingen, Freirachdorf u.a.",12836,97.5002,241271335.827637,158749.98529873
2621,53498,"53498 Bad Breisig, Waldorf, Gönnersdorf",10281,32.187743,79478958.9082031,49687.9645441644
2622,30453,30453 Hannover,18707,9.311034,24954218.0981445,44336.2388000129
2623,86450,86450 Altenmünster,3791,41.089422,93413747.1171875,63708.9900371555
2624,86492,86492 Egling a.d. Paar,2176,20.826109,46829108.2607422,45638.1191068725
2625,86862,86862 Lamerdingen,1821,34.321597,76869735.784668,62337.0660256131
2626,86863,86863 Langenneufnach,1683,12.842176,28965606.8984375,38231.585589717
2627,86381,86381 Krumbach (Schwaben),12441,44.608473,100564978.919922,68951.494162136
2628,86399,86399 Bobingen,16363,50.230416,113343045.635742,76766.4370955865
2629,30455,30455 Hannover,21257,6.506047,17428233.2749023,22034.620642813
2630,01776,01776 Hermsdorf/Erzgeb.,869,20.084191,50034125.0634766,43030.4700797733
2631,84030,"84030 Ergolding, Landshut",14805,40.52589,92495494.3393555,57541.4580911562
2632,98630,98630 Römhild,7251,122.520015,301226546.530762,116765.037313408
2633,86391,86391 Stadtbergen,14427,11.455255,25935170.487793,29542.6226830858
2634,86477,86477 Adelsried,2166,9.661447,21931544.515625,33774.1759821749
2635,86368,86368 Gersthofen,20750,33.561975,76195826.8447266,71017.2872609873
2636,86356,86356 Neusäß,21070,24.263847,55006116.9331055,43269.1744735666
2637,86482,86482 Aystetten,2895,9.211106,20893854.6645508,31499.1457811203
2638,86567,86567 Hilgertshausen-Tandern,3141,28.682625,65105056.4541016,49618.3641894082
2639,49762,"49762 Sustrum, Lathen u.a.",8984,114.22244,313207703.963867,130800.811269255
2640,97222,97222 Rimpar,7594,58.568292,141046121.626953,71897.1691682302
2641,97241,"97241 Bergtheim, Oberpleichfeld",4581,35.207672,84811303.8183594,61976.8236568265
2642,97255,"97255 Gelchsheim, Sonderhofen",1629,34.518937,82083610.8544922,54909.8338410238
2643,97285,"97285 Röttingen, Tauberrettersheim",2590,35.783961,84856815.065918,48403.9783522706
2644,97286,97286 Winterhausen,3131,15.958469,38136291.0151367,40318.2217050013
2645,97292,"97292 Üttingen, Holzkirchen",2836,21.907201,52530931.6362305,47984.6267847042
2646,15326,"15326 Zeschdorf, Podelzig, Lebus",5469,120.372687,322490030.000977,140087.834864701
2647,83246,83246 Unterwössen,3450,40.233505,88762316.9594727,45734.9378639584
2648,83530,83530 Schnaitsee,3517,61.239021,136990596.37207,80779.043962639
2649,83358,83358 Seeon-Seebruck,1215,10.801461,24030520.2670898,33729.0901022691
2650,83301,83301 Traunreut,15125,22.942382,51069242.0151367,59503.9447112198
2651,83365,83365 Nußdorf,2444,16.146845,35879912.6796875,43456.8135571184
2652,83329,83329 Waging a. See,6463,58.580619,130287396.95459,113674.688140271
2653,36456,36456 Barchfeld-Immelborn,4822,23.635411,59105659.6860352,40117.992089109
2654,25776,"25776 Sankt Annen, Rehm-Flehde-Bargen, Dammsfeld, Hehm, Leherfeld und Nordfeld",936,35.843017,105241246.330566,76831.8806174277
2655,83373,83373 Taching a. See,1946,26.689578,59458675.9482422,57828.4418500962
2656,83224,83224 Grassau,7437,55.340593,122389408.547363,74958.0607971966
2657,83349,83349 Palling,3393,53.876196,120152609.849609,62069.5839035165
2658,83413,83413 Fridolfing,4121,44.336334,98815000.4506836,58607.7215722935
2659,83256,83256 Chiemsee,244,61.002677,135430946.061523,62074.8308477367
2660,83361,83361 Kienberg,1375,22.830233,50991399.4067383,52076.967244629
2661,83486,83486 Ramsau b. Berchtesgaden,1734,129.343277,283762086.734863,96757.550421136
2662,83416,83416 Saaldorf,5253,39.235244,87050535.9384766,56012.8328485967
2663,83458,83458 Schneizlreuth,1351,107.489896,236776938.557129,109217.456832462
2664,83395,83395 Freilassing,15796,14.808913,32811141.918457,29556.1685472268
2665,83451,83451 Piding,5156,17.658841,39017185.4775391,46962.6784878083
2666,83483,83483 Bischofswiesen,7421,62.179893,136810324.263672,66098.2712283311
2667,83317,83317 Teisendorf,8259,70.521086,156333692.131348,78090.0140570423
2668,83410,83410 Laufen,6829,35.231207,78307117.940918,59257.3277894112
2669,30167,30167 Hannover,17777,4.343813,11649303.8564453,20746.3858853794
2670,83457,83457 Bayerisch Gmain,2868,12.32223,27162683.8613281,28732.7695379904
2671,83487,83487 Marktschellenberg,1721,17.627334,38811027.9384766,37170.7463411381
2672,30159,30159 Hannover,8716,1.940789,5202217.58691406,16395.278813272
2673,83122,83122 Samerberg,2605,33.422345,73869596.6142578,54467.7471930851
2674,83512,83512 Wasserburg a. Inn,12154,18.808295,42041289.1459961,47384.2037567184
2675,83553,83553 Frauenneuharting,1446,22.675751,50652608.9692383,45531.4888739553
2676,83080,83080 Oberaudorf,4872,58.359829,128517174.958496,82895.0437881555
2677,83126,83126 Flintsbach a. Inn,2860,31.309972,69057084.6420898,64223.3613395979
2678,83533,83533 Edling,4199,20.063744,44856977.7739258,59466.5930231616
2679,83558,83558 Maitenbeth,1907,30.980008,69502600.9848633,51598.8400747387
2680,83093,83093 Bad Endorf,7906,40.191454,89311509.0786133,72584.5274882307
2681,83139,83139 Söchtenau,2598,25.603306,56931591.4321289,55571.6681772403
2682,30169,30169 Hannover,9987,3.017907,8085694.19726563,16004.9845481781
2683,83131,83131 Nußdorf a. Inn,2595,28.595936,63125552.5200195,45743.8248948972
2684,83543,83543 Rott a. Inn,3669,19.589466,43678769.5537109,43444.1349805417
2685,83562,83562 Rechtmehring,1807,24.430372,54747271.5209961,50599.8233222434
2686,83026,83026 Rosenheim,24356,25.194957,55837642.8359375,46908.2320992712
2687,83104,83104 Tuntenhausen,6891,79.346697,176655401.745605,99186.0135243399
2688,83233,83233 Bernau a. Chiemsee,6629,26.860547,59480520.6669922,55779.7274738516
2689,83137,83137 Schonstett,1261,13.54505,30196628.6123047,34652.3859823907
2690,83547,83547 Babensham,2902,54.368917,121677758.481445,78030.7511464774
2691,83567,83567 Unterreit,1699,32.332025,72471840.671875,62967.8514916027
2692,83059,83059 Kolbermoor,17677,19.913787,44157543.5634766,42036.1901263301
2693,30449,30449 Hannover,19086,2.639086,7069955.42822266,14409.1077943214
2694,22417,22417 Hamburg,13277,7.993768,22743590.7646484,24928.6154476158
2695,30451,30451 Hannover,15676,1.024989,2747485.82714844,6840.16867963822
2696,23552,23552 Lübeck,13074,1.64127,4713096.33984375,10289.7764110909
2697,83115,83115 Neubeuern,4254,16.13477,35688644.2646484,29254.8475624285
2698,83257,83257 Gstadt a. Chiemsee,1153,10.683599,23738255.847168,35780.3156084404
2699,83075,83075 Bad Feilnbach,7549,57.499015,127232485.234863,79980.5744464351
2700,83125,83125 Eggstätt,2784,24.359504,54187025.4580078,56633.4093038398
2701,83556,83556 Griesstätt,2553,29.644192,66098754.0649414,47960.8021635521
2702,83088,83088 Kiefersfelden,6446,37.724772,82955261.5693359,68894.8505986961
2703,83129,83129 Höslwang,1220,16.211537,36085016.9306641,32615.5824325397
2704,83539,83539 Pfaffing,3854,35.37427,79073401.6323242,66859.6109626895
2705,24222,24222 Schwentinental,5816,6.514492,19105033.730957,21960.440631422
2706,27499,27499 Neuwerk,8,7.62113,21965332.6870117,27735.1968471846
2707,83561,83561 Ramerberg,1338,8.113524,18109173.8149414,25996.7524456859
2708,30459,30459 Hannover,22904,7.144016,19120788.7744141,23074.2626937799
2709,84335,84335 Mitterskirchen,2053,24.73455,55893762.1884766,47795.8368755665
2710,84387,84387 Julbach,2327,11.218125,25251921.1494141,37886.2039374986
2711,84323,84323 Massing,4009,36.178594,81933836.222168,61737.3627444323
2712,84375,84375 Kirchdorf a. Inn,5241,31.794661,71528336.9501953,57614.5774590046
2713,84347,84347 Pfarrkirchen,11696,52.390594,118798387.251953,72444.5908465005
2714,84332,84332 Hebertsfelden,3644,49.896645,113095802.919922,73209.8326389432
2715,84384,84384 Wittibreut,2051,38.360889,86642212.8720703,63592.0174896466
2716,84140,84140 Gangkofen,6463,108.853749,247123408.774414,130080.152574927
2717,30457,30457 Hannover,18096,6.087231,16284336.4477539,23064.1642925798
2718,22961,22961 Oetjendorf,295,5.290635,15055568.3334961,20027.6177167545
2719,84163,84163 Marklkofen,3579,40.701692,92762340.6074219,75266.3255449321
2720,84180,84180 Loiching,3467,38.968732,88930133.4916992,74016.7067404168
2721,84152,84152 Mengkofen,5864,84.762824,194465228.27002,112915.308613872
2722,84164,84164 Moosthenning,4700,70.422021,161286647.874023,94332.3252871753
2723,84183,84183 Niederviehbach,2453,29.610712,67607387.6489258,56591.4460657338
2724,84160,84160 Frontenhausen,4428,30.419768,69224778.3486328,61743.9435641745
2725,84177,84177 Gottfrieding,2072,27.060824,61842822.0634766,61794.0434554347
2726,30880,30880 Laatzen,38878,34.173597,91250016.4633789,68029.4363127458
2727,30966,30966 Hemmingen,18413,31.723932,84742627.2597656,58139.6671248665
2728,84130,84130 Dingolfing,17839,44.200682,100986085.186035,66856.2315292234
2729,84539,84539 Ampfing,7207,48.221163,108636436.050781,94039.7890244059
2730,84559,84559 Kraiburg a. Inn,3904,27.629765,62045751.4257813,70397.8825003076
2731,84437,84437 Reichertsheim,1644,31.351296,70435756.5742188,69267.3961807621
2732,84573,84573 Schönberg,953,25.403972,57417780.4350586,52003.4709927744
2733,84546,84546 Egglkofen,1230,14.021631,31749238.0009766,42792.0075586283
2734,84419,84419 Schwindegg,5781,52.40787,118034798.869629,91224.9166289506
2735,84564,84564 Oberbergkirchen,1642,27.545303,62184144.4477539,63151.6653200544
2736,30989,30989 Gehrden,14121,43.410083,116094774.285645,71861.5017910935
2737,31832,31832 Springe,28627,159.964045,425369285.196777,141878.940638869
2738,30952,30952 Ronnenberg,23156,37.735537,100854296.452148,61347.4540639698
2739,84478,84478 Waldkraiburg,21345,21.607969,48566912.4404297,51668.6332689273
2740,84513,84513 Töging a. Inn,9996,27.29306,61496257.3183594,48962.7989550901
2741,30974,30974 Wennigsen (Deister),13901,53.819121,143529692.791504,75637.5285217567
2742,30926,30926 Seelze,31847,53.970829,144746535.19043,86687.0194790075
2743,84574,84574 Taufkirchen,1390,25.304673,56740586.1044922,62050.3335836219
2744,30890,30890 Barsinghausen,33084,102.75493,274840591.661133,85861.4378603691
2745,84549,84549 Engelsberg,2612,34.15716,76539402.5180664,56910.3514136015
2746,84428,84428 Buchbach,3046,28.773944,64946397.7915039,67039.4715823056
2747,84565,84565 Oberneukirchen,862,19.62655,44053163.9604492,37668.2617684216
2748,84405,84405 Dorfen,13925,99.533637,224449885.334473,105735.443305774
2749,30826,30826 Garbsen,16876,56.389788,151742747.931641,70315.7555733243
2750,22955,22955 Hoisdorf,3189,10.687245,30383527.2202148,30720.4921667767
2751,30827,30827 Garbsen,16355,10.610804,28531364.3457031,33459.9913556193
2752,84432,84432 Hohenpolding,1454,27.447887,62180810.9824219,54582.7714743529
2753,84427,84427 Sankt Wolfgang,4288,46.359612,104297028.930664,88827.1723180792
2754,84439,84439 Steinkirchen,1193,18.085514,40939549.4277344,42572.1590446432
2755,84424,84424 Isen,5412,43.82273,98487875.1787109,67158.3893157332
2756,84435,84435 Lengdorf,2701,33.894881,76382701.0424805,59963.2484873099
2757,84416,84416 Taufkirchen (Vils),10510,82.116708,185609313.466797,115703.822771218
2758,84434,84434 Kirchberg,957,17.099881,38758024.9853516,41980.8164891907
2759,84076,84076 Pfeffenhausen,4704,71.752481,164285665.511719,91856.9024071572
2760,30823,30823 Garbsen,26279,12.529529,33651427.4370117,37143.8992231556
2761,31535,31535 Neustadt am Rübenberge,43634,358.242508,968178481.195801,233549.412050819
2762,49459,"49459 Lembruch, Burlage, Berglage, Evershorst, Kuhlhorst, Mecklinge und Quernheimerbruch",1091,22.5899,60975178.4038086,46014.2239402688
2763,84036,84036 Landshut,22204,71.006117,161653305.979004,117962.731192762
2764,84098,84098 Hohenthann,3848,68.305306,156350331.321777,97525.1922330606
2765,84171,84171 Baierbach,794,16.780867,38038929.4716797,45684.5822961451
2766,84066,84066 Mallersdorf-Pfaffenberg,6369,72.622826,166958377.328125,95739.6076691901
2767,84187,84187 Weng,1366,15.606888,35724622.3735352,33522.8823431118
2768,84103,84103 Postau,1626,34.833239,79710917.0537109,58897.864081931
2769,84079,84079 Bruckberg,5106,51.129174,116488408.857422,66871.8362792565
2770,84137,84137 Vilsbiburg,11152,69.064153,156695816.876953,104914.054319745
2771,49457,49457 Drebber,2948,49.465163,134411624.989258,58724.5706647815
2772,83734,83734 Hausham,8027,22.300643,49289071.6191406,54392.1328841616
2773,83684,83684 Tegernsee,3658,22.653479,49997703.512207,45522.5428297535
2774,83714,83714 Miesbach,11022,32.44999,71815286.487793,60000.0896712272
2775,83737,83737 Irschenberg,3027,53.992235,119635371.634766,85839.4697236504
2776,83607,83607 Holzkirchen,15386,48.314878,107253454.922852,68354.7858213753
2777,83627,83627 Warngau,3663,51.317251,113709673.454102,74590.3245532943
2778,83703,83703 Gmund a. Tegernsee,5761,34.453089,76152730.6269531,73025.7261603063
2779,83730,83730 Fischbachau,5525,75.857462,167539797.614258,88853.4324167515
2780,83666,83666 Waakirchen,5496,42.399254,93787488.4345703,87047.4564661397
2781,83708,83708 Kreuth,1963,120.750539,265602126.799316,102021.778941435
2782,90455,90455 Nürnberg,15975,22.317464,52586000.3452148,60989.5123303722
2783,49419,49419 Wagenfeld,7031,117.489652,317389113.254883,101680.573336159
2784,83661,83661 Lenggries,9623,242.997808,533990792.213867,177899.74897245
2785,83677,83677 Reichersbeuern,3661,22.933339,50710647.8339844,48730.841211595
2786,83671,83671 Benediktbeuern,3512,37.869888,83521968.7651367,80901.4667911552
2787,49406,"49406 Barnstorf, Eydelstedt, Drentwede",9013,156.533915,425882244.873047,111512.663655485
2788,32369,32369 Rahden,15748,137.376746,369624733.85791,99801.3720742921
2789,32351,32351 Stemwede,14026,166.026573,446107097.600586,127217.663694108
2790,88285,88285 Bodnegg,3115,24.53718,54197976.2543945,55061.3940115908
2791,88326,88326 Aulendorf,9522,52.295097,116544872.51709,84855.8973546054
2792,88422,88422 Bad Buchau,8109,90.75335,203354984.849121,91233.6394086548
2793,88484,88484 Gutenzell-Hürbel,1882,37.749925,84726874.9677734,69268.7809141241
2794,88696,88696 Owingen,4198,36.689992,81409571.0263672,61722.1779533964
2795,27248,27248 Ehrenburg,1557,49.11576,133829930.026367,62108.1452847407
2796,88099,88099 Neukirch,2643,26.592524,58627068.8261719,46606.2992760821
2797,88273,88273 Fronreute,4407,46.070111,102380792.394531,78820.4289321433
2798,88281,88281 Schlier,3646,32.515727,72054060.0600586,61849.1380726716
2799,88364,88364 Wolfegg,3474,39.479647,87591778.4360352,82199.022531658
2800,27239,27239 Twistringen,12311,114.17158,311927966.792969,104998.346266975
2801,88481,88481 Balzheim,1981,17.56844,39492889.4477539,38615.2313253141
2802,88097,88097 Eriskirch,4509,14.575663,32108302.3154297,29215.8515856851
2803,88213,88213 Ravensburg,15744,48.123081,106551741.019531,81255.4069901034
2804,88287,88287 Grünkraut,2983,17.112648,37845054.0742188,46993.9329763777
2805,88316,88316 Isny im Allgäu,12986,85.614392,189091404.543457,95550.3307511047
2806,88427,88427 Bad Schussenried,8360,54.970278,122826353.552246,60485.9488735801
2807,88436,88436 Eberhardzell,4253,59.692656,133274302.317871,83572.9208190677
2808,49356,49356 Diepholz,15993,104.673273,283583516.370117,91226.1407452952
2809,24399,24399 Arnis und Marienhof,323,1.394017,4153702.95263672,10408.897194508
2810,42579,42579 Heiligenhaus,25643,28.303215,72407472.5493164,52650.2658679114
2811,88486,88486 Kirchberg an der Iller,1936,18.643337,41853826.1157227,31994.0735614168
2812,42489,42489 Wülfrath,21121,32.338692,82599048.8676758,52862.4681036787
2813,40822,40822 Mettmann,38067,42.570593,108569607.029785,58025.1726100712
2814,40699,40699 Erkrath,43657,26.863874,68392814.0678711,54452.8445203776
2815,49751,49751 Sögel u.a.,9827,141.770125,388297768.881348,124753.100903313
2816,88477,88477 Schwendi,6233,49.251852,110813538.689453,95161.6316187049
2817,88637,"88637 Leibertingen, Buchheim",2844,65.204935,145817619.024414,74566.8747558021
2818,88179,88179 Oberreute,1617,13.511414,29664996.5146484,33834.3617328241
2819,88260,88260 Argenbühl,6057,76.138887,168126335.26709,79301.0282971596
2820,88353,88353 Kißlegg,8572,92.381904,204657090.875,99248.4765308938
2821,88416,88416 Ochsenhausen,12374,113.937765,255018134.581543,115412.799539109
2822,88430,88430 Rot an der Rot,4439,63.380274,141506757.572754,97904.9126213625
2823,88525,88525 Dürmentingen,2587,24.086139,54047256.128418,46119.7426078842
2824,88161,88161 Lindenberg im Allgäu,10908,11.83917,26045076.6699219,37052.6816518095
2825,88699,88699 Frickingen,2882,26.409364,58589636.7929688,46621.9251927763
2826,37619,"37619 Bodenwerder, Pegestorf, Kirchbrak, Hehlen",9669,85.803917,225802009.594238,84030.041178146
2827,49828,"49828 Esche, Georgsdorf, Lage, Neuenhaus, Osterwald",14071,101.342761,273468047.467773,112865.751495978
2828,88079,88079 Kressbronn am Bodensee,8262,20.450915,44990219.4638672,41137.8906310932
2829,88175,88175 Scheidegg,4053,27.322372,60028064.8891602,52598.8769360374
2830,88279,88279 Amtzell,3907,30.606009,67613100.0415039,62029.8262813799
2831,88370,88370 Ebenweiler,1204,10.153518,22595177.8901367,36964.6870965082
2832,88400,88400 Biberach an der Riß,30869,72.818143,163212749.759277,149922.455224501
2833,49832,"49832 Andervenne, Beesten, Freren, Messingen, Thuine",10470,132.221406,355919549.300293,93761.9894380386
2834,63741,63741 Aschaffenburg,25076,26.545192,64171706.5380859,61994.3856331449
2835,63849,63849 Leidersbach,4883,24.503661,59038813.0209961,44737.8870001449
2836,49453,"49453 Barver, Dickel, Hemsloh, Rehden, Wetschen, Wehrblecker Heide",5690,130.756153,354068335.175781,99564.9582546043
2837,88499,88499 Riedlingen,12466,93.436626,210053270.012207,148119.852327764
2838,49448,"49448 Lemförde, Hüde, Quernheim, Brockum, Stemshorn und Marl (ohne Burlage)",6868,86.803521,233868596.496582,76500.3112538166
2839,48465,"48465 Engden, Isterberg, Schüttorf u.a.",15346,133.419423,357024532.152344,116541.827178554
2840,53505,"53505 Altenahr, Berg, Kalenborn, Kirchsahr",4175,44.203429,109282745.786621,64040.8283433065
2841,63065,63065 Offenbach am Main,17169,1.490619,3622163.39892578,10113.0892225598
2842,63452,63452 Hanau,19632,9.341021,22735851.605957,27098.1306570327
2843,52076,"52076 Aachen-Süd (Walheim, Kornelimünster, Oberforstbach,und Schleckheim)",20093,55.474518,138162486.331543,82228.6405585891
2844,53560,"53560 Vettelschloß, Kretzhaus (Linz am Rhein)",3556,12.283852,30479698.1757813,28877.9712580119
2845,82054,82054 Sauerlach,7135,56.924833,126834171.714844,60282.478320617
2846,82547,82547 Eurasburg,4176,40.904035,90716579.9926758,70938.5590848658
2847,53545,"53545 Linz am Rhein, Ockenfels",6833,14.67886,36370357.5883789,31841.8066733643
2848,82445,82445 Schwaigen,602,23.529476,51772355.5380859,41252.4845004908
2849,82431,82431 Kochel a. See,3448,43.922921,96752906.4130859,56667.9196473481
2850,82438,82438 Eschenlohe,1528,55.050877,120952962.709961,67636.9855115808
2851,82418,82418 Murnau a. Staffelsee,15219,78.543869,173191564.547363,93041.7857452089
2852,82481,82481 Mittenwald,7349,132.797657,290406494.567383,118566.818682154
2853,82435,82435 Bayersoien,1116,17.647857,38941741.7382813,38137.6033054188
2854,82494,82494 Krün,1510,20.105494,44051173.1625977,48430.6756245576
2855,82493,82493 Krün,372,16.212247,35469054.7124023,44556.6307752063
2856,82444,82444 Schlehdorf,1191,24.617018,54205045.2670898,42863.5565538815
2857,82442,82442 Saulgrub,1613,35.52113,78196035.8398438,76805.6538169544
2858,82490,82490 Farchant,3700,25.7462,56460639.3344727,43663.5120538193
2859,82433,82433 Bad Kohlgrub,2359,32.632258,71916988.40625,44105.4754173419
2860,82499,82499 Wallgau,1384,33.915648,74388297.2216797,48809.8925854553
2861,53534,"53534 Barweiler, Bauler, Hoffeld, Pomster, Wiesemscheid, Wirft",1327,30.474371,74778562.3686523,48934.6628960359
2862,53506,"53506 Ahrbrück, Heckenbach, Hönningen, Kesseling, Rech",4274,99.019227,244184508.580078,112949.182966412
2863,53533,"53533 Antweiler, Aremberg, Dorsel, Eichenbach, Aremberg, Fuchshofen und Müsch",1329,33.816913,83169093.171875,55339.8945320517
2864,53547,"53547 Breitscheid, Dattenberg, Hausen, Hümmerich, Kasbach-Ohlenberg, Roßbach u.a.",10651,55.803371,138172802.634277,121664.688591347
2865,53518,"53518 Adenau, Kottenborn u.a.",4706,58.842124,144558578.9375,54992.2783658541
2866,53539,"53539 Bodenbach, Kelberg, Kirsbach u.a.",2979,55.819189,136680736.77832,86401.9124196799
2867,53520,"53520 Reifferscheid, Kaltenborn, Wershofen u.a.",6124,138.129304,339784928.727051,234738.2117347
2868,99198,99198 Udestedt,1804,34.896704,88171086.1450195,53600.6411379565
2869,99102,99102 Klettbach,1309,15.355994,38582104.0117188,32583.8512623215
2870,88045,88045 Friedrichshafen,20372,10.747911,23701649.4736328,29074.6019995237
2871,38440,38440 Wolfsburg,25285,15.618481,41949783.5371094,32679.7013539992
2872,37627,37627 Stadtoldendorf u.a.,9777,93.864013,245842078.40918,87746.0739126102
2873,49767,49767 Twist,9625,105.748924,287117974.179688,120587.766879815
2874,49733,49733 Haren,22780,208.809422,570353714.441895,141149.99898123
2875,49744,49744 Geeste,11283,133.09711,360486505.641602,122714.274242242
2876,49716,49716 Meppen,34081,188.363793,512345849.814941,143536.309228103
2877,49777,49777 Stavern,2918,88.366098,241274700.006836,92807.8286365256
2878,49740,49740 Haselünne,12337,159.232177,432610337.967773,132009.983891555
2879,06901,06901 Kemberg,10641,237.256581,618458610.133789,187695.511042533
2880,29416,29416 Kuhfelde,1180,45.567458,124283560.216309,61443.3281600397
2881,04720,"04720 Döbeln, Großweitzschen u.a.",27548,136.368492,345473758.93457,166629.556373645
2882,27318,"27318 Hoya, Hoyerhagen, Hilgermissen",7036,85.493456,234106467.944824,111982.247493074
2883,22395,22395 Hamburg,13023,8.237296,23438456.2792969,32775.3470707539
2884,22393,22393 Hamburg,18194,6.708167,19066827.4921875,25321.4591529422
2885,22391,22391 Hamburg,15391,5.892507,16743998.3720703,23003.988726734
2886,22179,22179 Hamburg,18537,3.762015,10672281.6835938,20906.9711094165
2887,22177,22177 Hamburg,11631,1.867191,5296945.47216797,16608.4863254022
2888,22175,22175 Hamburg,18966,4.338928,12320372.0625,20604.1151933628
2889,22117,22117 Hamburg,24207,7.915293,22393120.4384766,26360.3017372968
2890,22115,22115 Hamburg,20877,3.518433,9945443.42089844,17665.5859766498
2891,22111,22111 Hamburg,30180,4.315777,12210031.5390625,21667.4985219977
2892,22043,22043 Hamburg,20460,5.421969,15354548.7353516,27597.6409288892
2893,22459,22459 Hamburg,18991,3.967737,11267059.840332,26113.3691519167
2894,22457,22457 Hamburg,20065,7.09,20147924.3198242,28834.824878997
2895,22455,22455 Hamburg,18197,5.005616,14223798.4458008,27114.2286053317
2896,22453,22453 Hamburg,17053,9.282509,26349021.1269531,51645.0302393091
2897,22851,22851 Norderstedt,10463,12.737221,36291719.0766602,36024.1165620081
2898,22850,22850 Norderstedt,16177,4.399145,12529104.4814453,22929.297314862
2899,22848,22848 Norderstedt,10422,13.630496,38784082.2480469,33921.5381993881
2900,22846,22846 Norderstedt,16690,11.268643,32119670.7851563,27516.1869352991
2901,22844,22844 Norderstedt,20242,16.052279,45802183.9902344,43664.0157689506
2902,22415,22415 Hamburg,12366,4.389974,12478264.6674805,18743.9020744286
2903,06255,06255 Mücheln,607,13.010643,33298728.6181641,27370.0447510243
2904,22399,22399 Hamburg,20063,6.549773,18632311.1391602,21313.4779967388
2905,06679,06679 Hohenmölsen,10350,75.791856,192364644.048828,101312.94120361
2906,06682,06682 Teuchern,8845,81.648679,206947102.338867,98500.1655231672
2907,06729,06729 Elsteraue,8951,80.422283,203374920.030273,123038.031304305
2908,06712,"06712 Zeitz, Gutenborn u.a.",32632,138.58277,349553791.208008,149298.716907173
2909,22339,22339 Hamburg,14181,5.15808,14658155.2304688,19692.1662402665
2910,22337,22337 Hamburg,12153,6.492778,18434349.7167969,30655.417628505
2911,22335,22335 Hamburg,13788,8.657195,24584941.9858398,39233.9166361947
2912,27257,27257 Affinghausen und Sudwalde,1929,39.078985,106752106.078613,54440.1148271036
2913,27243,"27243 Harpstedt, Groß Ippener, Colnrade u.a.",11055,210.659913,578549866.828613,154786.067715534
2914,27305,27305 Bruchhausen-Vilsen,8937,109.728519,300188240.76709,115292.487341228
2915,27327,"27327 Martfeld, Schwarme",5262,59.341537,162807663.778809,62432.4994784993
2916,27232,27232 Sulingen,12558,110.739311,300915397.31543,109709.744536245
2917,27254,"27254 Siedenburg, Staffhorst",1843,28.754606,78249737.4707031,62311.188304883
2918,27211,27211 Bassum,15679,168.522108,461713547.648438,161054.191736426
2919,26901,"26901 Lorup, Rastdorf",4266,77.730787,213680984.64209,75268.2418492586
2920,45141,45141 Essen,21327,8.163799,21018093.065918,31246.5534320882
2921,26897,26897 Esterwegen u.a.,7780,87.881291,242379952.431641,87745.3896447559
2922,26835,"26835 Hesel, Neukamperfehn u.a.",10496,84.295371,235758644.393066,96090.6252077407
2923,26427,"26427 Esens, Neuharlingersiel u.a.",14449,166.341789,472593367.184082,143453.576971283
2924,45127,45127 Essen,8529,2.333338,6002907.76074219,12073.5131454838
2925,27259,"27259 Freistatt, Varrel, Wehrbleck",2991,82.040303,222384794.884766,94762.5495480559
2926,07955,07955 Auma-Weidatal,3872,55.916693,139192314.099609,86539.7618790645
2927,22763,22763 Hamburg,18982,2.531858,7164468.64013672,14727.9149584605
2928,45147,45147 Essen,23350,2.620666,6736690.29882813,13519.6294107703
2929,22609,22609 Hamburg,11730,5.752148,16281974.3720703,25459.4344587175
2930,22605,22605 Hamburg,10206,5.124318,14499334.6606445,20193.0447640514
2931,45131,45131 Essen,10873,2.381591,6119531.92431641,15325.7644244441
2932,22589,22589 Hamburg,19984,8.425326,23876907.15625,39239.9660220401
2933,46240,46240 Bottrop,25238,15.007169,38757566.5825195,35746.3115130797
2934,22587,22587 Hamburg,15583,9.63902,27291132.2919922,34706.0349573378
2935,22159,22159 Hamburg,33386,8.403622,23848213.1523438,28762.4319504431
2936,67246,67246 Dirmstein,2966,14.666278,34864231.7563477,28937.601299048
2937,22149,22149 Hamburg,24291,6.400518,18143348.5805664,25204.7604436784
2938,22147,22147 Hamburg,22546,3.853263,10933623.987793,23269.8266279366
2939,22145,22145 Hamburg,23258,27.865453,79088379.8305664,51540.4697231487
2940,67311,67311 Tiefenthal,827,4.210627,9998169.70947266,14846.1964426498
2941,22143,22143 Hamburg,18114,6.12382,17372134.3388672,24921.0919016697
2942,20251,20251 Hamburg,21451,1.950684,5530123.078125,14379.4711162764
2943,45133,45133 Essen,14464,15.790035,40527288.1723633,37781.3078482958
2944,27245,"27245 Bahrenborstel, Barenburg, Kirchdorf",4924,95.383915,258101465.708984,90716.6304183226
2945,06773,06773 Gräfenhainichen,8107,95.831875,249206174.379883,105775.481047996
2946,45359,45359 Essen,26898,7.598901,19555356.3398438,29580.1495184174
2947,49847,49847 Itterbeck/Wielen,2417,64.208938,173102350.320313,64428.1210713849
2948,77833,77833 Ottersweier,5928,26.186901,60059010.5102539,57838.282497408
2949,90461,90461 Nürnberg,22804,4.734172,11182122.1196289,22737.0426729845
2950,06889,06889 Wittenberg,6259,108.157076,284060775.640625,111868.388439852
2951,06888,06888 Wittenberg,4391,67.164915,175748149.5625,120035.372410174
2952,67808,"67808 Steinbach, Weitersweiler, Bennhausen, Mörsfeld, Würzweiler, Ruppertsecken u.a.",4534,59.208389,141109789.743652,158843.539431666
2953,67822,"67822 Winterborn, Waldgrehweiler, Niedermoschel, u.a.",3449,63.745437,152399649.569336,115092.965496022
2954,38448,38448 Wolfsburg,28805,50.085138,134712002.508301,59372.3997521239
2955,45134,45134 Essen,11898,5.277728,13555943.3623047,21866.4206346244
2956,38446,38446 Wolfsburg,20845,62.108657,166477867.502441,82006.4166344075
2957,38444,38444 Wolfsburg,22244,29.554204,79199354.6621094,47613.4205520438
2958,45277,45277 Essen,16108,6.75687,17359945.7851563,17866.7778926555
2959,38442,38442 Wolfsburg,22851,47.198982,126731534.535645,59803.5440568525
2960,06543,06543 Falkenstein,615,34.3938,89309379.3911133,64703.9324855555
2961,06343,06343 Mansfeld,9673,145.073251,375448458.010254,179378.666291049
2962,06308,"06308 Klostermansfeld, Benndorf",4735,14.672623,37938633.9169922,48245.4850222481
2963,06313,06313 Hergisdorf,4696,22.678811,58512923.9990234,50617.0838949483
2964,06311,06311 Helbra,4281,9.43396,24367856.4125977,27777.4800751735
2965,06295,06295 Eisleben,25503,153.877554,396788346.304199,130542.619720299
2966,06333,"06333 Hettstedt, Endorf",15752,47.232092,122561072.89502,94403.3952009336
2967,06347,06347 Gerbstedt,8072,102.930187,266551181.956055,101492.210586283
2968,06317,06317 Seegebiet Mansfelder Land,9652,108.767372,280026476.927246,127435.142052626
2969,06188,06188 Landsberg,15312,126.080768,325082971.614258,111109.386885529
2970,06179,06179 Teutschenthal,13513,91.087231,234063470.992676,117873.920383259
2971,06279,"06279 Schraplau, Farnstädt",2825,34.270285,88040131.7539063,53959.3379725536
2972,06246,06246 Bad Lauchstädt,9180,85.668355,219558624.121582,77861.9978740878
2973,06184,06184 Kabelsketal,8851,51.186432,131496410.487305,78355.2401024122
2974,06258,06258 Schkopau,11340,100.280112,257083008.241211,149529.020808053
2975,06217,06217 Merseburg,33814,53.816776,137701538.417969,72199.654916519
2976,06259,06259 Frankleben,1589,11.611163,29661322.2607422,39534.1959323854
2977,06249,06249 Mücheln/ Geiseltal,5930,33.730178,86155151.9594727,54526.0309944854
2978,06242,06242 Braunsbedra,10071,63.011759,160833182.495117,75904.5296540144
2979,06237,06237 Leuna,14170,88.134936,225323094.057617,133243.983441894
2980,06231,06231 Bad Dürrenberg,12058,36.210047,92396420.5625,65968.0263479944
2981,06632,"06632 Freyburg, Balgstädt",8271,127.912456,325647656.235352,137221.247998705
2982,06688,06688 Weißenfels,3356,25.666952,65426648.1259766,49629.2362727978
2983,06667,"06667 Weißenfels, Stößen",38899,110.123685,280052515.743164,111831.736847475
2984,06686,06686 Lützen,9190,96.979653,246803392.245117,112579.779984202
2985,06711,06711 Zeitz,3494,31.811035,80500903.1376953,66790.3702054396
2986,06722,"06722 Droyßig, Wetterzeube",3970,62.320916,157177132.666992,74348.1248236939
2987,06721,"06721 Meineweh, Osterfeld",3717,53.165216,134406415.081543,72827.7803801962
2988,06618,06618 Naumburg,32975,178.520865,452396168.181152,144152.3472389
2989,06628,"06628 Bad Kösen (jetzt Stadtteil von Naumburg), Lanitz-Hassel-Tal",6481,72.301946,183329370.402832,87032.5613259361
2990,06647,"06647 Bad Bibra, Finne u.a.",7131,150.062294,381606808.23877,176861.938575738
2991,06636,06636 Laucha an der Unstrut,3150,31.336012,79804356.2172852,62080.3999529349
2992,06648,06648 Eckartsberga,2416,36.013587,91309177.1538086,66574.6714187928
2993,06642,"06642 Nebra, Kaiserpfalz",5249,65.645901,167439333.749512,103705.508817274
2994,99759,"99759 Sollstedt, Niedergebra, Großlohra",4843,54.047355,138770368.15918,104102.058879191
2995,99752,99752 Bleicherode,12237,129.149991,332218950.851563,152019.374370461
2996,99735,99735 Kleinfurra und Werther,4516,80.611255,207592748.662598,140350.648840911
2997,99734,99734 Nordhausen,42731,109.145829,281460556.102539,151739.82687497
2998,99755,99755 Ellrich,8099,130.228876,336730877.873535,176629.687357976
2999,99768,99768 Harztor,7881,109.502712,283335504.220703,123165.547595314
3000,99765,"99765 Heringen, Auleben, Görsbach, Hamma, Urbach, Uthleben, Windehausen",7059,100.196358,257725296.509277,97158.9225440545
3001,06528,"06528 Wallhausen, Blankenheim",6067,76.062077,195604656.119629,114293.836058202
3002,06526,06526 Sangerhausen,28932,208.463725,537662121.083984,187692.046738986
3003,06536,"06536 Südharz, Berga",11904,263.53113,680127639.396484,270688.775853656
3004,06537,06537 Kelbra (Kyffhäuser),3666,41.219931,105920140.28125,82539.0169757289
3005,06542,06542 Allstedt,8397,150.743473,387425337.644043,177606.293039484
3006,06268,"06268 Querfurt, Obhausen, Mücheln u.a.",19154,292.951091,749852342.339355,193590.059118347
3007,06638,06638 Karsdorf,1941,20.013259,51061510.0517578,47881.3844122395
3008,99713,99713 Ebeleben,7024,184.605588,471891024.913574,164855.933284394
3009,99706,99706 Sondershausen,22583,200.902565,514644135.888672,142178.621121187
3010,99718,99718 Greußen Clingen Großenehrich,9842,149.365758,381016741.265625,113203.539936455
3011,06567,06567 Bad Frankenhausen/Kyffhäuser,10307,91.0429,233270164.004395,84020.3384540964
3012,06577,"06577 An der Schmücke, Etzleben, Oberheldrungen",7539,114.056662,291313685.824219,107783.930712102
3013,06556,06556 Artern/Unstrut u.a.,9476,82.920639,212436264.685059,98278.8441197452
3014,06464,06464 Seeland,1446,12.842779,33517779.3818359,26946.4423117088
3015,06571,"06571 Roßleben-Wiehe, Gehofen",9184,86.108541,219944589.646484,94966.6783621457
3016,24944,24944 Flensburg,12779,6.120526,18403495.5322266,23848.6344717104
3017,24943,24943 Flensburg,26018,14.294514,42927041.2182617,35113.337363452
3018,24941,24941 Flensburg,10038,18.192668,54588622.5820313,42056.5179154588
3019,24939,24939 Flensburg,19980,6.092119,18310916.546875,28687.7749561602
3020,45468,45468 Mülheim an der Ruhr,21271,2.748307,7061023.15039063,15396.7569602106
3021,24937,24937 Flensburg,13476,4.283353,12862295.8081055,31861.0523492606
3022,23970,23970 Wismar,11255,50.479012,145156952.866211,115259.466661798
3023,23968,"23968 Barnekow, Gägelow u.a.",17207,98.260426,282522523.009766,94484.3476939439
3024,23966,"23966 Wismar, Groß Krankow u.a.",20772,32.362691,92804888.6982422,89907.4424243155
3025,23564,23564 Lübeck,19405,6.11733,17554115.5961914,33813.6825265187
3026,23562,23562 Lübeck,21513,18.788738,53851236.0722656,51244.3762145755
3027,23560,23560 Lübeck,21055,53.317303,152736295.625488,92268.2067558205
3028,44787,44787 Bochum,8368,1.311647,3378499.62304688,11294.4714129818
3029,23558,23558 Lübeck St. Lorenz-Süd und Buntekuh-Süd,26615,4.844439,13904332.4248047,20463.3768137477
3030,23566,23566 Lübeck,21089,12.819537,36821707.3564453,30302.6904558824
3031,23556,23556 Lübeck,16972,20.517385,58937904.5751953,41937.8509434318
3032,23554,23554 Lübeck St. Lorenz Nord,22351,9.911358,28493536.2993164,29481.0298107757
3033,67472,67472 Esthal,1301,14.191747,33456757.7270508,26051.9711198634
3034,23568,23568 Lübeck Schlutup/St. Gertrud,16174,17.76,51058447.4492188,44272.8424661601
3035,23611,23611 Bad Schwartau,23703,23.246789,66945184.015625,56719.6291264719
3036,23689,"23689 Pansdorf, Hobbersdorf, Luschendorf, Luschendorferhof, Rohlsdorf, Rohlsdorfer Beek und Techau",5681,21.989973,63492986.3647461,44236.914528173
3037,23684,"23684 Scharbeutz, Süsel",4727,37.907088,109698504.397461,58686.63258222
3038,23669,23669 Timmendorfer Strand mit Neuhof und Oeverdiek,8753,21.783785,62899563.7329102,50366.0412054196
3039,67169,67169 Kallstadt,1162,4.113782,9746108.45947266,17311.2815782934
3040,23626,23626 Ratekau,5362,30.650227,88374090.8066406,71898.4225223054
3041,23683,23683 Scharbeutz,5899,9.060346,26225013.3046875,34733.5907960594
3042,67283,67283 Obrigheim (Pfalz),2664,10.782757,25646858.9482422,27922.3873249149
3043,30165,30165 Hannover,22608,4.964341,13323856.375,18649.6822601782
3044,90552,90552 Röthenbach an der Pegnitz,11699,21.705025,51353106.3608398,54354.7370596079
3045,91233,91233 Neunkirchen am Sand,4626,14.155633,33576322.6655273,36139.6770598815
3046,91244,91244 Reichenschwand,2220,6.85306,16244883.175293,26604.2857962728
3047,91242,91242 Ottensoos,2035,9.9929,23672370.4174805,34337.7666087749
3048,84561,84561 Mehring,2236,23.380524,52497066.4262695,37255.5322603848
3049,84547,84547 Emmerting,4049,14.036468,31544980.4223633,30530.1881409449
3050,83101,83101 Rohrdorf,5412,29.447152,65200190.2807617,59156.5590085733
3051,82049,82049 Pullach i. Isartal,8701,7.34808,16435200.2329102,26897.8558347649
3052,40470,40470 Düsseldorf,16127,3.060525,7803656.53173828,14895.0052564829
3053,45309,45309 Essen,16931,5.778805,14881303.7919922,18844.8303472543
3054,45307,45307 Essen,21041,7.27062,18711000.8125,23047.0702913481
3055,44869,44869 Bochum,24927,8.239177,21194063.8134766,34639.1902959029
3056,44867,44867 Bochum,11379,6.260964,16113981.4570313,29230.8325968676
3057,44803,44803 Bochum (Stadtteile Altenbochum und Laer),22053,8.407687,21646186.3222656,31969.8419346897
3058,44801,44801 Bochum,15577,8.744126,22488767.6313477,35727.37649221
3059,44799,44799 Bochum,15416,4.343828,11174371.0258789,33360.9140966303
3060,44797,44797 Bochum,13860,15.224902,39120974.3935547,34759.4913318957
3061,44795,44795 Bochum,25213,8.152747,20970684.8232422,29108.9918158132
3062,44789,44789 Bochum,18593,3.658941,9418817.59130859,22141.0796418701
3063,45326,45326 Essen,25965,5.352275,13786110.0825195,25843.6817290505
3064,44793,44793 Bochum,19404,9.741011,25091138.8266602,34620.3587699123
3065,45356,45356 Essen,14233,9.292593,23941836.8735352,31282.8107311346
3066,45329,45329 Essen,24700,9.613393,24791092.7700195,31962.1644297135
3067,44866,44866 Bochum,34969,9.460798,24371315.5825195,27683.3141451163
3068,29473,29473 Göhrde,646,93.651077,259630626.670898,90550.8793266513
3069,45143,45143 Essen,20250,4.285448,11026690.7563477,19583.8117966227
3070,45276,45276 Essen,17204,3.087187,7939384.46240234,17565.5887489674
3071,45279,45279 Essen,25547,7.92263,20370343.3056641,23163.9728944637
3072,45327,45327 Essen,24572,5.655996,14576740.296875,22274.1849767
3073,45139,45139 Essen,13816,3.355524,8633829.33056641,16500.0073056439
3074,45144,45144 Essen,15837,1.748816,4497981.04980469,12445.9223291329
3075,45145,45145 Essen,16342,2.0684,5318902.16210938,14681.5242232148
3076,45128,45128 Essen,11535,1.731574,4452550.97607422,13856.7913810393
3077,45138,45138 Essen,17603,2.824731,7264425.11523438,15025.2194274289
3078,45355,45355 Essen,26981,4.833566,12443016.7016602,20243.3503294808
3079,45130,45130 Essen,15410,1.342144,3449951.91601563,10803.8438577725
3080,45357,45357 Essen,19883,5.220622,13446901.6347656,22556.2652153743
3081,22880,22880 Wedel,31266,32.512531,92164909.9682617,47372.5770693658
3082,46238,46238 Bottrop,25729,11.728817,30258010.6113281,30370.7715096079
3083,46236,46236 Bottrop,23552,4.883012,12598921.09375,15927.8752457787
3084,45136,45136 Essen,14793,3.818492,9815046.99072266,18411.6223975954
3085,45149,45149 Essen,17306,7.814723,20071571.140625,25954.6548394857
3086,46242,46242 Bottrop,22530,10.471619,27014866.359375,37153.1967507383
3087,45470,45470 Mülheim an der Ruhr,18616,18.607032,47762882.2348633,41208.4755116123
3088,92637,"92637 Weiden in der OPf., Theisseil",42982,92.121631,219635886.755371,138112.564887014
3089,45481,45481 Mülheim an der Ruhr,23096,26.834981,68812105.8647461,44645.9660473697
3090,45479,45479 Mülheim an der Ruhr,14028,9.28253,23828297.5947266,34577.3895419978
3091,45289,45289 Essen,9512,6.34326,16293338.6347656,18655.8603662883
3092,45239,45239 Essen,20123,23.655452,60656948.6884766,40279.1418737019
3093,45259,45259 Essen,12723,6.868703,17631583.9072266,17332.3645021456
3094,45257,45257 Essen,13259,14.62849,37517989.3496094,38814.723321523
3095,45472,45472 Mülheim an der Ruhr,20844,8.209691,21101046.0854492,24286.3698377313
3096,44791,44791 Bochum,15551,7.657772,19731160.0742188,28710.9750849566
3097,45473,45473 Mülheim an der Ruhr,17661,5.212471,13401124.059082,19282.7104295056
3098,44809,44809 Bochum,20015,5.685094,14653940.9848633,25684.0644515677
3099,44805,44805 Bochum,27635,12.794616,32998994.1665039,31709.0717218501
3100,44807,44807 Bochum,15739,7.810739,20141878.5454102,32380.5602083436
3101,44879,44879 Bochum,27063,9.435642,24247500.6191406,26647.1776924904
3102,90607,90607 Rückersdorf,4444,8.69795,20608686.2446289,29418.4148021027
3103,50997,50997 Köln,20728,25.634132,64282518.3144531,42480.7799709768
3104,50968,50968 Köln,24413,6.486044,16290845.734375,21935.3810114779
3105,45899,45899 Gelsenkirchen,26846,7.738485,19978801.0351563,28779.5998095974
3106,45525,45525 Hattingen,19209,6.239731,16011286.2939453,21117.4358980358
3107,45897,45897 Gelsenkirchen,20107,9.078502,23459784.5512695,36813.2816551383
3108,58456,58456 Witten,12949,22.294974,57222997.5927734,40134.3071301148
3109,58455,58455 Witten,21888,10.286572,26452266.168457,38247.0791873443
3110,58452,58452 Witten,24203,11.335475,29122255.7856445,35454.0039206559
3111,45529,45529 Hattingen,16883,37.488271,96082895.484375,80254.7743161422
3112,47119,47119 Duisburg,11309,4.989116,12834127.9550781,20282.4350757069
3113,45527,45527 Hattingen,18294,27.91361,71577743.0175781,56491.223971765
3114,42553,42553 Velbert,18140,26.769137,68450008.2617188,42366.748348444
3115,42555,42555 Velbert,15690,20.897975,53526745.7924805,39883.6209035888
3116,42551,42551 Velbert,19611,17.11894,43837576.684082,37070.9206916352
3117,45476,45476 Mülheim an der Ruhr,15065,4.502087,11577371.8173828,15739.6613342493
3118,45478,45478 Mülheim an der Ruhr,17916,10.513063,27014240.2299805,27750.3997625081
3119,47138,47138 Duisburg,14438,10.476236,26955696.5185547,33387.9894323184
3120,47137,47137 Duisburg,30831,6.659256,17140528.515625,22899.6779552585
3121,47058,47058 Duisburg,14344,4.653728,11962544.5415039,18057.1148333696
3122,47166,47166 Duisburg,27432,8.89337,22911657.6708984,27921.5269349328
3123,47139,47139 Duisburg,14398,10.056229,25893204.9404297,25561.3857732559
3124,45475,45475 Mülheim an der Ruhr,18451,5.343303,13746825.5327148,16722.5144880964
3125,47167,47167 Duisburg,27193,7.935296,20450887.7919922,28641.339184518
3126,47059,47059 Duisburg,8510,7.49238,19257504.0478516,22757.0633381026
3127,47057,47057 Duisburg,25940,8.06271,20706452.7519531,21534.0912299597
3128,47169,47169 Duisburg,30142,8.755181,22574952.2104492,31748.2466355746
3129,47055,47055 Duisburg,18975,8.146868,20906030.7060547,25845.3585475634
3130,47249,47249 Duisburg,25619,7.091251,18181762.7485352,30174.2175702865
3131,45219,45219 Essen,17443,14.887534,38147685.3374023,34703.9361988757
3132,47269,47269 Duisburg,16271,11.834144,30312792.3725586,35959.063558813
3133,40885,40885 Ratingen,19398,26.566868,68007363.6357422,52648.7285853768
3134,40883,40883 Ratingen,9013,13.459325,34429083.7880859,31477.4728386262
3135,40882,40882 Ratingen,15897,33.83788,86433393.4667969,77002.116876564
3136,40880,40880 Ratingen,21188,8.763663,22388323.0234375,26770.2505926786
3137,44652,44652 Herne,11536,3.497632,9025922.79150391,21289.0638428636
3138,44651,44651 Herne,20355,5.504517,14196992.7924805,28680.0054515032
3139,44649,44649 Herne,22312,4.333556,11186516.8618164,15764.0782670997
3140,47179,47179 Duisburg,20824,8.745992,22564667.1894531,28409.9301843007
3141,44653,44653 Herne,10835,7.368366,19031085.921875,30127.610182794
3142,42399,"42399 Wuppertal-Beyenburg (dazu gehört u.a. Frielinghausen, Herbringhausen, Spiekern) sowie Dahlhausen, Weuste und Kemna (gehören ganz oder teilweise zur Stadt Schwelm)",4742,18.815045,47943369.7485352,38682.3112829122
3143,42329,42329 Wuppertal,16572,8.421709,21449137.5244141,25404.4030790712
3144,42327,42327 Wuppertal,18472,15.373668,39188768.909668,43100.5218960931
3145,95697,95697 Nagel,1843,7.845197,18946428.1967773,30252.0699278944
3146,40625,40625 Düsseldorf,26186,6.394189,16288334.7832031,19194.8677425285
3147,40627,40627 Düsseldorf,19859,11.070633,28169562.878418,27131.8270629662
3148,47259,47259 Duisburg,22412,24.773057,63449600.3007813,36859.2424114639
3149,40599,40599 Düsseldorf,20421,6.295822,16002149.0649414,20253.0403692022
3150,40597,40597 Düsseldorf,14164,4.713907,11973820.5571289,19334.1000479778
3151,44625,44625 Herne,23039,7.104849,18336443.84375,45071.4779589979
3152,44629,44629 Herne,12133,3.123759,8069914.10107422,18848.6639249043
3153,44628,44628 Herne,13741,7.890144,20389629.3076172,34372.6392046106
3154,44627,44627 Herne,19190,9.345953,24131278.546875,35054.840715716
3155,44623,44623 Herne,21902,3.219731,8313450.69433594,33562.4679470461
3156,27252,27252 Schwaförden,1575,26.362608,71849615.0244141,60605.413690091
3157,42549,42549 Velbert,27893,9.834604,25169210.1152344,33729.6431115449
3158,42853,42853 Remscheid,16855,2.427436,6171723.03173828,13518.9455963429
3159,42389,42389 Wuppertal,15250,8.102231,20678828.4243164,22018.1806613809
3160,42369,42369 Wuppertal,20664,13.174468,33559741.9414063,28852.217311396
3161,42349,42349 Wuppertal,22028,22.450278,57136947.3486328,41987.8094059441
3162,42289,42289 Wuppertal,19194,4.411577,11255765.5556641,14130.9736424089
3163,42287,"42287 Wuppertal (Barmen-Süd, Lichtenplatz u.a.)
Laaken bis Linde",11307,10.99093,28022772.5146484,35871.1366814994
3164,40723,40723 Hilden,16323,4.353091,11053093.8413086,18805.4551939518
3165,42285,42285 Wuppertal,12250,5.414982,13811280.1289063,19944.9352760781
3166,42283,42283 Wuppertal,16819,2.106497,5376417.83496094,10672.668203346
3167,42281,"42281 Wuppertal (Sedansberg, Barmen-Nord)",14380,4.704703,12015412.0463867,19775.0490473134
3168,42279,42279 Wuppertal (Schraberg und Nächstebreck),13967,9.795101,25029722.7714844,27108.1270343748
3169,42277,42277 Wuppertal,23936,3.010558,7687332.74609375,16702.382520354
3170,42275,42275 Wuppertal,12544,1.092161,2787701.75439453,8454.642292731
3171,42113,42113 Wuppertal,10784,7.952214,20296335.2070313,21809.3553356491
3172,42111,"42111 Wuppertal (Dönberg, Elberfeld nördl. ab Westfalenweg)",11641,13.722256,35056600.1791992,35765.4321945248
3173,42109,42109 Wuppertal,14208,4.210399,10747862.8388672,19052.2015816106
3174,42119,42119 Wuppertal,19560,4.313346,10994764.4389648,16515.6052471372
3175,40547,40547 Düsseldorf  Niederkassel und Lörick,15302,5.145722,13114665.09375,16470.1556147949
3176,42117,42117 Wuppertal,13785,4.921112,12543168.6733398,19944.0528221478
3177,42107,42107 Wuppertal,14257,1.396109,3561872.11035156,9557.35668244859
3178,42105,42105 Wuppertal,16722,1.262548,3220857.20214844,9651.23395871493
3179,42115,42115 Wuppertal,14129,4.259031,10862407.8647461,17951.7128437271
3180,42103,42103 Wuppertal,6084,1.165518,2972454.38916016,10818.3201764247
3181,42659,42659 Solingen,15246,21.3247,54121591.8530273,59673.9495890871
3182,42651,42651 Solingen,23414,7.791388,19802879.2749023,27750.6508092965
3183,42899,42899 Remscheid,14319,10.296784,26208769.359375,25399.2367528132
3184,42897,42897 Remscheid,23990,27.175969,69081453.3261719,44948.9779604853
3185,42859,42859 Remscheid,17567,10.178041,25857249.8994141,32198.612429323
3186,42857,42857 Remscheid,17993,11.733897,29815915.7089844,37525.883805396
3187,42855,42855 Remscheid,19811,12.136558,30872368.4277344,31728.4508341155
3188,40593,40593 Düsseldorf,13193,8.777618,22274356.9643555,26527.32234592
3189,58454,58454 Witten,14935,14.122198,36338174.2685547,42281.6645445975
3190,40724,40724 Hilden,20659,11.89584,30238849.6582031,32211.333690201
3191,40721,"40721 Hilden, Düsseldorf",17405,12.08165,30694098.199707,39451.5654706175
3192,45883,45883 Gelsenkirchen,16572,7.29726,18819901.7558594,23414.6397324221
3193,45968,45968 Gladbeck,27751,8.836174,22827362.0385742,23293.1934689021
3194,45966,45966 Gladbeck,25135,16.109244,41679617.2641602,43561.1019725736
3195,45964,45964 Gladbeck,21211,10.969167,28353958.3125,30697.9601865719
3196,45894,45894 Gelsenkirchen,20762,9.37906,24260234.7348633,36399.6108554432
3197,45701,45701 Herten,28946,18.404896,47675054.2329102,40647.5800378134
3198,45699,45699 Herten,32511,18.925032,48958816.0566406,37286.6161543595
3199,44894,44894 Bochum,19495,8.308167,21405159.7924805,32098.7172873377
3200,40589,40589 Düsseldorf,19509,13.217542,33574235.2368164,34320.6229559696
3201,40595,40595 Düsseldorf,23787,5.06693,12856592.4638672,21609.5413617254
3202,40629,40629 Düsseldorf,11902,20.832848,53122174.0517578,56268.6326692851
3203,45892,45892 Gelsenkirchen,15330,12.947705,33478108.1665039,30175.2079763089
3204,45879,45879 Gelsenkirchen,13324,2.187851,5640807.18896484,12291.5180902629
3205,45896,45896 Gelsenkirchen,24226,19.914857,51570027.2158203,39462.2481892644
3206,40489,40489 Düsseldorf,23487,32.180975,82292859.1381836,48127.9864158617
3207,47178,47178 Duisburg,21364,10.320295,26644943.9921875,23369.6799350557
3208,45881,45881 Gelsenkirchen,24073,7.231919,18662588.6938477,23408.3473850636
3209,29223,29223 Celle,15317,32.537147,88239857.9711914,63948.4118942643
3210,29229,"29229 Celle, Wittbeck",10631,92.021523,250063235.632813,91259.1284088026
3211,29227,29227 Celle,13032,29.483015,79812038.4794922,48962.7086232284
3212,29225,29225 Celle,15193,21.552049,58380634.6508789,38549.204742496
3213,29221,29221 Celle,14908,6.43705,17443498.4951172,19611.0390391401
3214,29664,"29664 Walsrode, Ostenholz",23736,351.913307,963124217.403809,209425.812169395
3215,29690,29690 Schwarmstedt u.a.,12933,156.479535,425352174.610352,152879.312222631
3216,29693,"29693 Hodenhagen, Ahlden, Böhme,  Eickeloh und Hademstorf",7274,105.90706,288937982.90625,129071.052487615
3217,27336,"27336 Rethem (Aller), Häuslingen, Frankenfeld",3734,71.965337,196384336.617676,112236.848923692
3218,29348,29348 Eschede,4516,158.691988,432764913.953125,132584.120780391
3219,29303,"29303 Bergen, Lohheide u.a.",13829,264.264129,721968979.043457,180440.492669171
3220,32479,32479 Hille,16106,102.862823,275211807.980469,94858.7193727806
3221,40549,40549 Düsseldorf,12449,5.00686,12754468.7304688,19933.5585888965
3222,47447,47447 Moers,19921,24.04067,61728992.0249023,50716.3301287394
3223,47445,47445 Moers,27221,21.611251,55668418.7265625,35721.6223283942
3224,47443,47443 Moers,26371,8.983591,23113758.7080078,30049.4739352836
3225,47441,47441 Moers,30817,13.004271,33435646.3208008,44304.7004518155
3226,47239,47239 Duisburg,17446,10.017974,25704359.7265625,25963.1239209509
3227,47229,47229 Duisburg,13833,12.169686,31209289.1904297,29423.2396091841
3228,41539,41539 Dormagen,17696,12.924947,32740495.8662109,28133.7116931419
3229,47228,47228 Duisburg,24711,12.557498,32248785.0532227,28183.8849756118
3230,47226,47226 Duisburg,21076,3.593478,9223125.78662109,14464.7929767493
3231,41239,41239 Mönchengladbach,20578,6.890389,17495083.7592773,19188.8431009264
3232,47199,47199 Duisburg,5062,21.336725,54977150.6635742,48186.5150639688
3233,41472,41472 Neuss,12386,19.169778,48674112.1235352,42193.433174347
3234,41238,41238 Mönchengladbach,31086,20.920444,53124655.4125977,51161.6001267851
3235,41470,41470 Neuss,12894,12.326999,31269012.9438477,26393.8760714185
3236,41236,41236 Mönchengladbach,24531,3.479394,8835787.80517578,15052.8680643082
3237,41469,41469 Neuss,18560,8.558741,21727438.9970703,29156.0027360577
3238,41751,41751 Viersen,22348,31.671894,80733298.2495117,45427.4074158745
3239,41749,41749 Viersen,16200,28.100365,71751324.871582,41954.3296711357
3240,41748,41748 Viersen,17713,22.717197,57881211.6098633,49168.214283993
3241,41468,41468 Neuss,17652,18.065495,45891922.5224609,33880.4909855638
3242,41466,41466 Neuss,17147,6.975268,17716156.4082031,20125.9433189334
3243,49074,49074 Osnabrück,11824,3.347588,8933577.40625,13865.6260022206
3244,41069,41069 Mönchengladbach,16039,9.076482,23065635.7314453,33422.6847584701
3245,47198,47198 Duisburg,29283,10.428104,26817347.5546875,25540.0795356074
3246,41542,41542 Dormagen,17220,35.263223,89342337.9633789,55717.5899776128
3247,41541,41541 Dormagen,9906,18.018377,45703023.7983398,36035.0017885899
3248,49084,49084 Osnabrück,18336,8.788753,23450338.8388672,22799.1133313528
3249,41540,41540 Dormagen,17396,19.257453,48725625.9321289,42356.6976281553
3250,40670,40670 Meerbusch,18370,17.832873,45506559.6469727,30635.3961850971
3251,40668,40668 Meerbusch,14922,25.836441,66022062.4482422,40731.9447826258
3252,40667,40667 Meerbusch,21049,20.573154,52465083.7192383,32084.164768955
3253,49080,49080 Osnabrück,19799,5.703895,15209269.8271484,18400.284326974
3254,44581,"44581 Castrop-Rauxel (Norden, Ickern und Henrichenburg)",20055,10.845987,28081451.0180664,40794.3234365839
3255,44577,"44577 Castrop-Rauxel (Ost) = Frohlinde, Merklinde, Schwerin, Deininghausen, Bovinghausen)",16447,16.250258,41995715.2333984,67546.9887909708
3256,44579,44579 Castrop-Rauxel,16136,15.101282,39057258.1040039,38547.1547033377
3257,44575,44575 Castrop-Rauxel,22181,9.461143,24440465.9770508,34755.9909313607
3258,47839,47839 Krefeld,16087,19.122256,49005358.2143555,44385.4899402306
3259,47829,47829 Krefeld,23211,14.237136,36480810.0419922,38850.8224687054
3260,47809,47809 Krefeld,25195,23.373938,59787914.6098633,39728.7951849019
3261,47807,47807 Krefeld,24153,17.051149,43560255.4770508,30229.8679477433
3262,47805,47805 Krefeld,15357,4.497958,11499973.015625,18938.0093946383
3263,06112,06112 Halle/ Saale,11992,10.095474,25970517.7246094,32255.3520810649
3264,47804,47804 Krefeld,18063,13.907904,35547235.6499023,35563.2879598959
3265,47803,47803 Krefeld,25186,10.24951,26237874.0449219,29201.6763324369
3266,47802,47802 Krefeld,9995,21.686455,55589019.34375,49863.8026523557
3267,47800,47800 Krefeld,17896,8.4234,21565169.2236328,24086.1186527248
3268,47799,47799 Krefeld,19045,2.510339,6422904.44775391,14349.6051617037
3269,47623,47623 Kevelaer-Mitte,16449,19.479972,50360991.6000977,32747.886594761
3270,47798,47798 Krefeld,28171,2.591198,6628403.37304688,13151.218832089
3271,41199,41199 Mönchengladbach,21555,12.931679,32790299.5341797,29948.0012321368
3272,38226,38226 Salzgitter,30507,9.177059,24359674.1279297,20393.5400044156
3273,41189,41189 Mönchengladbach,17177,27.936278,70785689.1005859,45751.6014457386
3274,41179,41179 Mönchengladbach,16662,33.822342,85859273.3491211,44357.1424903238
3275,41169,41169 Mönchengladbach,7054,14.683894,37348478.1977539,28940.5545546798
3276,41068,41068 Mönchengladbach,14680,7.869763,20016754.9033203,25963.1223206013
3277,41066,41066 Mönchengladbach,17436,13.419479,34170190.1499023,36779.4125206188
3278,41065,41065 Mönchengladbach,26889,8.01061,20369999.7915039,37415.8297139608
3279,41063,41063 Mönchengladbach,19283,8.180888,20816504.5004883,30263.9041842112
3280,41061,41061 Mönchengladbach,22328,3.227272,8206128.734375,28470.1653525356
3281,41747,41747 Viersen,18744,8.616627,21964866.8701172,30497.4935178329
3282,41517,41517 Grevenbroich,13048,34.853649,88092451.6689453,62119.5812857469
3283,41516,41516 Grevenbroich,20507,41.604537,105462975.393066,67345.1616812734
3284,41515,41515 Grevenbroich,28224,25.954061,65683034.8510742,53778.902830984
3285,23996,23996 Bad Kleinen u.a.,6209,84.966447,243067828.546875,136874.779599865
3286,25821,"25821 Bredstedt, Breklum u.a.",10341,102.073584,303918537.480957,118974.946120987
3287,39619,39619 Arendsee,7303,271.143627,742185722.880371,165215.355856819
3288,29491,29491 Prezelle,492,57.478,158114909.904785,58136.3683364717
3289,49808,49808 Lingen,20052,56.792295,153327109.793457,83984.4461617277
3290,48429,48429 Rheine,29806,11.501295,30701283.5249023,32156.7034858672
3291,49076,49076 Osnabrück,12940,15.238622,40686716.8154297,36490.4747718046
3292,49086,49086 Osnabrück,19036,28.138256,75062674.1777344,78645.829147526
3293,49082,49082 Osnabrück,20306,12.904727,34388357.612793,39727.5924044225
3294,49088,49088 Osnabrück,16390,7.467526,19947247.0024414,22919.3413969233
3295,49078,49078 Osnabrück,15797,15.438722,41168999.8925781,35370.8366557085
3296,49090,49090 Osnabrück,19504,22.665172,60577152.8354492,50779.8031076213
3297,48432,48432 Rheine,20137,122.347783,326207665.821777,146039.193641117
3298,49835,49835 Wietmarschen,11437,119.35976,321879339.313477,94366.1406085928
3299,49809,49809 Lingen,17144,10.666686,28769027.3554688,32046.9671860178
3300,49811,49811 Lingen,14739,108.184397,291712186.96582,97632.1603276737
3301,20253,20253 Hamburg,16529,1.002431,2840252.56201172,9487.6493559982
3302,20249,20249 Hamburg,9681,0.92713,2627973.85107422,8568.29212031958
3303,29379,29379 Wittingen,3529,55.143339,149719906.929199,64389.2232710799
3304,20535,20535 Hamburg,25471,2.011915,5694937.99804688,14598.6217179821
3305,24147,24147 Kiel,6583,2.360983,6923819.59375,11353.0842144083
3306,22113,"22113 Hamburg, Oststeinbek",11801,28.370823,80179085.3242188,65920.439688758
3307,31840,31840 Hessisch Oldendorf,18535,120.08778,318891124.712891,122353.513875213
3308,31787,31787 Hameln,17410,55.351302,146706055.791016,83833.2074295789
3309,31785,31785 Hameln,18319,5.237449,13870830.0908203,26457.5445346049
3310,44892,44892 Bochum,27312,10.375421,26708678.9902344,26822.262288284
3311,25889,"25889 Uelvesbüll, Witzwort",1360,39.264641,115765514.726074,63123.7168198472
3312,24111,24111 Kiel,7284,3.288019,9644001.84765625,14165.7268919493
3313,06108,06108 Halle (Saale),17376,3.714719,9563797.43847656,19200.2332639826
3314,25566,25566 Lägerdorf,3165,15.821575,45460007.6455078,32580.1356980137
3315,48485,48485 Neuenkirchen,13726,48.412928,128933830.391602,66040.4265629495
3316,03052,03052 Cottbus,1505,31.457108,81829100.9228516,58493.1157012829
3317,03058,03058 Neuhausen/Spree,5228,135.400935,350833149.319336,122607.748160122
3318,03051,03051 Cottbus,6526,27.977545,72582574.265625,50678.5405394954
3319,25855,25855 Haselund,912,12.767353,37990721.5693359,25642.416343278
3320,25578,"25578 Dägeling, Neuenbrook",1695,21.881494,62858242.8901367,43081.967105963
3321,25856,25856 Hattstedt u.a.,3335,32.321426,95910688.6079102,50477.6766947138
3322,25813,"25813 Husum, Schwesing, Simonsberg, Südermarsch und Spaltenhof",24116,90.364109,267149831.785156,115621.295733947
3323,58636,58636 Iserlohn,22927,9.490548,24344925.1352539,31210.4858963589
3324,23974,"23974 Neuburg-Steinhausen, Hornstorf",5103,109.055907,314474052.414063,116104.43355117
3325,23972,"23972 Dorf Mecklenburg, Lübow u.a.",5422,79.943855,229188300.668945,107505.336169617
3326,23992,23992 Neukloster,6798,156.853166,450725304.441406,143613.796457828
3327,23948,23948 Klütz,5263,108.497169,312794894.654785,114457.157441486
3328,23923,23923 Schönberg,13729,189.2073,542662499.432129,132955.032670849
3329,23936,"23936 Grevesmühlen, Stepenitztal, Upahl u.a.",16798,241.474868,692664481.832031,217415.772010571
3330,23942,23942 Dassow,4997,94.807018,273159657.030273,102810.374882147
3331,22359,22359 Hamburg,22287,12.565129,35723898.1826172,28639.74125094
3332,22397,22397 Hamburg,16798,31.971414,91117155.3222656,61422.7900355502
3333,22967,22967 Tremsbüttel,1924,10.341428,29527901.2890625,35059.0001046542
3334,22941,"22941 Bargteheide, Delingsdorf u.a.",20276,49.810731,142100403.955078,93235.4803418664
3335,22946,22946 Trittau,12234,66.542018,188773964.227539,118877.598965249
3336,22929,"22929 Hamfelde, Kasseburg, Köthel, Rausdorf, Schönberg",3720,38.930175,110511611.074707,130877.21747558
3337,23860,23860 Klein Wesenberg,1326,15.211324,43546393.7470703,39849.4104458034
3338,23879,23879 Mölln,18473,25.417212,72132256.4404297,55682.026037601
3339,19059,19059 Schwerin,10794,4.146581,11774948.2744141,19845.5585719378
3340,19055,19055 Schwerin,11937,36.403358,103471482.480469,50197.7570305122
3341,23627,23627 Groß Grönau,4431,22.315645,63825630.2231445,60176.5479994317
3342,19395,19395 Plau am See,8314,234.664462,659954698.104492,205314.110819447
3343,23628,"23628 Krummesse, Klempau",3229,16.576758,47388610.4526367,47832.7434969431
3344,23919,23919 Berkenthin,3708,39.99424,114081038.141602,69375.7945284229
3345,23881,"23881 Breitenfelde, Lankau",5150,73.049772,207390635.485352,122697.591002427
3346,23899,23899 Gudow,1765,54.843202,155132652.981445,74543.9662401283
3347,23909,23909 Ratzeburg,14950,69.475565,197924429.441406,107957.242836203
3348,23896,23896 Nusse,2539,40.439585,114953289.746094,58872.7265492781
3349,23911,"23911 Ziethen, Schmilau, Pogeez",4517,85.964912,244737923.968262,151871.62970012
3350,23883,23883 Sterley,3570,114.138673,323712405.443848,131809.665747239
3351,23898,23898 Sandesneben u.a.,5374,56.283277,160288462.761719,91716.9262918798
3352,23847,23847 Lasbek,10322,128.225371,366242846.723145,175133.715366687
3353,26892,"26892 Dörpen, Lehe, u.a.",10598,123.699844,340557612.166504,127530.365726933
3354,24148,24148 Kiel (Wellingdorf und Ellerbek),13845,6.081033,17848380.7397461,21748.393338566
3355,24878,"24878 Jagel, Lottorf",1171,17.517808,51752187.8657227,32131.700013448
3356,24143,24143 Kiel,20188,4.566198,13395622.9121094,18881.7984383157
3357,47624,47624 Kevelaer-Twisteden,2371,15.030914,38810992.8505859,28821.7450954578
3358,18337,18337 Marlow,4794,140.565414,409017004.513672,133649.49293042
3359,18334,18334 Bad Sülze,5014,202.179159,587206376.063477,217886.094522697
3360,18356,18356 Barth,10282,66.726145,196008504.543945,154346.313883481
3361,18465,18465 Tribsees,3123,84.819968,246150486.148438,91900.6104921866
3362,18513,18513 Glewitz,3337,178.996429,517925668.720703,150712.792263903
3363,18311,18311 Ribnitz-Damgarten,15160,89.026616,260060073.566406,122830.559973972
3364,47626,47626 Kevelaer-Winnekendonk,4200,25.408388,65733070.5400391,54245.9602950984
3365,18314,18314 Löbnitz,2262,81.074203,237613261.891602,97275.7760547928
3366,18320,"18320 Ahrenshagen-Daskow, Trinwillershagen u.a.",3611,114.456588,334294929.881836,100075.536650284
3367,18437,18437 Stralsund,16367,15.606867,45697098.7363281,43521.0176421579
3368,47625,47625 Kevelaer-Wetten,2506,25.258065,65251537.4223633,41443.4424453277
3369,51107,51107 Köln,28375,22.556332,56713137.9350586,54281.8435297675
3370,47627,47627 Kevelaer-Kervenheim,2036,15.449951,40027680.4438477,39645.4442969496
3371,38375,38375 Räbke,682,11.359737,30199268.7792969,38846.867338228
3372,50126,50126 Bergheim,19193,26.387406,66446467.9233398,43275.8760068278
3373,38106,38106 Braunschweig,22020,3.941988,10519460.0087891,16306.6603423639
3374,27249,"27249 Maasen, Mellinghausen",1568,43.136814,117335801.343262,71290.2935520865
3375,27251,"27251 Neuenkirchen, Scholen",2065,35.167291,95908380.5473633,67984.9579147937
3376,53129,53129 Bonn,15926,3.14208,7827582.65429688,14283.4484954921
3377,25335,25335 Elmshorn,23663,51.286848,146526290.88916,92290.9566826847
3378,38108,38108 Braunschweig,17843,19.790462,52868575.1484375,45761.8688926831
3379,38112,38112 Braunschweig,16531,21.401041,57186183.3383789,44033.4627872681
3380,38239,38239 Salzgitter,13905,57.77106,153458541.415039,61573.4940881133
3381,38229,38229 Salzgitter,12963,53.488333,141742034.568848,84185.3458276805
3382,38126,38126 Braunschweig,17206,17.657927,47023812.484375,37190.5425688948
3383,53111,53111 Bonn,19084,2.412427,6017977.57958984,14248.4968007671
3384,38124,38124 Braunschweig,20630,15.841989,42150153.6865234,36051.421266753
3385,18551,18551 Sagard,3947,64.169568,190117670.230469,93552.977344778
3386,18573,18573 Samtens,5033,107.44652,315442708.561523,120321.162400939
3387,18569,18569 Gingst,3958,165.906813,490136355.302734,288527.04590636
3388,18574,18574 Garz/ Rügen,4045,135.579319,396774943.264648,219906.628922656
3389,18546,18546 Sassnitz,9754,47.9398,141823976.203125,94172.0259884635
3390,18581,18581 Putbus,4386,65.894192,193303866.605469,112004.968113103
3391,38114,38114 Braunschweig,14794,5.452925,14553021.4824219,23106.3967324302
3392,38104,38104 Braunschweig,16821,20.392157,54402986.6132813,40267.2792253965
3393,38259,38259 Salzgitter,26137,64.508075,170472323.604492,101344.312360228
3394,18586,18586 Sellin u.a.,6348,58.178588,170591261.966797,135863.761388922
3395,18556,18556 Dranske,4295,99.48584,295898119.226563,177333.039957043
3396,38170,38170 Schöppenstedt,9470,133.299042,353372020.070313,128114.212182004
3397,38102,38102 Braunschweig,17351,2.538331,6767035.27050781,14644.5137652562
3398,46487,46487 Wesel,16396,77.646907,201610794.307129,78957.5869683264
3399,38118,38118 Braunschweig,20047,3.395597,9053632.76953125,14139.4764748703
3400,17209,17209 Wredenhagen,5964,338.313394,946765580.104492,313937.889039236
3401,38228,38228 Salzgitter,15462,39.348927,104387690.950684,58969.1558535866
3402,38644,38644 Goslar,6293,79.606901,208951303.929688,175837.222374396
3403,38700,38700 Braunlage,4514,59.607938,155065332.165039,83383.6244700463
3404,37520,37520 Osterode am Harz,23204,233.753035,608781194.582031,176911.099256964
3405,38116,38116 Braunschweig,14923,16.860019,44995132.2709961,38589.9498379161
3406,17237,"17237 Neustrelitz-Land 
Blankensee
Blumenholz	
Carpin	
Godendorf	
Grünow	
Hohenzieritz	
Klein Vielen
Kratzeburg	
Möllenbeck	
Userin	
Wokuhl-Dabelow",7729,447.126089,1252637277.03027,400533.747116198
3407,17094,17094 Cölpin,8650,149.303108,420372692.455078,157825.318809554
3408,38100,38100 Braunschweig,12351,2.215903,5908948.95410156,11556.6271219468
3409,37431,37431 Bad Lauterberg,10978,118.597892,307626696.249512,112686.36178329
3410,38120,38120 Braunschweig,25310,11.431479,30462938.6748047,27802.3128591006
3411,17337,"17337 Uckerland, Groß Luckow, Schönhausen",3443,195.96791,550975975.642578,184020.218532401
3412,17309,17309 Pasewalk u.a.,18256,337.116512,950011474.642578,223809.760121354
3413,17367,17367 Eggesin,5045,88.258291,250195880.829102,115140.368103726
3414,17379,17379 Ferdinandshof u.a.,5262,196.56375,557737140.449219,168797.334865114
3415,17322,"17322 Löcknitz-Land
Blankensee
Boock
Glasow	
Grambow	
Rossow",2722,121.170172,340360193.365234,208035.184003772
3416,17375,"17375 Vogelsang-Warsin, Meiersberg, Mönkebude u.a.",5740,226.82643,644463404.313477,297037.552450244
3417,17335,17335 Strasburg,5355,87.398866,246577058.958984,101099.072841807
3418,17321,"17321 Löcknitz, Rothenklempenow",5090,165.495618,465411897.423828,186248.619037205
3419,17373,17373 Ueckermünde,9102,35.823209,101961851.962891,78787.9421326063
3420,38122,38122 Braunschweig,14274,21.242528,56546473.7182617,40441.1806780248
3421,38110,38110 Braunschweig,12569,30.617557,81901381.8110352,67543.8897865721
3422,29386,"29386 Hankensbüttel, Obernholz, Dedelstorf",6591,148.418572,403961487.754395,101204.782293417
3423,29378,29378 Wittingen,8212,171.164889,465292771.572266,127689.205906445
3424,38470,38470 Parsau,1850,40.118803,108230918.675781,60712.0195327677
3425,51467,51467 Bergisch Gladbach,18299,12.318789,31086041.3525391,35190.3533272454
3426,51427,51427 Bergisch Gladbach,22637,12.210071,30732441.3354492,36569.1817596981
3427,51465,51465 Bergisch Gladbach,14299,12.249413,30890486.6943359,40301.8294283377
3428,51381,51381 Leverkusen,30249,15.653927,39609544.8188477,42617.1197361811
3429,51469,51469 Bergisch Gladbach,27433,11.458985,28885244.703125,34264.4561287655
3430,51371,51371 Leverkusen,29624,15.610194,39474942.4931641,38270.6943721658
3431,51379,51379 Leverkusen,22796,6.751931,17081796.581543,23688.7731197507
3432,51429,51429 Bergisch Gladbach,26062,34.872127,87856722.6875,57403.3341050699
3433,51375,51375 Leverkusen,25396,10.441008,26371348.4570313,30373.4256991928
3434,51373,51373 Leverkusen,26835,14.324565,36186102.5439453,39444.2975494361
3435,51377,51377 Leverkusen,24162,16.20179,40949181.5820313,53615.7479192111
3436,24146,24146 Kiel,10760,4.295315,12586701.9003906,23479.1338394799
3437,24145,24145 Kiel,11494,24.497632,71746593.8041992,44192.8328219699
3438,24109,24109 Melsdorf,23256,12.471842,36604552.0854492,38985.3374899722
3439,25557,"25557 Hanerau-Hademarschen, Seefeld u.a.",5900,96.861317,281504049.542969,98389.9560350685
3440,20357,20357 Hamburg,15020,1.192272,3375604.06152344,10559.2681046915
3441,24113,24113 Kiel,21753,16.992758,49798915.6245117,45416.3104457757
3442,25337,25337 Elmshorn,18041,20.514919,58589198.4082031,43849.5798591965
3443,25474,"25474 Ellerbek, Bönningstedt und Hasloh",11837,31.416024,89426216.6972656,53868.8486302585
3444,25336,25336 Elmshorn,15378,16.793502,47921593.4912109,42496.025796852
3445,25364,25364 Brande-Hörnerkirchen,3955,44.868915,128850996.331543,61663.0700938328
3446,25485,25485 Hemdingen,2948,32.720827,93567097.7543945,65439.5256024806
3447,10789,10789 Berlin Schöneberg,4131,0.448729,1207247.40136719,6462.53311559748
3448,25355,25355 Barmstedt,12731,76.576868,219273712.591309,105332.625826661
3449,19357,"19357 Karstädt, Dambeck, Klüß",6757,276.975768,769399384.367188,163852.814858759
3450,19073,"19073 Stralendorf, Wittenförden, Dümmer (incl. Parum), Klein Rogahn, Schossin, Wodenhof	und Zülow",7197,84.659906,239774014.745117,117994.88435044
3451,19303,19303 Dömitz,4494,138.11901,384231385.42627,151921.646534649
3452,19249,19249 Lübtheen,4615,120.687953,337345134.243652,113942.075958202
3453,19075,19075 Pampow,4627,50.296196,142204568.205078,79984.4720529937
3454,19258,"19258 Boizenburg, Gresse, Greven u.a.",15989,256.725443,721793863.964844,179449.704821385
3455,19300,19300 Grabow u.a.,8711,217.1548,605409919.967773,194623.225017409
3456,19306,19306 Neustadt-Glewe,7512,128.110215,359652701.732422,109672.694551962
3457,19077,19077 Rastow,3923,105.809244,298139279.324219,120405.791887406
3458,19260,19260 Vellahn,3012,122.224388,343584408.812012,151127.697311903
3459,19230,19230 Hagenow u.a.,20197,404.704251,1137275150.34229,246389.73516019
3460,19273,"19273 Amt Neuhaus, Stapel",6836,308.488854,861172518.28125,198636.934904186
3461,19246,19246 Zarrentin,6262,145.829713,412533294.918457,121463.440578719
3462,19243,19243 Wittenburg und Wittendörp,9043,185.058409,522628596.53418,139421.488324253
3463,19288,19288 Ludwigslust,16334,236.290808,661447576.249023,195256.820344083
3464,19294,19294 Neu Kaliß,7228,238.241555,663309153.177734,158931.311227464
3465,38368,"38368 Rennau, Querenhorst, Mariental, Grasleben",4636,61.265721,163639222.54248,86647.5364111513
3466,38154,38154 Königslutter am Elm,15670,150.696794,401912940.831055,163369.537341376
3467,38373,"38373 Süpplingen, Frellstedt",2522,16.57448,44112519.4052734,45895.6576821778
3468,38350,38350 Helmstedt,23258,66.997974,178402176.606445,94344.1557045829
3469,25348,25348 Glückstadt,12796,23.335202,66783964.9204102,45813.2722911014
3470,25524,25524 Itzehoe,35898,65.632718,189040404.453613,106259.850180854
3471,25569,25569 Kremperheide,3813,27.691798,79586157.0449219,52889.8634698016
3472,25358,25358 Horst,7016,65.590999,187956373.248535,83074.2546396188
3473,25563,25563 Wrist,3662,43.933464,126550001.220215,65619.1023566941
3474,25376,25376 Borsfleth,1027,19.047227,54607403.0170898,40879.1630279287
3475,25361,"25361 Krempe, Grevenkop, Süderau, Muchelndorf",3589,29.360679,84172686.7905273,46039.1790050274
3476,25597,25597 Westermoor,1032,24.526477,70581574.1240234,41569.9210064062
3477,10409,10409 Berlin Prenzlauer Berg,21656,1.751824,4721699.27246094,10833.8055910975
3478,25584,25584 Holstenniendorf,675,19.414796,56257239.4912109,37956.9062379156
3479,25548,25548 Kellinghusen,9114,49.958726,144114146.668945,76420.3628601376
3480,25572,25572 Sankt Margarethen,1785,49.999684,144020945.004883,73458.6282366973
3481,25554,25554 Wilster,7286,82.503708,237703399.998047,94137.3480540622
3482,25594,"25594 Vaale, Nutteln und Vaalermoor",1682,28.295846,81758941.1337891,47971.4352522075
3483,25551,25551 Hohenlockstedt,7992,86.534132,250059486.849609,91932.9717517632
3484,25560,"25560 Schenefeld, Puls, Warringholz, Pöschendorf, Agethorst. Bokhorst, Aasbüttel, Hadenfeld. Oldenborstel und Kaisborstel",4488,57.813684,167563825.594727,95979.3970633708
3485,25596,25596 Wacken,2608,26.958712,78023238.5175781,55712.150691292
3486,25593,25593 Reher,851,18.653772,54085808.3842773,37776.5594726761
3487,25581,25581 Hennstedt,1000,19.170855,55504504.3466797,44813.0592552503
3488,25579,25579 Fitzbek,471,14.068368,40673792.7924805,33353.9101699862
3489,25582,25582 Hohenaspe,3100,48.942727,141520839.067871,65117.575778618
3490,25588,25588 Oldendorf,1888,24.354581,70328123.5654297,57772.9817792043
3491,25719,25719 Barlt und Busenwurth,1082,32.93364,95322424.9951172,54482.3204112985
3492,25770,25770 Hemmingstedt,3330,20.666021,60176780.1918945,39960.4355866221
3493,25709,"25709 Kronprinzenkoog, Marne, Helse, Diekhusen-Fahrstedt, Marnerdeich und Kaiser-Wilhelm-Koog",9025,66.602566,192193654.137695,96943.9819446165
3494,25712,25712 Burg (Dithmarschen),8051,64.939577,187692374.859863,69429.9456397196
3495,25727,25727 Süderhastedt,1774,42.418671,122947858.34082,63028.677505865
3496,25724,"25724 Neufeld, Schmedeswurth",971,25.96004,74750634.8105469,63235.1437841971
3497,25794,"25794 Pahlen, Dörpling und Tielenhemme",1998,31.228969,91438250.6938477,60312.1925953774
3498,25785,25785 Nordhastedt,3800,51.139779,148886919.060547,55488.8652815729
3499,25761,25761 Büsum,6743,44.643603,130044583.445801,62832.005878271
3500,25782,25782 Tellingstedt,4549,74.99459,219052421.78418,79489.9228023107
3501,25704,25704 Meldorf,11982,125.876672,365569046.395996,111240.185538376
3502,25715,"25715 Eddelak, Averlak, Dingen, Ramhusen",2870,29.845689,86066351.6479492,65636.2914772808
3503,25746,"25746 Heide, Lohe-Rickelshof, Norderwöhrden, Ostrohe und Wesseln",25418,66.213742,193208730.130371,101288.140397114
3504,25693,"25693 Sankt Michaelisdonn, Gudendorf, Volsemenhusen, Trennewurth",4694,53.910433,155772825.498535,94760.2724374615
3505,25767,25767 Albersdorf,6206,96.451007,280855051.941895,103859.833024698
3506,19417,19417 Warin,5007,102.610737,293589749.142578,165191.236905658
3507,19071,19071 Brüsewitz,3756,66.668045,189623299.600586,115430.568184247
3508,19209,19209 Lützow,3539,79.480911,225632409.998535,98603.820803292
3509,19069,19069 Lübstorf,5695,111.37949,317589853.023438,117852.527743721
3510,19205,19205 Gadebusch u.a.,11436,245.396036,698761637.26709,179848.903676535
3511,19217,"19217 Rehna, Carlow u.a.",9224,215.361141,615249849.636719,163070.803427169
3512,25791,"25791 Linden, Barkenholm",1072,17.268963,50515104.0849609,38442.5514000634
3513,25764,25764 Wesselburen,5782,95.317058,278381639.918945,108067.032124283
3514,25792,25792 Neuenkirchen und Strübbel,1149,29.740716,86964433.9990234,50115.373882193
3515,25774,"25774 Lunden, Groven, Hemme, Karolinenkoog, Krempel und Lehe",4172,68.792642,201856301.426758,86039.5744186317
3516,25878,"25878 Drage, Seeth",1187,20.982479,61712824.3457031,47235.4652869953
3517,25788,25788 Delve,1081,27.439311,80494646.3999023,50410.4353812213
3518,25779,25779 Hennstedt,3896,76.433287,224017778.998047,105949.939602474
3519,25795,25795 Weddingstedt und Stelle-Wittenwurth,2813,28.303753,82786763.8603516,45348.2939146691
3520,25836,"25836 Garding, Osterhever, Poppenbüll u.a.",4051,75.543798,222023769.350586,97272.0438246329
3521,25881,"25881 Tating, Westerhever, Tümlauer Koog",1201,52.653566,154749166.315918,95732.6849180369
3522,25832,25832 Tönning,5206,52.752863,154770754.536621,57919.0522052271
3523,25876,25876 Schwabstedt,2235,36.780114,108394395.533203,57227.0694005008
3524,25882,25882 Tetenbüll,648,36.616003,107774862.285156,59030.1892681224
3525,25870,25870 Oldenswort,1353,50.196914,147708014.391602,78558.2655062295
3526,25840,"25840 Friedrichstadt, Koldenbüttel,  Feddersdeich, Hakenhof, Mildterhof, Peterskoogsdeich. Rantrumdeich und Ziegelhof",3569,39.103113,115156209.037109,60021.7631014664
3527,25862,25862 Joldelund,1587,43.281647,129202316.715332,56752.5824006938
3528,25853,25853 Ahrenshöft,2520,39.613537,117822741.327148,50355.2570782343
3529,10319,10319 Berlin,22951,3.574872,9614991.21582031,16788.9458938247
3530,25885,25885 Wester-Ohrstedt,3094,61.491907,182275169.55957,71572.0008654526
3531,25860,25860 Horstedt,1527,26.050103,77251423.4672852,43246.8757523123
3532,10318,10318 Berlin Karlshorst,22187,6.792205,18254899.8222656,22692.3292525097
3533,25850,"25850 Behrendorf, Bondelum",780,24.444111,72601531.4594727,39013.4077613039
3534,25887,25887 Winnert,722,18.903524,55791807.7182617,34336.0160892978
3535,25884,25884 Viöl,2757,43.567121,129544130.974121,84052.0521861254
3536,25873,25873 Rantrum,2306,24.499195,72372885.03125,40058.0013854127
3537,25872,25872 Ostenfeld,2347,47.502486,140420120.719727,56049.0378595883
3538,25852,25852 Bordelum,1554,22.048996,65755903.0292969,45601.5790542506
3539,25842,"25842 Langenhorn, Ockholm u.a.",4415,94.092652,281193077.361816,111463.372996346
3540,25926,25926 Ladelund,2234,71.495756,215344266.185547,68782.887714733
3541,24983,24983 Handewitt,6387,64.353703,193020475.608887,72411.2484857914
3542,24977,24977 Langballig,3785,34.292982,103031618.280273,84016.7260059923
3543,24960,"24960 Glücksburg, Munkbrarup",6988,28.834409,86787205.3178711,79662.0474823845
3544,19057,19057 Schwerin,17265,20.692509,58796660.6494141,47456.7946540568
3545,19063,19063 Schwerin,16702,18.133742,51418363.2578125,37100.66078385
3546,19053,19053 Schwerin,15826,3.385165,9607374.140625,21615.4566773744
3547,19061,19061 Schwerin,18820,47.853269,135547139.523438,72261.6880300657
3548,19412,19412 Brüel,5070,165.783325,472457942.833984,143693.353146586
3549,19089,"19089 Crivitz, Friedrichsruhe u.a.",9214,251.939552,713209420.749023,193072.471082799
3550,19386,"19386 Lübz, Passow",10250,253.430641,713377761.824219,187268.720971637
3551,19399,19399 Goldberg,6519,213.085888,603452570.825195,165006.254712082
3552,19372,19372 Spornitz,5076,221.623153,621403751.291016,242406.120602095
3553,19374,"19374 Domsühl, Mestlin, Obere Warnow u.a.",5097,204.795082,578356096.564453,209576.398343427
3554,19065,19065 Pinnow,3478,45.993124,130487140.486328,85257.1088144695
3555,19406,"19406 Sternberg, Dabel u.a.",8081,226.678701,644939448.630859,158835.236806715
3556,19067,19067 Leezen,5091,90.555719,257910889.873047,114934.699263538
3557,19376,"19376 Marnitz, Siggelkow",2926,150.119896,420368806.665039,120861.807585334
3558,19086,19086 Plate,3377,21.14014,59796260.609375,48670.3455199263
3559,19079,"19079 Banzkow, Sukow",4253,74.922692,211484859.958008,94277.0281494902
3560,19370,19370 Parchim,17490,101.579054,285532069.790039,112768.764247379
3561,24972,"24972 Steinberg, Steinbergkirche",3667,45.952698,137876506.866699,59309.6769026814
3562,24996,24996 Sterup,1649,20.963899,62747213.3696289,43848.1243363078
3563,24395,"24395 Gelting, Niesgrau, Rabenholz, Kronsgaard, Stangheck, Pommerby und Nieby",3724,63.71547,190936259.952148,109559.009036951
3564,24376,"24376 Kappeln, Hasselberg, Rabel, Grödersby, Wormshöft und Hauheck",10706,68.433344,204367006.252441,100154.158540475
3565,24855,"24855 Bollingstedt, Jübek",4126,42.398918,126018380.277832,62701.9843305162
3566,24407,24407 Rabenkirchen-Faulück und Oersberg,999,21.163502,63138648.3486328,55469.2154026031
3567,24392,"24392 Süderbrarup, Boren, Norderbrarup, Scheggerott, Wagersrott, Saustrup, Nottfeld",7687,77.40592,230710187.74707,93665.2612323835
3568,24879,24879 Idstedt,1966,17.911327,53228031.84375,39908.154037989
3569,24894,24894 Tolk und Twedt,1594,23.013889,68465853.5341797,45056.3914685133
3570,24405,"24405 Mohrkirch, Rügge",1326,21.469507,64137582.3300781,52165.9699526506
3571,24890,24890 Stolk,1279,21.270501,63283253.3500977,52239.5057656638
3572,24860,"24860 Böklund, Uelsby und Klappholz",2472,28.874194,86009125.8164063,65939.0312271963
3573,24891,"24891 Schnarup-Thumby, Struxdorf, Hollmühle, Ekebergkrug, Eslingholz, Rabenholzlück, Dingwatt und Lüttholm",1302,24.861634,74124577.6298828,51771.2401753054
3574,24888,24888 Steinfeld und Loit,1043,15.443293,45964156.1225586,38549.9985809511
3575,24986,24986 Mittelangeln,4918,44.890827,134096925.027344,65113.1503758435
3576,24848,"24848 Kropp, ALt Bennebek, Klein Bennebek, Klein Rheide und Boklund",7399,82.577144,243409372.661133,87484.6434367515
3577,24872,24872 Groß Rheide,915,15.370656,45387588.6430664,31069.1550531161
3578,24857,24857 Fahrdorf,3179,21.999357,65136686.559082,38808.1266277646
3579,18317,18317 Saal,1572,49.124396,143949267.481445,86752.4622985149
3580,18375,18375 Prerow a. Darß,3462,82.672347,243591793.40625,107512.556934577
3581,18461,"18461 Franzburg, Richtenberg, u.a.",4281,123.783829,360306796.935547,136104.354134886
3582,18507,18507 Grimmen,10114,50.549488,146710641.355469,80961.7881006526
3583,18374,18374 Zingst a. Darß,3120,50.093062,147621538.287109,114888.02975627
3584,18519,18519 Miltzow u.a.,5255,160.525733,467396570.636719,108997.776369431
3585,18510,18510 Wittenhagen,3574,95.27624,277427661.991211,107499.742781047
3586,18469,18469 Velgast,2105,84.62885,247427239.864258,106379.83928695
3587,18445,18445 Prohn,7181,121.584147,357452806.755859,162698.736726544
3588,18442,"18442 Niepars , Groß Kordshagen,Jakobsdorf, Lüssow, Pantelitz, Steinhagen, Wendorf",8375,181.649454,531426068.666992,188532.395857756
3589,18347,18347 Dierhagen,3401,40.016107,117234561.513672,103847.235815536
3590,18516,18516 Rakow,4110,149.710364,433509210.972656,127913.198175258
3591,18439,18439 Stralsund,14996,17.377326,50825995.4736328,68100.0327389043
3592,18435,18435 Stralsund,25370,6.669145,19552670.1035156,22748.3952418975
3593,51065,51065 Köln,21400,2.663187,6704333.17236328,13355.0075963944
3594,51143,51143 Köln,23123,15.270813,38287250.6318359,33154.0403724818
3595,51145,51145 Köln,25894,6.703767,16824480.1582031,19528.3609234876
3596,51067,51067 Köln,27232,5.702757,14362930.5581055,20484.492547223
3597,51069,51069 Köln,31587,20.421621,51490597.2612305,49752.2724645171
3598,51147,51147 Köln,22992,31.974578,80201371.6933594,49355.9776053999
3599,51149,51149 Köln,21575,15.289389,38408354.53125,34134.0898163052
3600,51061,51061 Köln,30678,16.459939,41507996.112793,40241.0844448282
3601,51103,51103 Köln,36171,5.029845,12655282.8222656,21235.8309334974
3602,51109,51109 Köln,28435,12.493214,31437709.2905273,31227.445574232
3603,51105,51105 Köln,27095,7.860509,19756993.1992188,23267.7050900931
3604,51063,51063 Köln,33955,6.618782,16671353.1079102,24066.9236778766
3605,50667,50667 Köln,4795,1.274894,3207116.00976563,12486.5298829386
3606,50933,50933 Köln,17885,7.287737,18334932.3325195,24803.0075689751
3607,50999,50999 Köln,18839,9.765602,24500302.215332,25552.3780098717
3608,50827,50827 Köln,27209,5.642563,14211750.8964844,23919.1111714411
3609,50739,50739 Köln,26153,6.794966,17124000.0019531,29402.0089934819
3610,50672,50672 Köln,9583,1.091933,2747278.40820313,11209.5673790783
3611,50859,50859 Köln,22027,9.940109,25019612.3564453,32460.1788141081
3612,50679,50679 Köln,15197,5.415379,13621944.6811523,18368.2339393466
3613,50939,50939 Köln,14507,2.348656,5900443.63964844,15743.2774506249
3614,50825,50825 Köln,25907,3.577679,9005782.15332031,20346.3507664585
3615,50737,50737 Köln,18744,7.130573,17978700.9770508,27573.3477814386
3616,50677,50677 Köln,12923,1.063562,2673520.52978516,8692.64047383949
3617,50996,50996 Köln,15002,8.70933,21857138.6230469,26404.9484215607
3618,50678,50678 Köln,17874,1.460062,3670511.77929688,10595.1097250635
3619,50670,50670 Köln,17303,1.887324,4750100.89990234,15641.7045699628
3620,50937,50937 Köln,26066,4.267387,10722659.0791016,22793.4385399988
3621,50858,50858 Köln,23454,9.133309,22960422.9189453,25289.4560455156
3622,50767,50767 Köln,16821,5.882485,14838210.925293,23236.0972757503
3623,50676,50676 Köln,14676,1.370259,3445923.84814453,12253.3152921263
3624,50823,50823 Köln,29057,2.488378,6263000.38085938,14444.5667572948
3625,50735,50735 Köln,30800,14.742605,37167610.3452148,44186.2690285198
3626,50668,50668 Köln,11765,1.591028,4004339.27246094,14008.2140934703
3627,50969,50969 Köln,19996,3.960429,9948959.87402344,16957.1321737908
3628,50829,50829 Köln,18994,13.868964,34940545.5371094,39457.093183524
3629,50765,50765 Köln,30471,16.618713,41949236.2246094,43876.2495181167
3630,50935,50935 Köln,16884,5.142317,12926609.1865234,19407.0155283418
3631,50769,50769 Köln,31663,44.327505,112018978.748047,82072.905413133
3632,50733,50733 Köln,34574,3.070527,7732711.6484375,14317.0164860582
3633,50674,50674 Köln,17561,1.426352,3587178.29492188,11322.2512025777
3634,50931,50931 Köln,15618,2.414659,6072548.21044922,13203.304439738
3635,50127,50127 Bergheim,18616,19.591489,49271434.394043,47426.1659448138
3636,12435,12435 Berlin Alt-Treptow,16319,3.938399,10587354.4677734,17793.8285685929
3637,50129,50129 Bergheim,21118,50.462233,127156725.915039,65185.5119281588
3638,50169,50169 Kerpen,23066,28.241477,70858861.0473633,58233.8282014207
3639,50170,50170 Kerpen,21609,38.265686,96020883.2363281,72001.1215764426
3640,50171,50171 Kerpen,18597,47.447078,118955612.62207,58060.6738898533
3641,52353,52353 Düren,25000,31.463377,78769604.480957,50143.834853626
3642,12487,12487 Berlin,18147,6.432041,17255374.9912109,18797.3053056853
3643,52351,52351 Düren,25832,13.24243,33103720.6025391,33342.2584475106
3644,20537,20537 Hamburg,16495,3.433468,9714361.52197266,15575.1214270428
3645,52349,52349 Düren,14672,6.667461,16669638.675293,24284.698312699
3646,12489,12489 Berlin Teltowkanal III,15233,6.169691,16545823.3476563,18640.4996697947
3647,12589,12589 Berlin Rahnsdorf,9223,21.393296,57384603.9423828,47694.1372520597
3648,52355,52355 Düren,23203,33.641062,84027696.277832,54288.9732357815
3649,53840,53840 Troisdorf,23705,9.23243,23104347.421875,26929.5536115694
3650,20354,20354 Hamburg,2273,1.285909,3639927.81640625,10523.1281923232
3651,53842,53842 Troisdorf,23720,32.757165,82071896.7197266,49174.8022354668
3652,53844,53844 Troisdorf,24936,19.848321,49622814.4458008,38666.043169433
3653,53123,53123 Bonn,23096,7.700009,19186686.7836914,27169.196770342
3654,53127,53127 Bonn,14030,7.65519,19065211.5703125,22599.3092385303
3655,53121,53121 Bonn,15556,5.594238,13950604.6269531,22382.823248637
3656,53113,53113 Bonn,10036,4.083827,10178681.4482422,21789.3236049066
3657,53115,53115 Bonn,17685,3.701835,9227654.95410156,23208.0269706688
3658,53119,53119 Bonn,19928,3.63546,9070825.85253906,21836.6826569639
3659,53117,53117 Bonn,21650,7.204297,17983880.8564453,27141.3870764095
3660,53225,53225 Bonn,22596,9.735617,24299991.6357422,30018.0763768992
3661,53229,53229 Bonn,24415,13.152139,32811777.8808594,39575.2369604455
3662,53227,53227 Bonn,17519,10.102823,25184722.3491211,33899.68923337
3663,53175,53175 Bonn,19609,9.864878,24564255.2290039,30726.7493519629
3664,53173,53173 Bonn,11860,2.434996,6061253.98144531,18071.3811634438
3665,53179,53179 Bonn,16953,7.536468,18738541.6025391,29494.2787336372
3666,53125,53125 Bonn,14981,25.207482,62690309.4174805,46018.7514013298
3667,53177,53177 Bonn,20883,17.887581,44489765.6274414,34552.7696026351
3668,18609,18609 Binz,5206,23.863495,70228330.2626953,84504.9165595469
3669,18528,18528 Bergen/ Rügen,17820,191.979162,565528438.149414,252379.837977441
3670,38304,38304 Wolfenbüttel,18427,36.224422,96090738.1171875,53838.5915681072
3671,38300,38300 Wolfenbüttel,13545,10.191677,27044063.7827148,33149.8334590174
3672,38302,38302 Wolfenbüttel,19775,32.042739,85143194.5239258,56493.7634801344
3673,17509,17509 Lubmin,8794,180.056006,521541866.225586,151649.564022965
3674,17506,17506 Gützkow,3882,83.273646,239579248.560547,89839.079386665
3675,17498,17498 Neuenkirchen,10225,207.760323,601535374.446289,223578.842231263
3676,17392,17392 Spantekow,3290,170.346787,485810708.860352,147293.797545522
3677,17495,17495 Karlsburg,5027,127.421474,367365381.192383,117946.336732652
3678,17493,17493 Greifswald,10128,23.614167,68440067.0419922,85653.7244919052
3679,17491,17491 Greifswald,20768,7.648377,22141896.1992188,26492.2358868883
3680,17398,17398 Ducherow,4156,177.088774,505274477.420898,144138.90418782
3681,17391,17391 Krien u.a.,3497,168.810552,483267598.94043,145458.008464484
3682,17390,17390 Klein Bünzow,3533,181.84735,522258043.020508,129777.180244141
3683,17489,17489 Greifswald,24604,19.53258,56579365.4189453,50087.2253253073
3684,17389,17389 Anklam,13107,56.326758,161182712.299805,87620.0688774806
3685,24975,"24975 Husby, Hürup, Ausacker, Tastrup",5186,56.527001,169529434.008301,73071.4431258216
3686,24991,24991 Großsolt,3413,40.540595,121296784.509277,64762.083190011
3687,24963,24963 Tarp,6159,32.038883,95622406.6767578,50634.528826108
3688,24850,"24850 Schuby, Lürschau und 
Hüsby",4487,49.312195,146183333.900391,66159.2894984749
3689,24864,"24864 Brodersby, Goltoft",762,13.45114,39905343.3803711,31946.9897689986
3690,24994,24994 Medelby,2298,77.911781,234422978.79834,66935.3748573833
3691,24969,"24969 Großenwiehe, Lindewitt",4915,84.037554,251297746.105957,84414.24491547
3692,24803,24803 Erfde,2301,47.100143,138196693.652344,63278.0481314043
3693,24980,"24980 Schafflund, Meyn u.a.",5266,74.795133,224274833.280762,81046.5108301378
3694,24852,"24852 Eggebek, Langstedt, Sollerup, Süderhackstedt",4060,52.75896,157026320.770996,81350.7939043443
3695,24799,"24799 Meggerdorf, Friedrichsholm, Friedrichsgraben, Christiansholm, Königshügel",1601,53.538185,157210344.769531,84464.4817387641
3696,24992,24992 Jörl,1247,34.293386,102192469.838867,47094.6096953372
3697,23816,23816 Leezen,3758,39.539284,113534280.565918,53774.5217849374
3698,17111,17111 Demmin u.a.,7742,360.766279,1033807701.33594,274812.352242703
3699,17087,17087 Altentreptow,5688,53.132003,151083527.628906,74590.2388186767
3700,17129,17129 Bentzin,4114,140.645118,403601044.623047,137625.419417746
3701,17089,17089 Burow,4833,191.889007,547336948.201172,155804.615049542
3702,17139,17139 Malchin,11352,261.531043,744971499.946289,194343.321534472
3703,17091,17091 Rosenow,6496,259.54263,736855528.265625,178416.930938354
3704,17153,17153 Stavenhagen u.a.,10034,216.809695,616133933.738281,143557.714515922
3705,17121,17121 Loitz,6464,170.426451,491563302.177734,134863.333031592
3706,17154,17154 Neukalen,1918,48.194397,137933535.136719,63959.8663391292
3707,17126,17126 Jarmen,3133,32.226497,92528815.5478516,62817.0908464045
3708,17159,17159 Dargun,4557,118.18217,339694192.202148,112320.521562467
3709,17109,17109 Demmin,11750,82.173133,236229703.818359,91379.2932851649
3710,42653,42653 Solingen,17703,11.533408,29345657.0390625,28073.7704141008
3711,46485,46485 Wesel,22751,38.444169,99781865.21875,52521.4574651141
3712,46483,46483 Wesel,21308,6.468344,16787088.9824219,20509.1396761687
3713,17213,17213 Malchow u.a.,8783,138.415843,389420273.885742,116824.809309575
3714,17214,17214 Nossentiner Hütte,1593,95.276904,269066726.973633,78710.9560417948
3715,17217,17217 Penzlin,4897,136.535022,385061604.495117,112727.465325006
3716,17194,"17194 Grabowhöfe, Moltzow u.a.",4430,269.102998,762093280.106445,196340.738021906
3717,17219,17219 Möllenhagen,2299,76.899797,216935336.272461,87660.3403062504
3718,17248,17248 Rechlin,2711,122.758675,343272623.668945,128961.859930682
3719,17207,17207 Röbel/Müritz,6814,121.715667,341106981.583008,132754.87971651
3720,17192,17192 Waren/ Müritz,26208,394.067467,1111160988.9834,204397.768966869
3721,38642,38642 Goslar,16886,8.392959,22036905.671875,47520.9941776389
3722,37444,37444 St. Andreasberg,1744,72.563366,188876698.008301,68100.8515053932
3723,38707,38707 Clausthal-Zellerfeld,1884,67.027187,175220457.033691,84085.061520164
3724,38640,38640 Goslar,17634,7.423281,19485497.7983398,32110.3662686741
3725,39218,39218 Schönebeck,30267,58.79478,154972976.719727,73198.3461420751
3726,17034,17034 Neubrandenburg,19510,15.606982,44125275.7060547,30938.7016547705
3727,17036,17036 Neubrandenburg,15124,11.694292,33018025.1777344,27289.0732278574
3728,17098,17098 Friedland,7236,141.944573,402700583.453125,167786.976847194
3729,17349,17349 Groß Miltzow,3328,164.343885,463558879.861328,158064.222320965
3730,17235,17235 Neustrelitz,20435,142.981354,399930941.5625,123037.660331555
3731,17039,"17039 Sponholz, Neunkirchen u.a.",8939,223.067676,631794891.782227,221329.399485356
3732,17099,"17099 Friedland, Galenbeck, Datzetal",2148,133.874975,379683591.044922,159684.219732323
3733,17252,17252 Mirow,4620,186.086525,519168732.029297,164000.604713669
3734,17255,17255 Wesenberg,4182,154.858622,431110128.821289,172660.781830164
3735,17348,17348 Woldegk,4834,164.608268,462728720.303711,128184.147327489
3736,17033,17033 Neubrandenburg,29467,58.781416,165880839.394531,106158.755580687
3737,17258,17258 Feldberger Seenlandschaft,4591,201.324412,562715354.479492,165452.499889689
3738,49536,49536 Lienen,8677,73.352488,194482034.521484,75132.9346626723
3739,52223,52223 Stolberg (Rhld.),20865,17.364484,43304096.2695313,36444.6611645679
3740,52224,52224 Stolberg,14426,66.823488,166610062.462891,84771.2626892587
3741,37539,"37539 Bad Grund, Gittelde, Windhausen, Eisdorf, Badenhausen, Willensen, Teichhütte",9038,41.241882,107686247.222168,67755.5240114033
3742,37412,"37412 Herzberg, Elbingerode, Hörden",14998,82.317181,213571324.089355,121500.042432396
3743,17329,"17329 Krackow, Nadrensee, Lebehn",944,61.784889,172626592.889648,80156.7711436319
3744,17358,17358 Torgelow,10160,97.039379,274772813.897461,125791.303026838
3745,17279,17279 Lychen,3294,111.809303,310844212.228516,129075.221219119
3746,13599,13599 Berlin Haselhorst,13720,7.356836,19835807.1621094,30641.2257295092
3747,13505,13505 Berlin Tegel,6368,10.459622,28248252.1074219,27161.4569490299
3748,13595,13595 Berlin Wlhelmstadt,19966,5.300639,14269049.1425781,20527.8818156839
3749,55122,55122 Mainz,23838,5.144961,12449234.1967773,19121.5009322655
3750,13597,13597 Berlin Spandau,8490,5.801039,15626847.5410156,22788.7860789632
3751,13589,13589 Berlin Falkenhagener Feld,21103,6.910882,18642088.4433594,20162.9670368183
3752,13503,13503 Berlin Tegel,17113,16.803582,45439360.1367188,33004.9778502508
3753,13591,13591 Berlin Staaken,26815,9.010221,24281589.1689453,29823.5114411561
3754,13593,13593 Berlin Wilhelmstadt,20185,4.554867,12263739.6601563,23439.5757363928
3755,13509,13509 Berlin Reinickendorf,15967,4.545075,12277067.7109375,21651.6585369231
3756,13507,13507 Berlin Tegel,22195,8.85193,23897378.2773438,30759.2832057889
3757,13581,13581 Berlin Spandau,14355,3.947103,10634933.6699219,18978.220368678
3758,13585,13585 Berlin Spandau,20238,2.686093,7242635.1796875,18018.2208518864
3759,13583,13583 Berlin Spandau,20761,2.352556,6342274.63574219,14108.0733281496
3760,46045,46045 Oberhausen,28290,3.968866,10214169.9863281,16170.5397064986
3761,13587,13587 Berlin Hakenfelde,20108,17.499517,47249215.2314453,38184.6820383129
3762,14770,14770 Brandenburg/ Havel,22112,16.146136,43283351.2998047,30432.6011097274
3763,13437,13437 Berlin Reinickendorf,14481,4.304659,11628097.1796875,28531.846299198
3764,14669,14669 Ketzin,6345,94.413335,254124522.020508,95911.4557987052
3765,14641,14641 Nauen,26771,387.002457,1046949530.6377,251568.67936831
3766,13439,13439 Berlin Märkisches Viertel,19016,2.18526,5904978.46386719,17545.778684319
3767,13403,13403 Berlin Reinickendorf,26703,3.527485,9521575.39648438,23448.2410299383
3768,15232,15232 Frankfurt (Oder),10140,2.248923,5995028.3671875,12230.5133890779
3769,15236,"15236 Treplin, Jacobsdorf, Frankfurt (Oder)",15343,119.195899,317761356.572266,148287.957206452
3770,13409,13409 Berlin-West,26581,2.619762,7069187.58203125,14332.3118820481
3771,13407,13407 Berlin-West,24022,4.413208,11911315.2509766,26197.7166869095
3772,20097,20097 Hamburg,1690,1.965846,5561295.43896484,10775.4647837758
3773,13405,13405 Berlin Wedding,4826,7.941947,21423127.5888672,24936.7752660392
3774,13435,13435 Berlin Märkisches Viertel,17011,2.066132,5584000.87792969,15013.0460767731
3775,13467,13467 Berlin Hermsdorf,15265,5.7573,15571227.4794922,24481.4489809317
3776,21527,21527 Kollow,589,6.315968,17796927.8588867,18935.4920157701
3777,13465,13465 Berlin-Frohnau,16865,8.005162,21673662.5595703,28235.2279698167
3778,13469,13469 Berlin Lübars,16156,7.647295,20677300.9228516,33236.0588853466
3779,13629,13629 Berlin Siemensstadt,11830,6.027052,16245969.9521484,29843.4702714643
3780,13627,13627 Berlin Charlottenburg-Nord,17126,4.84935,13069696.8183594,19198.7150770948
3781,13355,13355 Berlin Wedding,21464,1.7118,4613527.60058594,10427.6057491062
3782,13357,13357 Berlin Gesundbrunnen,25833,1.978774,5335167.60546875,13271.1471043126
3783,13347,13347 Berlin Wedding,27115,1.642755,4429010.79589844,17278.8330620721
3784,21227,21227 Bendestorf,2235,4.008552,11228377.7524414,16882.3831491319
3785,13351,13351 Berlin Wedding,14173,2.616893,7056110.02539063,14421.1845967552
3786,38838,38838 Huy,4201,84.093981,221521920.26123,84028.0243694622
3787,38889,"38889 Blankenburg, Oberharz am Brocken",18658,134.821601,351830380.19873,148943.03584986
3788,13353,13353 Berlin Wedding,24259,3.043125,8201888.4140625,18193.531752416
3789,16278,16278 Angermünde,14855,337.598086,930473220.083984,212723.502718434
3790,13349,13349 Berlin Wedding,12330,1.48609,4008330.68945313,12983.7545544857
3791,06469,06469 Seeland,1836,9.607639,25099127.4458008,28099.5071841972
3792,13359,13359 Berlin Gesundbrunnen,22161,1.712064,4618057.99511719,13132.6888917022
3793,13159,13159 Berlin Blankenfelde,1759,10.936737,29583341.9082031,30589.5057357869
3794,06449,06449 Aschersleben,30552,198.514255,517675966.980957,171191.599514701
3795,13129,13129 Berlin Blankenburg,6471,7.634515,20620411.0410156,25110.1518266351
3796,06406,06406 Bernburg (Saale),35048,113.875239,296934600.976074,129964.155329468
3797,13187,13187 Berlin Pankow,30146,3.329674,8985093.2578125,18149.0137487523
3798,13125,13125 Berlin Buch,31379,24.077649,65157812.4609375,47213.4129253061
3799,13156,13156 Berlin Niederschönhausen,26467,5.790938,15636094.0371094,22570.9216834478
3800,13189,13189 Berlin Pankow,25951,2.490952,6720069.6796875,16888.8005673487
3801,06130,06130 Halle/ Saale,12688,3.328744,8556578.74511719,15599.0899693332
3802,13127,13127 Berlin Französisch Buchholz,19255,15.05452,40714781.2792969,39021.6328675993
3803,13158,13158 Berlin Rosenthal,17234,6.923554,18703663.9990234,28427.4111694197
3804,13051,13051 Berlin Neu-Schönhausen,21820,7.219665,19491132.4511719,24902.874373639
3805,13057,13057 Berlin Falkenberg,16106,4.71243,12715952.9912109,18570.495888206
3806,13059,13059 Berlin Wartenberg,14495,6.383668,17233147.1044922,17150.8434962568
3807,06110,06110 Halle/ Saale,28584,4.233497,10890608.3085938,19196.4986290287
3808,13088,13088 Berlin Weißensee,24071,6.947109,18737495.1914063,28527.5786729731
3809,06122,06122 Halle/ Saale,15337,2.093937,5390402.72460938,11935.3300519579
3810,13053,13053 Berlin Alt-Hohenschönhausen,18486,6.394543,17238394.6748047,29514.6957811193
3811,13089,13089 Berlin Heinelsdorf,6240,3.888743,10493965.9248047,15828.5394312413
3812,13055,13055 Berlin Alt-Hohenschönhausen,27928,3.268525,8807545.44433594,16480.7802784442
3813,13086,13086 Berlin Weißensee,24110,3.319886,8952978.83984375,15804.5370026785
3814,04158,04158 Leipzig,13979,28.909835,74134634.2128906,48784.4392409212
3815,10787,10787 Berlin Tiergarten,5613,1.446408,3892435.88867188,12157.9957407374
3816,10781,10781 Berlin Schöneberg,11956,0.711603,1913741.72265625,8022.01079016084
3817,10783,10783 Berlin Schöneberg,11151,0.636072,1710819.1171875,8798.9840348282
3818,10785,10785 Berlin Tiergarten,10438,3.05705,8226257.30957031,15576.0073390532
3819,10777,10777 Berlin Wilmersdorf,12267,0.691373,1859683.54785156,8992.87072341096
3820,10779,10779 Berlin Schöneberg,9214,0.519219,1396283.37792969,7079.9732930173
3821,10717,10717 Berlin Wilmersdorf,14042,0.822949,2212966.75,7637.02133050033
3822,10719,10719 Berlin Wilmersdorf,8869,0.879055,2364709.31445313,10621.0449699315
3823,10707,10707 Berlin Wilmersdorf,11116,0.855201,2300328.11816406,9361.72706302257
3824,10585,10585 Berlin Charlottenburg,12688,0.773325,2081873.8046875,12145.1319174667
3825,10589,10589 Berlin Charlottenburg,12958,1.826626,4920193.80078125,9358.84335609888
3826,10625,10625 Berlin Charlottenburg,10488,0.632379,1701974.05566406,9144.18694467715
3827,10587,10587 Berlin Charlottenburg,11007,1.457804,3925093.22851563,14961.290475556
3828,10623,10623 Berlin Charlottenburg,5742,1.175006,3162261.0234375,13309.202445979
3829,10627,10627 Berlin Charlottenburg,11179,0.722515,1944454.31640625,9190.3548246447
3830,10629,10629 Berlin Charlottenburg,11420,0.640276,1722713.59667969,8732.23884215293
3831,10559,10559 Berlin Moabit,14796,1.235278,3327602.64453125,11935.9348603167
3832,10557,10557 Berlin Moabit,16266,3.751963,10104074.2841797,19588.2010664675
3833,10555,10555 Berlin Moabit,15880,0.970945,2614558.23339844,9208.02802108825
3834,10553,10553 Berlin Moabit,8986,1.60221,4316215.484375,10906.951689004
3835,10551,10551 Berlin Moabit,16424,1.003691,2703864.23144531,8787.33063448501
3836,06366,06366 Köthen,24439,26.938361,70147711.8066406,37196.0672474596
3837,10117,10117 Berlin Mitte,12217,3.408939,9177196.2421875,19426.4805529277
3838,10119,10119 Berlin Mitte,16363,0.977391,2632807.15332031,10701.3347596391
3839,10115,10115 Berlin Mitte,20313,2.393948,6449229.69824219,19581.347023319
3840,10179,10179 Berlin Mitte,18664,2.175681,5855699.90234375,16721.6753275765
3841,01996,01996 Senftenberg,1814,15.393483,39503485.0996094,34180.226085056
3842,10178,10178 Berlin Mitte,12167,1.861724,5012828.38476563,19418.7166794527
3843,01994,01994 Schipkau,2090,24.11243,62157093.2773438,41313.3255905542
3844,10963,10963 Berlin Kreuzberg,12398,1.478856,3978226.08007813,10463.3167815887
3845,01998,01998 Schipkau,1311,17.573242,45272213.1738281,33810.3345127536
3846,10997,10997 Berlin Kreuzberg,23800,1.571859,4228335.29589844,10633.2478375235
3847,01819,01819 Bahretal,2232,36.534744,91467477.4453125,68699.5170006525
3848,01847,01847 Lohmen,3148,25.980058,65318697.2158203,64547.5543444004
3849,01844,01844 Neustadt i. Sa.,13336,83.287385,209813484.990234,87233.5931201623
3850,01824,01824 Königstein/Sächs.Schw.,6474,112.335721,281133710.865234,121207.859271679
3851,01848,01848 Hohnstein,3513,64.807998,162875721.414063,86814.0269228987
3852,01737,01737 Tharandt u.a.,7036,77.309764,194352800.689453,95819.9704845988
3853,01825,01825 Liebstadt,1435,37.444999,93673822.5712891,67127.3140459859
3854,10969,10969 Berlin Kreuzberg,25382,1.982485,5333476.88378906,12612.6362029813
3855,01468,01468 Moritzburg,8215,46.555329,117995171.085938,91269.4311758146
3856,10965,10965 Berlin Kreuzberg,17854,3.079776,8279176.99902344,23802.3903100829
3857,10961,10961 Berlin Kreuzberg,17874,1.436641,3863284.85839844,10483.3444753717
3858,10967,"10967 Berlin-Kreuzberg (Hasenheide, Graefekiez, Hohenstaufenplatz, KH am Urban)",19571,1.246908,3352635.4921875,9772.05400482415
3859,10999,10999 Berlin Kreuzberg,24321,1.416985,3811055.57324219,13384.2180022263
3860,10435,10435 Berlin Prenzlauer Berg,15359,0.868376,2339913.875,9151.75416857011
3861,10439,10439 Berlin Prenzlauer Berg,25939,1.695422,4571434.25195313,14203.1451232427
3862,10437,10437 Berlin Prenzlauer Berg,27821,1.469108,3959901.17675781,11966.5468683202
3863,10405,10405 Berlin Prenzlauer Berg,27350,1.877471,5058330.62402344,14782.0994546935
3864,10407,10407 Berlin Prenzlauer Berg,21632,2.763551,7444969.29882813,15552.7614327234
3865,10245,10245 Berlin Friedrichshain,27732,3.378075,9086681.58398438,21807.6335015479
3866,10249,10249 Berlin Friedrichshain,25981,2.316836,6238755.99414063,17187.0011614117
3867,10243,10243 Berlin Friedrichshain,28390,2.863364,7706434.5703125,14572.9522977171
3868,10247,10247 Berlin Friedrichshain,32718,1.800185,4845710.54882813,11935.121020028
3869,10369,10369 Berlin Lichtenberg,19115,1.567092,4220823,10776.0853803199
3870,10823,10823 Berlin-West,8295,0.496247,1334202.91113281,9004.80775137946
3871,10367,10367 Berlin Lichtenberg,18902,1.711186,4607823.47460938,15148.5567638547
3872,10365,10365 Berlin Lichtenberg,22665,4.802197,12928885.4472656,23035.9958681392
3873,10317,10317 Berlin Rummelsburg,19072,4.163179,11196882.1347656,23588.2163789455
3874,10315,10315 Berlin Friedrichsfelde,28442,3.61032,9716735.24121094,23333.9356789863
3875,10713,10713 Berlin Wilmersdorf,10686,1.288442,3463860.29882813,10615.3048085956
3876,10711,10711 Berlin Halensee,9794,1.049378,2822888.67285156,10494.0395602759
3877,10709,10709 Berlin Wilmersdorf,8771,0.978243,2630995.85644531,9498.52864777338
3878,37249,37249 Neu-Eichenberg,1830,27.637295,70907404.6020508,48727.0587126712
3879,37124,37124 Rosdorf,11804,67.206423,173075275.164551,122505.849470222
3880,37083,37083 Göttingen,16945,11.107426,28646854.4453125,27979.154189041
3881,37079,37079 Göttingen,13896,38.701259,99986790.0239258,63709.0368185539
3882,37073,37073 Göttingen,14310,3.380463,8729434.37695313,21394.5872659473
3883,37081,37081 Göttingen,19384,8.412515,21721792.2636719,28508.7193475408
3884,01587,01587 Riesa,12390,7.476845,19073040.0117188,24458.8225686892
3885,37075,37075 Göttingen,16582,16.790963,43370539.9692383,41613.2685242814
3886,16837,16837 Rheinsberg,1730,121.534841,337047312.821289,128672.451545919
3887,16827,"16827 Alt Ruppin, Krangen, Molchow, Zermützel, Zippelsförde",3010,90.914561,250199541.488281,94544.7565672947
3888,16818,"16818 Albertinenhof, Altfriesack, Basdorf, Braunsberg, Dabergotz, Darsikow, Deutschhof, Gnewikow, Karwe, Katerbow, Kuhhorst, Langen, Lichtenberg, Märkisch Linden, Netzeband, Neu Glienicke, 
Pfalzheim, Radensleben, Rägelin, Ribbeckshorst u.a.",8227,413.293153,1135219530.97266,312933.214595403
3889,16909,"16909 Wittstock/Dosse, Heiligengrabe",19607,628.267366,1742965673.38672,285372.010703183
3890,16835,16835 Lindow u.a.,5666,150.30981,412943021.854492,155426.398720139
3891,37077,37077 Göttingen,15158,28.325691,73251302.1113281,45840.5446704144
3892,16845,16845 Neustadt (Dosse) u.a.,12736,477.014695,1304886080.49414,276618.62318265
3893,16831,16831 Rheinsberg,6175,175.174705,484798274.862305,207733.874952464
3894,16833,16833 Fehrbellin,6616,198.949676,542297642,136173.395488437
3895,37085,37085 Göttingen,19590,10.540661,27202787.9506836,25409.9965715254
3896,12043,12043 Berlin Neukölln zwischen Karl-Marx-Str (incl) und Sonnenallee (excl),13725,0.718058,1929746.74121094,13632.6033712104
3897,12055,12055 Berlin Neukölln,13438,0.863261,2319043.32324219,9450.30022436814
3898,12049,12049 Berlin Neukölln,18890,1.16987,3143506.97363281,11956.6917701638
3899,12047,12047 Berlin Neukölln (Kreuzkölln/Reuterkiez),13778,0.517082,1390315.14257813,7117.24060792064
3900,12059,12059 Berlin Neukölln,16059,1.215681,3267179.70507813,13812.6301972108
3901,12053,12053 Berlin Neukölln,15373,0.789719,2122065.6640625,12448.222711658
3902,12051,12051 Berlin Neukölln,22413,1.51962,4081523.15332031,11994.165734029
3903,12045,12045 Berlin Neukölln,15523,0.673226,1809712.88964844,8829.13632816991
3904,12057,12057 Berlin Neukölln,14734,3.190786,8570376.625,16654.5844467049
3905,12347,12347 Berlin Britz,17699,3.996365,10726016.4316406,19764.3035953525
3906,12359,12359 Berlin Britz,19945,4.790546,12855157.8994141,27743.5072304388
3907,12351,12351 Berlin Buckow,19154,3.340035,8956863.17089844,25416.0667873914
3908,12437,12437 Berlin Baumschulenweg,21740,6.466252,17363145.3730469,22123.76021286
3909,12353,12353 Berlin Gropiusstadt,31768,2.744118,7355459.02050781,22550.5467014417
3910,12101,12101 Berlin Tempelhof,14976,2.336351,6278810.84179688,13454.6845337904
3911,12357,12357 Berlin Rudow,13849,3.792754,10168938.7333984,19638.0119794453
3912,12355,12355 Berlin Rudow,27263,8.043727,21548451.5664063,25689.9410048814
3913,12439,12439 Berlin Niederschöneweide,9929,3.377883,9065916.90039063,22283.6036057548
3914,12459,12459 Berlin Oberschöneweide,18149,8.105607,21766884.7011719,25341.7489241093
3915,12679,12679 Berlin,25777,2.286931,6164555.29101563,22900.1224557192
3916,12687,12687 Berlin,17992,1.642189,4428103.13476563,12787.4340896145
3917,08060,08060 Zwickau,15263,9.254175,23044802.4882813,24125.996746639
3918,12685,12685 Berlin,18578,3.473665,9359098.265625,21895.5746618678
3919,08451,08451 Crimmitschau,20031,61.138221,152836127.428711,100764.638217279
3920,12681,12681 Berlin,17149,8.949125,24110600.3554688,41000.5587286007
3921,39319,39319 Jerichow,3269,121.500555,326929083.84668,126325.07722035
3922,39245,"39245 Gommern, Dannigkow",6016,32.34488,85465155.9169922,64979.0297507117
3923,39317,39317 Elbe-Parey,6042,77.960149,208844472.378906,88832.931059287
3924,39175,"39175 Biederitz, Gerwisch, Menz u.a.",10511,70.187859,186107733.889648,87876.8072518101
3925,39279,"39279 Loburg, Leitzkau",5121,212.892355,563161326.662109,141167.713610994
3926,39291,"39291 Möckern, Schermen, Nedlitz u.a.",18928,473.081856,1256750156.40625,308863.832896759
3927,12689,12689 Berlin,22446,3.035879,8189476.54199219,16129.8896067458
3928,58710,58710 Menden,12446,7.680078,19724471.862793,22490.3941785256
3929,58135,58135 Hagen,30335,23.948931,61303516.9038086,60939.8665117251
3930,58089,58089 Hagen,24809,18.300053,46925046.4238281,57979.2041618632
3931,58093,58093 Hagen,23341,23.373398,59928555.4047852,78794.0786514942
3932,12627,12627 Berlin Hellersdorf,35353,4.006235,10792631.0761719,19609.7599450178
3933,04617,"04617 Rositz, Starkenberg, Treben",10908,87.136135,219722948.407227,134680.872469272
3934,04600,04600 Altenburg,34093,45.713251,115081594.360352,92530.55412588
3935,04618,04618 Langenleuba-Niederhain,2197,45.400071,114204660.141602,81133.6085644584
3936,04603,"04603 Nobitz, Göhren, Windischleuba",10356,129.714786,326153724.5,234538.950874751
3937,12629,12629 Berlin,13410,1.652755,4453457.12109375,10953.3652326451
3938,04626,"04626 Schmölln, Altkirchen, Nöbdenitz u.a.",19057,163.837179,411068607.407227,138687.484575813
3939,12619,12619 Berlin,25458,2.692072,7247981.52050781,18052.9712833123
3940,37194,37194 Bodenfelde,3360,77.826197,202187499.808594,85078.5538190553
3941,37586,37586 Dassel,10293,192.391662,502319902.341309,107921.22403024
3942,12621,12621 Berlin Kaulsdorf,16074,8.18417,22013739.7695313,42751.1915222667
3943,12683,12683 Berlin Biesdorf,24329,12.660685,34063291.6855469,32120.2803892435
3944,12623,12623 Berlin Mahlsdorf,27373,13.463959,36214310.5458984,45991.1698881219
3945,12555,12555 Berlin Köpenick,26978,10.121572,27176323.7890625,31276.2312551428
3946,12526,12526 Berlin Bohnsdorf,11164,6.394592,17119078.3779297,19026.1318038422
3947,12587,12587 Berlin Wiesengrund,17717,15.314347,41108696.7324219,31877.5915090365
3948,12527,12527 Berlin Schmöckwitz,9425,26.234422,70189267.2919922,69464.2481248696
3949,12524,12524 Berlin Altglienicke,25439,8.06462,21605080.9892578,21139.0174035476
3950,12559,12559 Berlin Köpenick,17643,37.692798,100979340.696289,55665.4541930013
3951,12557,12557 Berlin,21494,8.108336,21736954.2246094,23926.2031423916
3952,78050,78050 Villingen-Schwenningen,14644,8.718266,19516366.2753906,27276.4897649454
3953,20355,20355 Hamburg,4381,1.116726,3160678.02050781,11628.1295134956
3954,78056,78056 Villingen-Schwenningen,14548,23.656777,52964035.5029297,50773.0643567912
3955,78052,78052 Villingen-Schwenningen,17883,112.634826,252089022.355957,191438.265230421
3956,54538,54538 Bausendorf,4872,78.643614,190455498.948242,124951.758908678
3957,54497,54497 Morbach,11011,134.216762,322117181.31543,112296.794236845
3958,54533,"54533 Bettenfeld, Niederöfflingen u.a.",4806,117.431453,284601456.990234,167297.368567502
3959,14167,14167 Berlin Zehlendorf,15485,5.817901,15596257.6269531,22599.7790866055
3960,54486,54486 Mülheim (Mosel),1006,5.570335,13416420.1401367,24501.5891321873
3961,14163,14163 Berlin Zehlendorf,16361,6.032997,16185085.6318359,23488.5709329496
3962,14165,14165 Berlin Zehlendorf,13956,3.392549,9093114.21191406,20423.7871979827
3963,14193,14193 Berlin Grunewald,15505,20.738117,55751663.9638672,50488.1597040548
3964,14169,14169 Berlin Zehlendorf,17274,5.098206,13684865.0771484,27525.9238120707
3965,14053,14053 Berlin Westend,139,1.471492,3961698.40234375,10155.5460442139
3966,54487,54487 Wintrich,955,18.096599,43510689.5522461,37025.9073487121
3967,14059,14059 Berlin Charlottenburg,19704,2.803337,7548833.97949219,16066.8796341237
3968,14089,14089 Berlin Gatow,17734,24.91595,66951137.0498047,33977.4796143652
3969,14129,14129 Berlin Nikolassee,13834,20.520966,55077985.1669922,37944.2807074281
3970,54290,54290 Trier,16054,2.84981,6819809.29980469,13317.6418210151
3971,14057,14057 Berlin Charlottenburg,12237,1.082086,2912092.3671875,9341.08685189544
3972,54317,"54317 Osburg, Gusterath, Farschweiler, Kasel u.a.",11121,74.953226,179116773.367188,109503.474599705
3973,54308,54308 Langsur,1638,11.921757,28514211.2890625,35767.0734107592
3974,14199,14199 Berlin Schmargendorf,13657,2.418026,6498571.63769531,16919.4940767135
3975,14109,14109 Berlin Wannsee,10049,25.26035,67720214.1025391,53216.5067880791
3976,14055,14055 Berlin Westend,10661,7.895056,21242833.4521484,34318.4638016349
3977,54332,54332 Wasserliesch,2261,7.570937,18077720.6220703,19802.1124581947
3978,14052,14052 Berlin Westend,11471,2.330181,6273596.72753906,17827.8479207967
3979,54413,54413 Gusenburg,4668,65.972572,157506657.643555,121446.196994471
3980,14050,14050 Berlin Westend,10170,2.631873,7087387.25585938,19485.251546226
3981,66849,66849 Landstuhl,8504,15.357154,36249342.8061523,28800.0226532606
3982,46145,46145 Oberhausen,25573,9.287488,23968942.3266602,34269.3872133579
3983,46149,46149 Oberhausen,27525,11.680018,30117590.0761719,32755.6776931706
3984,46147,46147 Oberhausen,28057,22.119586,57123242.4389648,47233.6999041994
3985,46047,46047 Oberhausen,26474,7.138935,18384043.7871094,20282.5749210075
3986,46117,46117 Oberhausen,23008,7.585412,19550615.4335938,26541.6109450983
3987,46119,46119 Oberhausen,18198,4.824673,12446233.3305664,19874.9460577462
3988,46049,46049 Oberhausen,32471,10.482962,26984939.8129883,29832.197260498
3989,20457,20457 Hamburg,2566,14.500486,40994846.046875,34660.6353574218
3990,71640,71640 Ludwigsburg,16001,4.788889,11078843.5043945,16683.6006171084
3991,14480,14480 Potsdam,28576,9.523126,25478410.5507813,27099.6879685575
3992,59071,59071 Hamm,27491,44.755965,116293543.21875,61425.4113091844
3993,14478,14478 Potsdam,24831,6.517958,17432349.6328125,24969.1052167681
3994,78713,78713 Schramberg,17445,45.750498,103134249.456543,85830.5085690256
3995,78144,78144 Schramberg,3632,34.982366,78711057.3305664,46493.5276877691
3996,14471,14471 Potsdam,17443,14.059518,37632340.3681641,37522.739334795
3997,14467,14467 Potsdam,13113,4.052474,10856856.5488281,20040.9902747967
3998,14469,14469 Potsdam,24872,47.589973,127640904.672852,73801.394096703
3999,14476,14476 Potsdam,13562,78.141744,209932841.415039,123371.803530628
4000,14473,14473 Potsdam,11335,18.900963,50563030.7724609,39436.2007858935
4001,14482,14482 Potsdam,22193,9.745288,26096355.0058594,29503.0484861916
4002,39446,39446 Staßfurt,2816,19.922588,52226027.4897461,53280.1952999003
4003,39249,39249 Barby,6258,76.155084,200298762.375977,84278.0963850694
4004,14774,14774 Brandenburg/ Havel,6621,63.12439,169066311.931641,91243.3414210039
4005,14776,14776 Brandenburg/Havel,23481,106.543948,285444039.700195,109211.100643801
4006,14772,14772 Brandenburg/ Havel,19451,34.493438,92601087.5419922,48731.2814314115
4007,20359,20359 Hamburg,13185,1.383956,3915879.03417969,12224.6114652475
4008,14612,14612 Falkensee,40187,43.299396,116901868.248047,69079.6748577402
4009,14728,14728 Rhinow,2526,104.432226,284211080.935547,127653.862693211
4010,14712,14712 Rathenow,24526,113.829965,308144598.301758,104107.822756824
4011,14798,14798 Havelsee,3432,81.981653,220746243.288086,102998.602889896
4012,14621,14621 Schönwalde,8836,97.284628,263480801.71875,113339.067953532
4013,14727,14727 Premnitz,8663,45.988322,124065986.836914,67431.3297390772
4014,14662,14662 Friesack,4073,170.864474,464726848.338867,136802.619941738
4015,14656,14656 Brieselang,10742,44.32819,119776134.046875,52946.9204901829
4016,14715,"14715 Milower Land, Schollene, Nennhausen u.a.",12409,605.516625,1638787103.52051,449270.697044437
4017,14550,14550 Groß Kreutz,8187,99.229019,266129189.282227,96029.1009033477
4018,14778,"14778 Beetzsee, Wollin, Wenzlow, Golzow u.a.",7663,220.061771,589946268.855469,213801.919098363
4019,14823,14823 Niemegk,3154,145.770137,384574734.705078,132372.151589734
4020,14532,14532 Kleinmachnow,34096,61.428703,164306385.527344,64844.3223232087
4021,14797,14797 Lehnin,10855,199.348403,532464467.34668,150802.852717377
4022,14513,14513 Teltow,22479,21.718374,58126092.4599609,37202.9019400628
4023,14548,14548 Schwielowswee,9979,58.38152,155884626.817383,89704.1596421595
4024,14822,"14822 Brück, Borkheide u.a.",9764,232.758211,618088838.132813,177957.480290409
4025,14929,14929 Treuenbrietzen,7599,212.742542,561593680.647461,176491.756921593
4026,14793,14793 Ziesar,3623,148.030341,394037292.551758,122688.439358499
4027,14554,14554 Seddiner See,3946,23.913005,63704425.4433594,41368.0668331261
4028,14828,14828 Görzke,1316,75.297773,199749922.47168,86716.9013499815
4029,14547,14547 Beelitz,11763,181.373815,482135441.947266,135589.060817865
4030,14806,14806 Belzig,12206,279.103872,740247035.123047,184158.074753268
4031,14542,14542 Werder/ Havel,23286,117.295328,314016418.151367,108353.387732536
4032,14552,14552 Michendorf,11686,68.85716,183567016.036133,88024.7009690818
4033,14827,14827 Wiesenburg,4607,220.282371,582228032.800781,147607.041129912
4034,14979,14979 Großbeeren,7651,51.81756,138532443.959961,64844.9392355917
4035,14943,14943 Luckenwalde,20283,46.67288,123280474.189453,80520.5750050583
4036,14974,14974 Ludwigsfelde,23680,110.174597,293628848.245117,113821.956353211
4037,14947,14947 Nuthe-Urstromtal,6559,341.868128,903391127.469727,257502.311464006
4038,14959,14959 Trebbin,9258,126.622163,336347590.96582,136043.885657963
4039,14913,"14913 Jüterbog, Niederer Fläming, Niedergörsdorf",21726,568.597109,1493600702.22363,266934.616433557
4040,15234,15234 Frankfurt (Oder),19097,83.445666,222639032.605469,88175.1184057541
4041,15230,15230 Frankfurt (Oder),16915,5.379558,14345723.6533203,24474.6846982499
4042,20539,20539 Hamburg,13780,11.432067,32310360.5712891,33577.6426672832
4043,20459,20459 Hamburg,7147,1.005763,2845286.43652344,9399.85733797464
4044,21357,"21357 Bardowick, Wittorf, Barum",9816,45.220596,126571142.234375,72528.8967122147
4045,21337,21337 Lüneburg,23465,30.149707,84083517.3798828,61743.4715062976
4046,21394,"21394 Kirchgellersen, Westergellersen, Südergellersen",5579,54.902434,152973456.046875,69117.6484009473
4047,21465,21465 Reinbek,38058,38.139721,107807862.285645,69439.912128029
4048,12529,12529 Schönefeld,13424,81.761897,218606830.727539,84865.6065463289
4049,21339,21339 Lüneburg,22237,19.259745,53757577.296875,51116.7261996525
4050,21379,"21379 Scharnebeck, Echem, Lüdersburg, Rullstorf und Neumühlen (Neumühlen = 3 Exklaven der Gde. Neetze)",6906,79.795886,223161609.546387,84194.7518061222
4051,21522,"21522 Hohnstorf (Elbe), Hittbergen",3363,24.862006,69685821.3178711,48606.5936774394
4052,21493,21493 Schwarzenbek u.a.,19610,98.154707,277613293.542969,108360.966155014
4053,21516,"21516 Woltersdorf, Müssen u.a.",2045,33.395802,94348228.5898438,74564.6084412551
4054,21514,"21514 Büchen, Güster u.a.",10489,119.289262,336749521.639648,116352.767613787
4055,21483,21483 Gülzow,4203,77.995229,219384757.393555,95905.0420674942
4056,21481,21481 Lauenburg/Elbe,12180,27.837369,78149962.722168,59164.5607748108
4057,21502,21502 Geesthacht,29803,51.054466,143692472.277344,72433.6649568002
4058,21521,21521 Aumühle,8715,75.678272,213858428.59375,97422.7878312506
4059,21397,"21397 Barendorf, Vastorf",3221,31.308444,87151974.1567383,51299.7107682847
4060,21335,21335 Lüneburg,24314,21.020708,58555085.3100586,42549.0252432888
4061,21406,"21406 Melbeck, Barnstedt",4152,35.725266,99230786.2006836,57618.8444540172
4062,15299,15299 Müllrose,5896,128.009206,339394888.850586,201822.139730516
4063,15890,15890 Eisenhüttenstadt,32479,196.259631,519371112.569336,152738.281049051
4064,15537,15537 Erkner,22085,159.066307,426017778.298828,159159.811950612
4065,15517,15517 Fürstenwalde/ Spree,30982,70.871024,189427795.200195,96779.2737749885
4066,15859,15859 Storkow,9060,180.734499,479431470.257813,174294.757946154
4067,15864,15864 Wendisch Rietz,1981,34.837267,92427362.7333984,79100.3042959899
4068,15898,15898 Neuzelle,6816,184.932383,487098588.814453,122725.916205943
4069,15528,15528 Spreenhagen,3334,137.152729,366065204.69043,142445.17432503
4070,15526,15526 Bad Saarow-Pieskow,5988,76.634692,203896671.286133,99101.8992730969
4071,15518,"15518 Briesen, Rauen u.a.",11146,325.790178,871142255.356445,279303.202698937
4072,15295,15295 Brieskow-Finkenheerd,7167,87.698665,232817132.97168,102110.215485077
4073,15848,15848 Beeskow,20015,603.54177,1597802535.43555,286809.636299506
4074,21029,21029 Hamburg,18701,6.453903,18202396.0986328,28850.6455850415
4075,21423,21423 Winsen,36513,140.348967,393558415.208008,134899.971442078
4076,21039,21039 Hamburg,15164,54.809787,154369537.094727,76754.0542512116
4077,21217,21217 Seevetal,16607,34.204145,96211931.6879883,51979.2663217909
4078,21220,21220 Seevetal,13640,41.389524,116061559.563477,57842.5193145084
4079,21271,"21271 Hanstedt, Asendorf",7175,74.043812,206644762.547363,75145.3847967772
4080,48143,48143 Münster,9213,1.58108,4159825.66113281,9903.75528825071
4081,21259,21259 Otter,1496,32.234815,89834796.144043,57426.7107531673
4082,21368,21368 Dahlenburg,4384,93.545373,260177692.243164,92439.2768956496
4083,55593,55593 Rüdesheim,2443,3.47525,8353229.84082031,15220.7128663876
4084,21354,21354 Bleckede,9510,123.593433,345413899.433105,107718.622632569
4085,55444,55444 Seibersbach,4647,46.876195,113116412.780762,83249.4724815217
4086,21683,21683 Stade,6777,48.114957,136714485.189941,74162.1503776969
4087,21682,21682 Stade,13380,8.104645,22993168.9956055,28170.5421775137
4088,21035,21035 Hamburg,30603,10.063058,28387581.0458984,31128.3913877546
4089,21376,21376 Salzhausen,7873,82.645284,230212881.96875,89897.8892127076
4090,21272,21272 Egestorf,2440,49.261853,136988994.32373,68935.8663148559
4091,21033,21033 Hamburg,15749,13.349038,37684381.5849609,27549.7511091602
4092,21031,21031 Hamburg,28754,5.545359,15658659.7631836,25459.1746958428
4093,21228,21228 Harmstorf,899,5.848489,16392808.9135742,23968.3430377034
4094,55756,55756 Herrstein,875,4.831123,11580132.1230469,18469.2856725635
4095,55758,55758 Niederwörresbach u.a.,15196,239.70668,574230400.881836,258646.216010521
4096,55442,55442 Stromberg,4726,32.834908,79315005.4511719,62853.3750102413
4097,21680,21680 Stade,17446,10.699619,30330168.7001953,37083.1210274284
4098,21684,21684 Stade südliche Stadtteile und Agathenburg,8783,44.018472,124653040.231445,77335.6004920762
4099,21037,21037 Hamburg,15646,74.305658,209217301.303223,77430.6883509401
4100,21255,"21255 Tostedt, Kakenstorf, Dohren, Drestedt-Valzik Siedlung, Königsmoor, Riepshof und Wistedt",17834,104.286248,291357947.361816,113322.878076237
4101,21244,21244 Buchholz in der Nordheide,36715,74.692213,209079573.895996,111825.028379836
4102,21109,21109 Hamburg,26277,19.357166,54618448.09375,44103.7212025761
4103,21107,21107 Hamburg,22136,15.979381,45109312.5048828,38548.7258017234
4104,38895,"38895 Langenstein, Derenburg",4190,55.728581,145955125.237305,83331.355791279
4105,39435,"39435 Egeln, Borne, Wolmirsleben u.a.",8230,87.063807,228749874.25,95122.9347750219
4106,39221,"39221 Welsleben, Biere, Eickendorf u.a.",8017,92.576618,243509689.214355,98023.8481619154
4107,39443,39443 Staßfurt,6011,83.724507,219500722.52832,105848.833762165
4108,39444,39444 Hecklingen,7485,95.976731,251362320.101074,106419.878121399
4109,39418,39418 Staßfurt,19299,43.502803,113772005.501953,95312.0853987628
4110,39439,39439 Güsten,4485,36.233638,94545405.5249023,53512.185642374
4111,39240,"39240 Calbe, Rosenburg u.a.",12518,135.582816,355477830.486328,134902.37400794
4112,15868,15868 Lieberose,2090,116.835869,307070643.96875,99801.7143394102
4113,15910,15910 Schönwalde,4850,216.529497,569721120.051758,221396.096188253
4114,55497,"55497 Ellern (Hunsrück), Schnorbach",1066,12.397421,29966577.7475586,38067.3871967397
4115,15938,15938 Golßen,4504,165.850635,435166299.072266,123831.240632411
4116,15926,"15926 Luckau, Waldrehna, Heideblick, Fürstlich Drehna",13865,375.52945,979882588.636719,185524.520155104
4117,15907,15907 Lübben (Spreewald),13897,121.081213,317530620.740234,106758.118231121
4118,15913,15913 Straupitz,9845,509.822456,1339391379.82813,262440.444879809
4119,38822,"38822 Halberstadt, Groß Quenstedt",5102,84.079699,220835247.823242,133793.441920221
4120,38879,38879 Wernigerode,597,40.118481,104729447.383301,54365.8498530908
4121,38835,38835 Osterwieck,10404,181.477109,477941692.709961,137175.968257252
4122,38877,38877 Oberharz am Brocken,2007,23.635775,61359671.0571289,42899.3904294411
4123,55483,55483 Dickenschied u.a.,3874,61.391942,148069137.10498,165681.860509115
4124,38820,38820 Halberstadt,34881,56.508506,148158351.584961,70780.257071706
4125,38871,"38871 Ilsenburg, Nordharz",15773,137.265243,359856144.512695,143687.135039918
4126,38855,"38855 Wernigerode, Nordharz",35411,158.116441,413829803.300781,147340.37115576
4127,38836,38836 Badersleben u.a.,4992,115.24929,303797557.492676,97088.9600668318
4128,38899,38899 Oberharz am Brocken,3741,109.608701,284696710.910156,115076.226070588
4129,38875,38875 Oberharz am Brocken,5063,117.785827,306816204.387695,108430.904067544
4130,15757,15757 Halbe,2213,76.747038,202540216.188477,91027.1124880604
4131,15754,15754 Heidesee,7056,135.934399,361370383.674805,135466.820131131
4132,15755,15755 Teupitz,2620,55.013207,145455918.214844,61181.390147326
4133,15746,15746 Groß Köris,2255,68.513439,181470231.345703,100276.264875913
4134,15741,15741 Bestensee,6640,38.106026,101235431.650391,56127.9670151147
4135,15748,15748 Märkisch Buchholz,1269,87.36454,231038782.665039,105942.022004198
4136,55432,55432 Niederburg,1335,22.493546,54646968.4008789,40069.2380524253
4137,55767,"55767 Brücken, Oberbrombach u.a.",8586,141.89053,338591468.226074,188582.041054465
4138,15712,15712 Königs Wusterhausen,6984,28.609113,76221012.4736328,51827.737083093
4139,15732,15732 Schulzendorf b. Eichenwade,13832,11.913287,31838620.4580078,33538.9607425698
4140,15711,15711 Königs Wusterhausen,22178,25.111675,66890159.6875,58992.3892647693
4141,15738,15738 Zeuthen,10583,12.700332,33918378.7978516,47725.8503766257
4142,15713,15713 Königs Wusterhausen,4558,42.48199,113433793.701172,57861.8297625813
4143,15745,15745 Wildau,9757,9.119058,24327364.1728516,24839.6839546575
4144,15566,15566 Schöneiche bei Berlin,11827,16.775489,45069262.6044922,34307.60949751
4145,15569,15569 Woltersdorf,7784,9.285795,24912004.1806641,32384.3531499202
4146,15838,15838 Am Mellensee,6547,104.866331,277636335.772461,98543.2480926605
4147,15749,15749 Mittenwalde,8652,99.749384,265257815.639648,135201.53683631
4148,15806,15806 Zossen,17263,180.419763,478681722.074219,149552.549435118
4149,15827,15827 Blankenfelde-Mahlow,12838,22.790882,60823311.1503906,44399.7590614975
4150,15837,15837 Baruth,4237,234.248849,617032329.15918,152252.138227861
4151,15936,15936 Dahme u.a.,6618,252.273128,660022739.128906,152473.227253258
4152,15834,15834 Rangsdorf,10405,33.881801,90252595.2265625,51261.0578647909
4153,55299,55299 Nackenheim,5512,8.611148,20755983.3813477,21782.2021247461
4154,15831,15831 Blankenfelde-Mahlow,12753,32.45712,86652317.8007813,79069.1096156736
4155,24114,24114 Kiel,13442,2.972409,8722135.95800781,15882.5500016075
4156,17291,"17291 Prenzlau, Nordwestuckermark u.a.",33481,812.443492,2266981364.00586,296640.272259437
4157,16306,16306 Biesendahlshof,3479,168.281238,467218420.115234,147476.008938321
4158,16307,16307 Gartz (Oder),3972,128.596007,357682473.735352,110002.152276438
4159,17268,"17268 Templin, Boitzenburg u.a.",24663,891.943577,2471300438.72949,334078.253361061
4160,15378,15378 Rüdersdorf,4685,23.75423,63843822.4980469,47287.7449884672
4161,15320,"15320 Neutrebbin, Neuhardenberg",4028,115.342952,311856810.672852,130550.549952263
4162,15306,"15306 Seelow, Lietzen u.a.",11786,270.644314,727642611.99707,186164.115873255
4163,15345,"15345 Lichtenow, Altlandsberg u.a.",21797,302.938873,817967540.72168,278795.428692087
4164,15328,"15328 Golzow, Zechin u.a.",6179,176.082838,474493403.726563,133993.172324041
4165,16259,16259 Bad Freienwalde u.a.,20095,413.287352,1124758710.81445,308133.419148111
4166,16269,16269 Wriezen,8577,130.353112,353713036.004883,152419.241804777
4167,15366,"15366 Neuenhagen, Hoppegarten",33351,51.687469,139142558.271484,76058.634369757
4168,15370,"15370 Fredersdorf-Vogelsdorf, Petershagen",20762,27.625751,74347415.7431641,57959.6419407877
4169,15562,15562 Rüdersdorf,9724,38.789979,104172928.563477,65746.5495193771
4170,15377,"15377 Oberbarnim, Märkische Höhe u.a.",4389,117.349895,316743549.713867,129139.711291572
4171,06429,06429 Nienburg (Saale),6979,79.502287,207891325.355469,100876.748366439
4172,06425,"06425 Alsleben/Saale, Plötzkau",3969,47.543498,123696344.915039,97565.9689957013
4173,06408,06408 Ilberstedt,1117,14.907528,38931859.5097656,35546.4931932145
4174,06420,06420 Könnern,9113,125.811256,326798530.589844,175246.313731271
4175,06456,06456 Arnstein,7347,122.220542,317341432.660156,143802.88478589
4176,06467,06467 Seeland,2461,19.67706,51341554.2348633,36883.6149723336
4177,06466,06466 Seeland,2212,16.411033,42885825.5351563,42190.616489533
4178,06458,06458 Hedersleben,2992,52.365019,137122607.006348,84190.9096368607
4179,06485,"06485 Quedlinburg, Ballenstedt",5657,42.42089,110321677.560059,59296.943865785
4180,06463,06463 Falkenstein,4690,59.537158,154974876.628906,90421.6091463309
4181,06493,"06493 Ballenstedt, Harzgerode",18327,252.216407,654797264.308105,294655.120354502
4182,06484,06484 Quedlinburg,21982,102.240788,267020660.19873,96479.3476383356
4183,06502,"06502 Thale, Blankenburg",19485,144.101916,375294819.737793,172895.908564803
4184,06114,06114 Halle/ Saale,21950,3.141435,8091946.51757813,17013.6739000586
4185,06126,06126 Halle/ Saale,10619,6.070651,15624102.1582031,24762.1871672858
4186,55257,55257 Budenheim,8345,10.527283,25488494.8422852,21851.9987443439
4187,06116,06116 Halle/ Saale,11479,21.410451,55097371.8056641,52378.599974776
4188,06128,06128 Halle/ Saale,19719,7.318808,18812433.0664063,26052.2365679017
4189,06118,06118 Halle/ Saale,17123,21.416199,55216226.6015625,43096.9131892886
4190,06120,06120 Halle/ Saale,20115,25.360065,65353644.4453125,48112.9522121586
4191,06132,06132 Halle/ Saale,21047,20.378937,52326272.1298828,43662.343937858
4192,06124,06124 Halle/ Saale,21269,6.980113,17957318.4394531,24027.0126864691
4193,06388,"06388 Südliches Anhalt, Köthen",5471,56.969616,147979515.449219,67528.0711311985
4194,06794,06794 Sandersdorf-Brehna,595,15.18185,39269417.2998047,39139.3694756999
4195,06803,06803 Bitterfeld-Wolfen,2521,7.711528,19991578.5791016,33733.4685165574
4196,06386,06386 Osternienburger Land,11790,193.98896,506137789.69043,196530.275916287
4197,06766,06766 Bitterfeld-Wolfen (Stadtteil Wolfen),23330,37.593534,97541895.9140625,64924.2117815738
4198,06800,06800 Raguhn-Jeßnitz,3844,20.807618,54018287.9003906,51020.3981307252
4199,06808,06808 Bitterfeld-Wolfen,2896,13.062471,33781789.40625,38687.7040110156
4200,06749,06749 Bitterfeld-Wolfen,14595,28.414313,73574424.8476563,66487.6537877977
4201,06779,06779 Raguhn-Jeßnitz (Ortsteil Raguhn),5862,77.480038,201629414.37793,94941.2349950374
4202,06809,"06809 Roitzsch, Petersroda",3016,23.522615,60792660.7792969,47176.3489194747
4203,06385,06385 Aken (Elbe),8023,54.726672,143143488.082031,64380.4556392489
4204,06780,06780 Zörbig,9748,114.351126,296304101.238281,140250.025961176
4205,06369,06369 Südliches Anhalt u.a.,9977,137.827361,358296086.794922,190233.31131613
4206,06905,06905 Bad Schmiedeberg,8868,161.342,419087702.117188,136099.898664087
4207,06895,06895 Zahna-Elster,9814,149.492821,391436666.205078,119371.54024024
4208,06925,06925 Annaburg,7417,226.641857,588656822.609375,174623.846718727
4209,06917,06917 Jessen (Elster),14682,354.323478,924866990.459961,257586.299750511
4210,03253,03253 Doberlug-Kirchhain,12064,208.384381,539130731.303711,120990.417816331
4211,03053,03053 Cottbus,694,6.640242,17294854.390625,23571.6905761373
4212,03119,03119 Welzow,3942,39.643428,102169972.498047,52103.028008531
4213,03103,"03103 Neu-Seeland, Neupetershain",2035,56.475946,145822022.496094,70841.9916831326
4214,03226,03226 Vetschau,8794,111.685478,290542241.584961,109945.998166127
4215,03159,03159 Döbern,5360,98.455052,254396739.416016,83905.8611835012
4216,03046,03046 Cottbus,20626,8.031317,20877591.4326172,24408.1116608309
4217,03238,03238 Finsterwalde,24729,299.248844,772867726.632813,149729.294767494
4218,03096,03096 Burg/Spreewald u.a.,9430,126.760647,330726288.556641,97231.1410652176
4219,03054,03054 Cottbus,2302,20.338138,53037233.9472656,45216.6759619087
4220,03172,"03172 Guben, Schenkendöbern",22755,271.412435,711605201.831055,178392.438022311
4221,03149,03149 Forst/ Lausitz,22297,186.724385,484519044.472656,122361.987314662
4222,03042,03042 Cottbus,18419,20.862169,54236258.1357422,44934.5961132491
4223,55124,55124 Mainz,13920,6.448584,15600945.871582,21250.9449579193
4224,03048,03048 Cottbus,14639,9.50038,24673227.9394531,27404.7422037277
4225,03185,03185 Peitz,9714,203.291878,531167708.930664,153165.988029286
4226,03205,"03205 Calau, Bronkow",9073,203.0946,527545065.743164,173068.961065726
4227,03130,"03130 Spremberg, Tschernitz u.a.",27681,280.603185,723866795.245117,189640.960458438
4228,03050,03050 Cottbus,14076,6.203252,16105894.5908203,22486.9375297063
4229,03099,03099 Kolkwitz,9364,105.060477,273090356.427734,99948.3595150222
4230,03055,03055 Cottbus,3613,19.094359,49757073.2490234,47566.7076878766
4231,55118,55118 Mainz,24753,1.807242,4374157.46923828,11899.3946482491
4232,03229,"03229 Altdöbern, Luckaitztal",3601,102.61593,265708986.46875,81673.6737822807
4233,03249,03249 Sonnewalde,3503,120.115964,311702726.31543,95910.1704611654
4234,03222,03222 Lübbenau/ Spreewald,16525,139.825764,365091515.560547,111521.69152034
4235,03116,03116 Drebkau,5914,144.710574,374671202.489258,110011.92549571
4236,03197,03197 Jänschwalde,1455,69.972256,182818899.076172,91678.9080688663
4237,03246,03246 Crinitz,1395,44.645426,115932474.329102,59391.0099064107
4238,03044,03044 Cottbus,17694,15.437632,40169684.8544922,39210.3184710704
4239,16727,"16727 Velten, Oberkrämer",21896,127.629034,346445453.666016,141704.751057901
4240,16247,16247 Joachimsthal u.a.,5321,210.311545,578059062.039063,173358.666130055
4241,16321,16321 Bernau,37762,118.371415,321138846.851563,126009.557184687
4242,16356,16356 Werneuchen,20587,175.229963,474033639.694336,166554.518149667
4243,16227,16227 Eberswalde,15780,19.322455,52768678.2988281,42303.8917205293
4244,16248,16248 Oderberg u.a.,5814,133.549299,365351195.079102,189591.916983865
4245,16348,16348 Wandlitz,22428,204.295042,556365600.462891,235956.68489748
4246,16230,"16230 Melchow, Chorin u.a.",7137,222.255309,607185818.09082,231273.551377559
4247,16225,16225 Eberswalde,23520,74.580808,203524454.226563,128816.988638486
4248,01990,01990 Ortrand,3403,21.210738,54274370.9794922,53237.9457619108
4249,01979,01979 Lauchhammer,16088,89.553445,230351503.355469,92960.6735268523
4250,01993,01993 Schipkau,2761,14.662106,37720643.8828125,29507.8938895051
4251,01983,01983 Großräschen,9382,81.373526,210081560.53418,76814.4288762382
4252,01945,01945 Ruhland,11001,199.132024,510372205.775391,139286.941100562
4253,55120,55120 Mainz,13303,7.930656,19203864.4980469,25748.8799616755
4254,01987,01987 Schwarzheide N.L.,5972,32.266045,82911077.2617188,48420.7375188654
4255,04315,04315 Leipzig,15847,1.992817,5097109.61621094,12370.9272478789
4256,01968,01968 Senftenberg,24423,116.811142,300599517.913086,92991.0882701575
4257,02742,02742 Neusalza-Spremberg,3585,22.98397,57864265.8398438,38043.694795166
4258,02779,02779 Großschönau,6282,28.462764,71247625.8037109,41684.9551269918
4259,02929,02929 Rothenburg/O.L.,5110,73.133971,186621730.118164,102403.293504346
4260,55252,55252 Mainz-Kastel,11783,9.514073,23040029.9477539,22744.777128948
4261,02959,02959 Schleife,4305,83.107754,213756508.898438,90752.7965678108
4262,02708,"02708 Löbau, Kottmar u.a.",27001,174.910456,441340355.254883,127866.888914028
4263,02827,02827 Görlitz,17068,37.19216,93890899.4658203,73624.9077867262
4264,02763,02763 Zittau u.a.,28718,80.120464,200540838.40332,110373.248765111
4265,02956,02956 Rietschen,2736,87.22105,223140452.52832,77930.7418858164
4266,02957,"02957 Krauschwitz, Weißkeißel",5015,144.777675,371439730.237305,112230.985597903
4267,78462,78462 Konstanz,17250,2.145919,4731831.57714844,10141.4385503672
4268,02826,02826 Görlitz,25382,6.112197,15455574.1748047,22141.8619817165
4269,02899,"02899 Ostritz, Schönau-Berzdorf",4107,51.16922,128797117.219727,82678.3565645543
4270,02785,02785 Olbersdorf,5427,15.203231,38005288.7753906,36094.2816777511
4271,02953,"02953 Bad Muskau, Groß Düben, Gablenz",6032,36.475349,93902453.9052734,71045.6856616184
4272,02730,02730 Ebersbach-Neugersdorf,7784,14.953942,37605126.7119141,29718.512067553
4273,02829,"02829 Markersdorf, Neißeaue u.a.",9743,159.356099,403607312.385742,171299.092867712
4274,02894,"02894 Reichenbach, Vierkirchen",7146,98.309743,248819383.019531,102295.089302043
4275,02782,02782 Seifhennersdorf,4069,19.169365,48059951.2744141,32283.1309572715
4276,02796,02796 Jonsdorf,1715,9.068175,22651219.8398438,30361.0554907648
4277,02739,02739 Kottmar,4453,17.231791,43302223.4150391,31091.3900524351
4278,02828,02828 Görlitz,12013,25.327953,64162934.4628906,48916.6902023282
4279,02923,"02923 Hähnichen, Horka, Kodersdorf",5860,133.197799,339117802.952148,145563.092076691
4280,02791,02791 Oderwitz,5495,35.885901,90053910.9140625,49287.5565720536
4281,02794,"02794 Leutersdorf, Spitzkunnersdorf",3860,17.090717,42866397.6787109,35387.4347317902
4282,02736,"02736 Beiersdorf, Oppach",3785,14.491078,36538557.8369141,33614.9065587215
4283,02748,02748 Bernstadt a. d. Eigen,3665,52.458321,132106782.786133,62542.0956713843
4284,02906,"02906 Niesky, Hohendubrau u.a.",18024,251.185634,639217255.380859,155060.258370368
4285,02788,02788 Zittau,4183,41.27247,103540980.624023,48639.0178935376
4286,02799,02799 Großschönau,1282,8.472249,21174580.1376953,24502.860073793
4287,02747,02747 Herrnhut,6369,74.225198,186642219.591797,62840.8477022556
4288,02943,"02943 Weißwasser, Boxberg",23176,281.167092,719619763.061523,201835.777047643
4289,02727,02727 Ebersbach-Neugersdorf,5758,5.561683,13966417.609375,18855.7384085849
4290,02797,02797 Oybin,1515,18.355861,45821150.5361328,44043.7088974216
4291,16540,16540 Hohen Neuendorf,14739,19.185635,51994734.5927734,47257.8206325843
4292,16556,16556 Borgsdorf,4434,15.771508,42850401.9775391,43960.5527415855
4293,16562,16562 Hohen Neuendorf OT Bergfelde,5480,13.139732,35642028.4941406,33485.403431052
4294,16775,"16775 Gransee, Löwenberg",17350,567.718172,1561907868.46387,343719.25860742
4295,02994,02994 Bernsdorf,6798,59.199697,151362903.048828,83511.6500942635
4296,02699,02699 Königswartha,7163,105.244756,268011080.857422,96517.9918756148
4297,02625,02625 Bautzen,40343,66.879973,169567650.862305,93570.6435315215
4298,02681,02681 Wilthen,12222,41.502753,104773557.374023,56746.1925326158
4299,02979,"02979 Spreetal, Elsterheide",5794,236.163997,606668062.8125,193802.624349391
4300,02633,02633 Göda,4974,65.547876,166047072.128906,96598.5991250597
4301,02733,02733 Cunewalde,5014,26.665134,67330448.1816406,39214.805305143
4302,02689,02689 Sohland a. d. Spree,7117,37.396038,94222163.1806641,50181.776999658
4303,02991,02991 Lauta,9144,43.065968,110476493.698242,76834.5087794991
4304,02694,"02694 Großdubrau, Malschwitz",9454,147.903078,376113304.334961,134946.603482584
4305,02997,02997 Wittichenau,5892,61.346896,156851611.959961,72619.437589891
4306,02627,"02627 Weißenberg, Hochkirch u.a.",11881,198.866351,504352080.774414,226517.453558951
4307,02977,02977 Hoyerswerda,36125,95.65634,245075336.374023,125101.614767658
4308,02999,02999 Lohsa,5735,135.090814,345398394.993164,121171.086906594
4309,02692,"02692 Doberschau-Gaußig, Großpostwitz, Obergurig",7042,39.165091,99060418.4169922,65910.6601831586
4310,39629,39629 Bismark,5900,162.465939,441212396.748047,141546.48879295
4311,16816,"16816 Neuruppin, Buskow und Nietwerder",24355,62.192849,170571409.716797,91415.2135833535
4312,16868,16868 Wusterhausen,3329,36.173304,99224976.2470703,57843.6603086121
4313,39539,39539 Havelberg,6974,150.158948,410304641.251953,135330.681485914
4314,01917,01917 Kamenz,17848,98.877572,251879653.645508,82314.8466817462
4315,01909,"01909 Großharthau, Frankenthal",4005,46.847546,118401396.401367,57203.2331013354
4316,01877,01877 Bischofswerda u.a.,19908,116.940737,295722524.941406,109407.578125974
4317,01900,"01900 Großröhrsdorf, Bretnig-Hauswalde",9736,41.046028,103907471.787109,58710.5925695622
4318,01920,"01920 Elstra, Oßling u.a.",18535,230.309928,586018769.914063,218949.719591836
4319,01454,"01454 Radeberg, Wachau",22281,68.136486,172479718.668945,102862.408538468
4320,01896,01896 Pulsnitz,11693,53.563228,135868319.567383,81025.8062803469
4321,01477,01477 Arnsdorf b. Dresden,4776,35.905858,90695677.1494141,52279.3215806725
4322,01904,01904 Neukirch/Lausitz,8227,39.441338,99534121.5332031,50827.0126065703
4323,01936,01936 Königsbrück u.a.,11707,253.465419,645799304.770508,179730.280433168
4324,01458,01458 Ottendorf-Okrilla,9817,25.967265,65843404.0898438,44543.496156965
4325,01906,01906 Burkau,2775,31.937146,80978381.1298828,59426.3106273341
4326,01855,01855 Sebnitz,10390,88.486846,221968173.537109,114598.101131796
4327,01723,01723 Wilsdruff,11815,75.911691,191330340.55957,82817.3801935906
4328,01778,01778 Altenberg,3065,56.162305,139909743.838867,65001.1182450447
4329,01705,01705 Freital,38322,40.430379,101751703.160156,69789.2900821329
4330,01744,01744 Dippoldiswalde,14642,104.393812,261227058.864258,127384.914185453
4331,01728,01728 Bannewitz,10419,25.766863,64795715.8642578,45884.6686090781
4332,01796,"01796 Pirna, Struppen, Dohma",41947,93.45034,234579185.777344,118838.390462783
4333,01768,01768 Glashütte,6993,95.860094,239825279.324219,93926.1184998791
4334,01762,01762 Hartmannsdorf-Reichenau,1147,28.330963,70728868.6396484,53208.9910590818
4335,01731,01731 Kreischa,4365,28.931748,72649225.4013672,58297.878849709
4336,01809,01809 Heidenau,24151,60.789637,152614122.867188,79401.6826710091
4337,01773,01773 Altenberg,5504,89.970685,224269644.982422,99804.5621058399
4338,01829,01829 Wehlen,1666,10.864878,27288834.2578125,35790.492629262
4339,01816,01816 Bad Gottleuba-Berggießhübel,5796,88.911377,222155581.563477,100302.51015071
4340,01734,01734 Rabenau,4390,30.78476,77317171.5566406,65044.2635718212
4341,01814,01814 Bad Schandau,6482,83.137956,208240141.973633,118448.146704086
4342,01833,"01833 Stolpen, Dürrröhrsdorf-Dittersbach",10143,104.666235,263756331.263672,100254.100269245
4343,01738,01738 Dorfhain,1113,6.285408,15777618.2392578,27340.0107019829
4344,01774,01774 Klingenberg,7050,86.866008,217674602.602539,88908.9686024418
4345,01156,01156 Dresden,11317,31.752508,80147456.7861328,51314.5275273839
4346,01139,01139 Dresden,17555,8.437161,21308450.8037109,26689.0920952625
4347,01097,01097 Dresden,14821,3.298022,8323896.7734375,20523.8602366546
4348,01219,01219 Dresden,20916,6.948919,17504927.3046875,32303.0931713392
4349,01159,01159 Dresden,27666,5.922549,14933544.9677734,22239.3624049443
4350,01307,01307 Dresden,23815,3.668517,9253612.86914063,15800.5564690339
4351,01157,01157 Dresden,20684,8.061751,20346554.9794922,30297.0090985857
4352,01099,01099 Dresden,28018,58.505818,147806819.865234,76845.8636507171
4353,01237,01237 Dresden,15536,4.280843,10780791.1220703,21729.2233610482
4354,01169,01169 Dresden,19091,4.856738,12244581.5107422,20679.5878912585
4355,01309,01309 Dresden,32890,4.725568,11917143.3154297,20979.7850850685
4356,01257,01257 Dresden,16265,8.275622,20823111.6953125,40994.5792432182
4357,01109,01109 Dresden,20010,24.736193,62575369.6220703,47721.4511648284
4358,01465,01465 Dresden,4104,12.551722,31772934.328125,33015.7637705361
4359,01239,01239 Dresden,15134,5.726501,14410565.4765625,23705.2652396303
4360,01187,01187 Dresden,16431,5.097179,12843131.9013672,25964.0576220064
4361,01324,01324 Dresden,8874,4.629564,11679804.9785156,20176.7731449708
4362,01259,01259 Dresden,19007,10.373223,26097506.359375,36022.8114615381
4363,01189,01189 Dresden,9741,5.3074,13365596.5292969,18999.3344986082
4364,01326,01326 Dresden,10802,15.591174,39276180.5917969,53966.202055276
4365,01277,01277 Dresden,31798,4.867171,12267215.4853516,33312.8599310289
4366,01127,01127 Dresden,15079,3.216483,8123156.67285156,27274.6224986036
4367,01279,01279 Dresden,21201,4.891511,12323446.9697266,20197.4627292174
4368,01328,01328 Dresden,12342,41.238369,103950783.680664,64375.414275526
4369,01129,01129 Dresden,18915,7.413717,18736053.0771484,30823.917170133
4370,01069,01069 Dresden,25483,5.339213,13459985.1025391,28618.614650149
4371,01108,01108 Dresden,5876,16.447222,41662663.4326172,43791.8205091489
4372,01217,01217 Dresden,17501,5.876939,14800502.3300781,24967.6603939677
4373,01067,01067 Dresden,11957,6.866839,17326789.9521484,20681.9562725959
4374,01471,01471 Radeburg,7592,54.176872,137479052.220703,83997.4083280984
4375,01612,"01612 Nünchritz, Glaubitz",8042,45.535858,116113963.263672,71459.9043040584
4376,01662,01662 Meißen,27076,30.874908,78269591.4042969,66851.1595619139
4377,01623,01623 Lommatzsch,5408,66.981734,170145236.311523,88515.0916045023
4378,01558,01558 Großenhain,14551,44.098041,112404349.835938,69489.4437797735
4379,01594,"01594 Riesa, Stauchitz, Hirschstein",6780,86.2947,219722414.038086,111051.377765612
4380,01640,01640 Coswig,20751,25.952054,65713044.1337891,56530.011199033
4381,01619,01619 Zeithain,6215,82.262448,210446183.726563,86551.1800909956
4382,01683,01683 Nossen,11035,123.028702,311112868.549805,137663.783720655
4383,01591,01591 Riesa,8795,16.636915,42469602.0009766,40341.4610908249
4384,01689,01689 Weinböhla,13976,54.362112,137920714.400391,72605.948385183
4385,01616,01616 Strehla,3888,30.425686,77820514.6923828,63641.4089159085
4386,01665,"01665 Käbschütztal, Klipphausen, Diera-Zehren",16574,205.674376,520709915.09375,199429.213666721
4387,01445,01445 Radebeul,33224,26.354189,66656238.6035156,50681.9242300723
4388,01589,01589 Riesa,10121,15.410295,39291944.9091797,32407.0578861742
4389,01561,"01561 Großenhain, Ebersbach u.a.",20492,408.955089,1042582987.91992,275264.742579919
4390,01609,"01609 Gröditz, Wülknitz, Röderaue",12490,85.671082,219364144.987305,103096.80581141
4391,04924,04924 Bad Liebenwerda,11917,172.311234,443861429.370117,139242.826656445
4392,04910,04910 Elsterwerda,8611,41.378492,106281466.211914,71456.5006126303
4393,04916,04916 Herzberg/ Elster,13189,314.974661,819030484.855469,231766.195190832
4394,04895,04895 Falkenberg/ Elster,8588,150.923334,389400886.483398,150730.748016653
4395,04932,"04932 Röderland, Großthiemig u.a.",9156,122.586016,314238039.31543,142419.889733039
4396,04938,04938 Uebigau-Wahrenbrück,2403,41.29189,106744706.380859,56282.957187632
4397,04931,"04931 Mühlberg, Bad Liebenwerda",3956,82.435756,211620839.631836,102398.851696728
4398,04936,04936 Schlieben,5430,200.346916,520897001.397461,130066.460656767
4399,04928,"04928 Plessa, Schraden",3436,69.291661,177935637.173828,79407.017573743
4400,04934,04934 Hohenleipisch,2218,34.408222,88540068.2734375,57873.1902041265
4401,04435,04435 Schkeuditz,16951,81.801154,209842750.283203,122574.459189686
4402,04874,04874 Belgern-Schildau,4716,83.948712,215647755.734375,96675.7623112776
4403,04769,"04769 Mügeln, Naundorf",8910,92.055446,234249993.459961,127844.979174091
4404,04178,04178 Leipzig,14379,15.78956,40405513.1005859,31899.9126981608
4405,04289,04289 Leipzig,9279,6.134273,15658529.7597656,21045.8584492908
4406,04779,04779 Wermsdorf,5509,105.374572,268882520.280273,91896.2118254882
4407,04886,"04886 Arzberg, Beilrode",6522,152.651158,394123299.210938,172075.432337707
4408,04838,04838 Eilenburg u.a.,27928,274.686654,706850952.939453,175663.678136457
4409,04509,"04509 Delitzsch, Krostitz u.a.",39116,311.636815,802992642.928711,251997.472463165
4410,04889,04889 Belgern-Schildau,3579,75.609318,194219523.59082,79692.6950029876
4411,04299,04299 Leipzig,14268,4.636616,11845507.5625,18375.6792510702
4412,04425,04425 Taucha,14164,33.2593,85230662.9355469,51716.192974131
4413,04849,04849 Bad Düben,10313,119.473866,308884765.416016,142935.531562859
4414,04328,04328 Leipzig,4101,3.185996,8149827.52441406,16199.0874201904
4415,04860,"04860 Torgau, Dreiheide",20638,90.2017,232759691.857422,129364.003196444
4416,04758,04758 Oschatz u.a.,20808,193.391005,494313474.671875,158977.733713491
4417,04329,04329 Leipzig,14607,4.502246,11521591.1689453,21164.2639858894
4418,04774,04774 Dahlen,4601,72.048773,184490415.118164,109728.836562323
4419,04880,04880 Dommitzsch,5580,147.166136,380807415.629883,136475.173142254
4420,16866,"16866 Gumtow, Kyritz u.a.",13406,410.621586,1130303363.43945,235303.861592523
4421,04105,04105 Leipzig,15843,4.851142,12411746.2460938,18641.2416569593
4422,04207,04207 Leipzig,17867,6.782428,17323551.8984375,30977.2194212528
4423,04316,04316 Leipzig,7578,9.41315,24056092.21875,27270.9084643139
4424,04279,04279 Leipzig,15023,5.891518,15034353.5322266,19649.3551079902
4425,04177,04177 Leipzig,16855,2.961325,7573173.74707031,17638.9111967384
4426,04155,04155 Leipzig,16245,2.231976,5713178.14160156,11761.3597551169
4427,04275,04275 Leipzig,22189,2.721232,6952868.67285156,16437.5346892552
4428,04347,04347 Leipzig,19258,7.539888,19298872.546875,26949.0527340613
4429,09434,09434 Zschopau,1549,10.831251,26970802.2412109,25115.1853145382
4430,09548,09548 Seiffen/Erzgeb.,3518,20.638064,51149957.4501953,69067.1696052818
4431,04277,04277 Leipzig,21625,8.226058,21004627.2998047,28310.4887356132
4432,04349,04349 Leipzig,8168,13.963056,35784053.1455078,31249.1526189508
4433,04249,04249 Leipzig,14748,39.866351,101677034.84668,64990.2288298357
4434,04319,04319 Leipzig,10874,17.563946,44896095.4433594,43994.7323530319
4435,04317,04317 Leipzig,17627,2.078219,5312354.08886719,12991.9246224464
4436,04179,04179 Leipzig,14550,7.521257,19238802.6708984,31942.2142342245
4437,04103,04103 Leipzig,13549,4.400094,11248285.2871094,23111.3031386842
4438,67374,67374 Hanhofen,2398,5.787603,13617536.0932617,23204.8812464367
4439,04357,04357 Leipzig,14336,4.803154,12303052.0898438,16458.5910232358
4440,67127,67127 Rödersheim-Gronau,2855,8.225724,19442767.0932617,20591.368687314
4441,04288,04288 Leipzig,11173,22.02373,56199553.7851563,38886.5665543766
4442,04159,04159 Leipzig,21913,18.312,46907136.1669922,48042.0790055059
4443,04519,04519 Rackwitz,4933,35.910229,92305998.953125,68762.4756139886
4444,04129,04129 Leipzig,11601,4.612756,11812525.5800781,17742.1465639215
4445,04356,04356 Leipzig,2286,20.90254,53634033.4160156,51528.9133236249
4446,04107,04107 Leipzig,11593,1.644636,4204004.34277344,12198.8054014007
4447,04157,04157 Leipzig,22275,3.899523,9987536.45605469,17567.1757890136
4448,04209,04209 Leipzig,18835,2.3343,5964551.30273438,14944.8387686327
4449,04109,04109 Leipzig,11615,2.53656,6486432.140625,14149.4794630237
4450,04318,04318 Leipzig,14151,3.414693,8732286.93554688,20504.8980409815
4451,67598,67598 Gundersheim,1624,8.464876,20219564.5151367,21169.5589166143
4452,04229,04229 Leipzig,30475,5.886651,15042647.3652344,19093.4218912094
4453,04205,04205 Leipzig,14523,6.524746,16676645.1416016,22308.0441202128
4454,08064,08064 Zwickau,10169,17.600754,43729323.7265625,35862.6212357978
4455,04683,04683 Naunhof,11809,63.275616,161299293.262695,86136.5517399298
4456,04416,04416 Markkleeberg,23530,31.466565,80211974.5644531,60016.4112684771
4457,04442,04442 Zwenkau,8798,46.270667,117713119.788086,73541.3362272537
4458,04828,04828 Bennewitz,5052,46.966457,120088662.448242,70071.7477648504
4459,04523,"04523 Pegau, Elstertrebnitz",7826,60.419451,153522043.080078,98530.6093856287
4460,04463,04463 Großpösna,5338,41.466681,105617768.450195,68975.1231098975
4461,04668,04668 Grimma,34365,275.601519,701208073.863281,191690.668602703
4462,04575,"04575 Neukieritzsch, Deutzen",7178,54.573364,138418460.029297,84205.3805268442
4463,04564,04564 Böhlen,6704,27.17239,69087454.6816406,56871.6986822872
4464,04824,04824 Brandis,3113,9.131863,23329515.1982422,28134.6361777367
4465,04680,04680 Colditz,9253,84.388714,213783158.401367,98407.4300073697
4466,67126,67126 Hochdorf-Assenheim,3032,9.680602,22866614.4360352,25972.8341058536
4467,04651,04651 Bad Lausick,8399,69.825135,177038452.167969,110936.216914363
4468,04567,04567 Kitzscher,5377,29.043986,73724710.4804688,54497.1827142944
4469,04565,04565 Regis-Breitingen,4164,26.763624,67725190.8125,47579.3124526324
4470,04420,04420 Markranstädt,14800,58.454182,149200521.783203,74739.3644528037
4471,04827,04827 Machern,6651,39.010843,99896758.8769531,67377.5900669047
4472,04654,04654 Frohburg,13483,145.646232,367921722.948242,138062.752652
4473,04687,04687 Trebsen/Mulde,4085,35.276529,89975109.125,65144.2451511709
4474,04571,04571 Rötha,6095,46.439717,118052430.554688,80484.3956287394
4475,04539,04539 Groitzsch,7798,70.152356,177800893.427734,77098.1803274436
4476,04808,04808 Wurzen,27018,232.716532,596165392.583008,141716.448213544
4477,04451,04451 Borsdorf,8212,15.653487,40047756.5703125,35576.9700161563
4478,04552,04552 Borna,19802,61.573864,155923231.905273,75112.3801677427
4479,09390,09390 Gornsdorf,2105,4.191486,10426682.9755859,19426.3887853911
4480,04821,04821 Brandis,6352,25.729401,65740837.5644531,46940.0537532733
4481,04643,04643 Geithain,7556,54.750939,138161186.457031,83371.4108607732
4482,09544,09544 Neuhausen/Erzgeb.,2924,48.130704,119524832.504883,68647.8023648457
4483,08280,08280 Aue,16941,20.945321,51868515.0722656,52591.5302688273
4484,09633,09633 Halsbrücke,5374,41.057237,103203025.754883,62346.0019677032
4485,09326,09326 Geringswalde,4611,30.108639,76078314.6191406,56313.0352829012
4486,09600,"09600 Weißenborn, Oberschöna",6121,66.979382,167956687.085938,104000.121290744
4487,09603,09603 Großschirma,5871,61.705656,155305345.915039,81235.5428601889
4488,09573,"09573 Leubsdorf, Gornau, Augustusburg",9330,66.431358,165902867.070313,91681.5444070227
4489,08324,08324 Bockau,2442,18.987881,46886297.4619141,41536.1928855169
4490,08309,08309 Eibenstock,8080,112.103726,276146302.196289,99653.498093116
4491,08289,08289 Schneeberg,14980,23.361737,57846662.6708984,37473.1770816172
4492,08315,08315 Lauter-Bernsbach,9202,30.082321,74379692.9140625,60747.4394458444
4493,08344,08344 Grünhain-Beierfeld,6203,22.550411,55788272.8466797,45665.7477864496
4494,08328,08328 Stützengrün,3585,28.209643,69690780.5625,53132.3433973056
4495,08301,08301 Schlema,5059,15.502252,38422272.0742188,35920.4825505433
4496,08349,08349 Johanngeorgenstadt,4549,29.545273,72665441.3525391,41786.6939897266
4497,09122,09122 Chemnitz,9097,3.005673,7505457.61816406,15006.5352237708
4498,08340,08340 Schwarzenberg/Erzgeb.,18053,46.019516,113574763.363281,94001.0959304873
4499,08304,08304 Schönheide,4949,28.902889,71296390.5742188,62861.6066668
4500,08352,08352 Raschau,5547,41.01489,101203699.776367,60597.8419923411
4501,08294,08294 Lößnitz,9386,30.476521,75559092.8525391,55965.8787395572
4502,08359,08359 Breitenbrunn/Erzgeb.,5786,60.480822,148971619.998047,90579.4063340988
4503,08297,08297 Zwönitz,12654,64.513105,160109236.655273,78508.271047994
4504,08321,08321 Zschorlau,5591,21.940431,54230870.0449219,39675.7018762913
4505,09471,09471 Bärenstein,4785,26.315862,64958022.4570313,62379.9322939845
4506,09405,"09405 Zschopau, Gornau",10883,17.598683,43845275.4824219,50545.7979438753
4507,09526,"09526 Olbernhau, Pfaffroda, Heidersdorf",13209,134.397079,333617590.416016,154120.016423115
4508,09518,09518 Großrückerswalde,3642,26.75886,66307480.7607422,51068.3495173901
4509,09221,09221 Neukirchen/Erzgeb.,6843,20.254862,50520636.2744141,47532.3134142321
4510,09392,09392 Auerbach,2753,8.161252,20284611.9199219,20000.0937755069
4511,09119,09119 Chemnitz,13067,2.341279,5850939.90136719,16190.479337364
4512,09376,09376 Oelsnitz/Erzgebirge,11652,26.2765,65397118.1591797,44479.9947892296
4513,67585,67585 Dorn-Dürkheim,940,5.602391,13422803.262207,19477.8501860133
4514,09474,09474 Crottendorf,4272,34.155149,84231654.6074219,52626.9733232349
4515,09117,09117 Chemnitz,14693,14.535661,36338928.828125,30654.1657758401
4516,09423,09423 Gelenau/Erzgeb.,4424,21.118355,52536853.015625,50079.3291466302
4517,19309,19309 Lenzen,3684,198.626492,549810420.40918,172460.13302334
4518,09419,09419 Thum,5506,18.902028,46951579.2617188,36035.9091570387
4519,09509,09509 Pockau-Lengefeld (Pockau),3946,35.834961,89106301.1113281,58873.7550158376
4520,09380,09380 Thalheim/Erzgebirge,6851,10.800569,26860347.578125,28356.6127013871
4521,09579,09579 Grünhainichen,3706,28.93107,72136437.9589844,62885.8645588674
4522,09465,09465 Sehma,6875,44.535296,109785635.46582,59815.3440869994
4523,09427,09427 Ehrenfriedersdorf,4937,15.907721,39465113.3710938,42625.0390407139
4524,09514,09514 Pockau-Lengefeld (Lengefeld),4390,47.626829,118552768.3125,76567.3162842796
4525,09437,"09437 Börnichen, Gornau",1676,20.841469,51904782.8095703,58728.7472118946
4526,09468,09468 Geyer,4953,26.351059,65318706.1064453,40066.4133330867
4527,09235,09235 Burkhardtsdorf,6352,21.283302,52999244.8525391,57866.0783539938
4528,09399,09399 Niederwürschnitz,2698,6.040875,15042332.7011719,21015.1240242949
4529,67587,67587 Wintersheim,320,3.811931,9138505.09716797,15694.0430551909
4530,09488,09488 Wiesa,3564,24.325765,60278254.1787109,49468.9127743261
4531,09366,09366 Stollberg/Erzgeb.,12910,52.094629,129538823.095703,67492.8522913977
4532,09439,09439 Amtsberg,3920,23.487409,58511015.7744141,48691.2331170467
4533,09394,09394 Hohndorf,3787,5.251236,13085174.4560547,21235.9768676798
4534,09496,09496 Marienberg,18128,133.952243,331886675.145508,170866.000518021
4535,09477,09477 Jöhstadt,2936,48.225739,119062700.107422,63954.9744755439
4536,09456,"09456 Annaberg-Buchholz, Mildenau",24697,60.248403,149024146.887695,81376.4133253806
4537,09385,09385 Lugau/Erzgeb.,8698,22.308611,55622327.7402344,43568.3912763137
4538,09484,09484 Oberwiesenthal,2344,40.160634,98776213.8916016,56871.0417052265
4539,09481,09481 Scheibenberg,5360,55.407959,137084141.041016,88037.4111976648
4540,09429,09429 Wolkenstein,4059,30.644686,76046870.0888672,52515.7557037087
4541,09387,09387 Jahnsdorf,5657,26.148142,65180324.6494141,48353.9287606804
4542,09487,09487 Schlettau,2537,21.254934,52555267.5527344,42303.989745603
4543,09356,09356 St. Egidien,3494,21.242646,53057082.6933594,51259.1472563724
4544,09337,"09337 Callenberg, Hohenstein-Ernstthal, Bernsdorf",23136,73.339188,183362692.757813,113258.94580853
4545,09432,09432 Großolbersdorf,2987,22.613067,56210120.1142578,45504.2385398278
4546,09648,"09648 Mittweida, Kriebstein",19762,86.561202,218068948.777344,136936.683125876
4547,09244,09244 Lichtenau,7582,49.212021,123515900.382813,62415.5300928954
4548,09569,09569 Oederan,8616,76.960584,192698519.504883,83823.7747913059
4549,09322,09322 Penig,9550,63.465958,159533981.478516,81194.8807537294
4550,09623,09623 Frauenstein,5226,111.935088,278979439.619141,110081.299579235
4551,09627,09627 Bobritzsch,5996,55.333131,138649522.31543,70614.2663582495
4552,09638,09638 Lichtenberg/Erzgeb.,2892,33.496899,83729002.2050781,54095.7824776918
4553,09557,09557 Flöha,11523,27.838179,69675673.09375,54752.1214831262
4554,09669,09669 Frankenberg,15076,65.607879,164609550.169922,77554.5037459165
4555,09236,09236 Claußnitz,3319,21.466226,53930724.5253906,43276.0206327905
4556,09599,09599 Freiberg,39861,48.291826,121143027.632813,72023.9027949354
4557,09306,09306 Rochlitz,18784,193.856872,488929791.9375,183637.77664183
4558,09217,09217 Burgstädt,11267,25.896865,65018906.9394531,49685.3882419414
4559,09328,09328 Lunzenau,4756,28.330798,71262541.1894531,50249.9304693877
4560,09577,09577 Niederwiesa,5081,16.312732,40851169.765625,36033.1108709268
4561,09619,"09619 Dorfchemnitz, Mulda, Sayda",6417,108.152865,269475998.132813,92528.0341037964
4562,09575,09575 Eppendorf,4492,33.619617,83918315.6816406,48412.9087560771
4563,67165,67165 Waldsee,5314,12.818776,30257748.3046875,28870.7990198875
4564,09618,"09618 Brand-Erbisdorf, Großhartmannsdorf",12982,79.551966,198756752.953125,95184.4373292131
4565,09249,09249 Taura b. Burgstädt,2486,11.139185,27952097.5224609,28672.6801149261
4566,09661,"09661 Hainichen, Rossau, Striegistal",17661,182.45714,459343538.126953,157047.337393761
4567,09629,09629 Reinsberg,2473,41.933697,105629336.543945,67021.2492093354
4568,09224,09224 Chemnitz,7707,20.100712,50234186.9521484,52796.282915682
4569,67125,67125 Dannstadt-Schauernheim,6772,13.289168,31397668.0805664,32437.5241345325
4570,09130,09130 Chemnitz,21047,3.725872,9319441.66601563,16220.2657413738
4571,09116,09116 Chemnitz,18176,15.634819,39089260.0478516,34885.6545466227
4572,09125,09125 Chemnitz,9168,16.613888,41468667.3027344,34621.3420270675
4573,09131,09131 Chemnitz,12407,19.200148,48078868.7275391,43546.887857828
4574,09127,09127 Chemnitz,18605,14.221859,35538178.5019531,35043.0158025878
4575,09111,09111 Chemnitz,10350,2.635107,6590574.58691406,14483.874512404
4576,09113,09113 Chemnitz,16056,4.591337,11489198.2685547,24891.3747864757
4577,09126,09126 Chemnitz,20881,5.088087,12716029.8916016,21627.2306518942
4578,09128,09128 Chemnitz,4272,25.189179,62939783.9882813,50102.5884994903
4579,09112,09112 Chemnitz,16361,2.056754,5143373.92871094,12365.8319143285
4580,09120,09120 Chemnitz,11502,5.518294,13786778.3183594,21189.8867436525
4581,09247,09247 Röhrsdorf,2957,11.993935,30034187.9306641,24220.3768406045
4582,09123,09123 Chemnitz,18365,22.473097,56046091.0732422,69121.5076810037
4583,09228,09228 Chemnitz,4207,12.252203,30712602.3037109,27177.5274206549
4584,09114,09114 Chemnitz,11489,20.188838,50571871.8916016,48041.3696605584
4585,19322,"19322 Wittenberge, Rühstädt",21671,140.986897,388438768.141602,132384.635236344
4586,19336,"19336 Legde/Quitzöbel, Bad Wilsnack",3307,121.596803,334328654.829102,106302.328524145
4587,16945,"16945 Meyenburg, Kümmernitztal u.a.",4020,188.55326,526532587.860352,181501.893087283
4588,16949,"16949 Triglitz, Putlitz",3330,151.621255,422671444.025391,104442.511784713
4589,19348,"19348 Perleberg, Berge u.a.",14042,227.324514,630335531.643555,211982.609028457
4590,16928,"16928 Pritzwalk, Groß Pankow",17030,441.27482,1223501778.91797,230887.787187217
4591,42719,42719 Solingen,24238,8.810733,22403296.5512695,30622.1841444509
4592,08485,08485 Lengenfeld,7645,46.864141,116021490.021484,65153.3726385971
4593,08261,08261 Schöneck/Vogtl.,3458,55.326503,135865763.726563,69719.3989273437
4594,08239,08239 Bergen,2365,22.476179,55407723.9589844,43841.5314814661
4595,08258,08258 Markneukirchen,8281,68.74634,168243233.378906,80222.7844385281
4596,08237,08237 Steinberg,2949,20.421538,50469122.0634766,43797.4585786416
4597,08539,08539 Rosenbach,2686,44.483841,109902474.744629,56985.154228912
4598,67582,67582 Mettenheim,1504,6.404477,15329530.137207,19167.328977825
4599,08525,08525 Plauen,16535,24.340161,60113190.4462891,57389.7113122203
4600,08648,08648 Bad Brambach,2133,43.951459,107196164.953125,83390.3339516271
4601,08527,"08527 Plauen, Rößnitz",13772,51.591873,127186150.328613,115140.23647596
4602,08626,08626 Adorf,7724,105.695538,259064201.282715,110859.474691857
4603,08538,08538 Weischlitz u.a.,6264,121.044211,297955668.19043,119892.721891255
4604,08233,08233 Treuen,8436,43.873978,108423909.402344,54409.1837403199
4605,08645,08645 Bad Elster,3779,19.608338,47936992.6728516,45224.2003822486
4606,08499,08499 Mylau,2787,4.722209,11711067.5566406,26971.9892027597
4607,08606,08606 Oelsnitz,15700,161.40349,396481411.916504,161527.63537671
4608,08223,08223 Falkenstein/Vogtl.,11813,70.896134,174472987.332031,86775.313009394
4609,08236,08236 Ellefeld,2806,4.47474,11030349.1328125,28240.2977702893
4610,08548,08548 Rosenbach,1559,15.4719,38264185.0249023,35133.0385607191
4611,08228,08228 Rodewisch,6817,26.896973,66453149.2285156,56588.4628347276
4612,08491,"08491 Netzschkau, Limbach",5718,26.13997,64757564.7226563,56159.7827975452
4613,08523,08523 Plauen,19023,7.088085,17485480.4824219,36113.6145345869
4614,08248,08248 Klingenthal/Sa.,8003,28.942713,71051796.0019531,43677.9492975834
4615,08547,08547 Jößnitz,2594,12.98723,32113090.0859375,31231.4452303686
4616,08496,08496 Neumark,3070,17.327699,43027957.3623047,39795.9924425382
4617,08209,08209 Auerbach/Vogtl.,19698,55.584231,137054437.757813,96965.2869715287
4618,08262,08262 Muldenhammer,3340,56.094278,137953323.336914,72179.5755089998
4619,08267,08267 Klingenthal,1380,21.474516,52664213.2724609,37378.0458798162
4620,08529,08529 Plauen,12375,11.956167,29501051.0087891,28626.5877567854
4621,08468,08468 Reichenbach im Vogtand,21861,52.082423,129149815.649414,79385.1977507504
4622,08543,08543 Pöhl,2627,36.49916,90274937.3105469,57453.285609616
4623,08541,08541 Neuensalz,4045,49.558658,122265244.136719,73690.1878008206
4624,08066,08066 Zwickau,15166,15.249493,37979050.6943359,33065.8533725102
4625,08132,08132 Mülsen,11925,50.831108,126657899.129883,79765.0695609695
4626,08459,08459 Neukirchen/Pleiße,4294,16.89355,42178658.2119141,37170.2373478354
4627,08141,08141 Reinsdorf,8052,21.224844,52783435.734375,37369.4679876642
4628,08412,08412 Werdau,21744,65.704789,163664727.493164,82996.7457299137
4629,08134,"08134 Langenweißbach, Wildenfels",6538,43.445743,107840614.599609,55800.7397415478
4630,08107,08107 Kirchberg,10169,66.840606,165558688.957031,92131.9995272665
4631,08427,08427 Fraureuth,5331,22.611928,56240233.4355469,46705.2334747551
4632,08396,08396 Waldenburg,5363,39.399851,98776615.7167969,73277.6118793898
4633,08118,08118 Hartenstein,4831,36.749946,91295330.5048828,60632.8906046935
4634,08056,08056 Zwickau,19241,14.188119,35303594.4023438,42543.0257686452
4635,09212,09212 Limbach-Oberfrohna,24865,50.29203,125995710.270508,92171.0103124566
4636,08373,08373 Remse,1757,14.418787,36108699.7363281,35479.0449032193
4637,08144,08144 Hirschfeld,1224,18.98914,47098873.6787109,40436.2256171706
4638,08428,08428 Langenbernsdorf,3784,36.303502,90542853.0830078,51290.2735859182
4639,08062,08062 Zwickau,13382,3.554763,8840914.00488281,13472.4819678443
4640,08058,08058 Zwickau,20025,41.672506,103948911.817383,70915.5293881172
4641,08112,08112 Wilkau-Haßlau,10577,12.698901,31542232.9130859,39062.9092351287
4642,08371,08371 Glauchau,23623,51.664625,129142052.182617,76493.2491291097
4643,08147,08147 Crinitzberg,2091,18.825601,46576491.8876953,38970.2431087167
4644,08115,08115 Lichtentanne,6724,27.330215,67907401.4033203,50059.6660681519
4645,08393,08393 Meerane,17865,49.012044,122680910.578125,75042.6187885312
4646,39393,"39393 Hötensleben, Völpke, Ottleben u.a.",9293,162.305088,429236266.380859,141105.298969156
4647,39359,"39359 Rätzlingen, Wegenstedt, Calvörde, Böddensell u.a.",5116,145.160632,389290194.205078,133289.733463034
4648,39649,39649 Gardelegen,4463,149.139633,401729185.257324,115409.071958235
4649,39179,39179 Barleben,8953,28.527027,75827609.3481445,52820.8741849138
4650,39387,39387 Oschersleben (Bode),20627,189.873317,500892795.035156,161943.492738071
4651,39345,"39345 Flechtingen, Bülstringen Born Gut Detzel Hütten Neuenhofe Satuelle Schloss Detzel Uthmöden Wedringen Wieglitz Vahldorf",5669,190.090451,508382299.20752,204911.875383942
4652,39397,"39397 Schwanebeck, Gröningen, Kroppenstedt",7873,131.695804,346201895.85791,140837.763691074
4653,39164,39164 Wanzleben-Börde,14794,188.34964,498085777.084961,159622.550216299
4654,39356,"39356 Weferlingen, Behnsdorf, Belsdorf u.a.",5375,109.650887,293008576.620605,109182.56170374
4655,39326,39326 Wolmirstedt u.a.,31292,306.267496,816991751.77832,207048.010684625
4656,39167,"39167 Eichenbarleben, Irxleben, Niederndodeleben,  Ochtmersleben und Wellen (alle Gemeide Hohe Börde)",9215,67.072931,177878752.038574,91535.0209530919
4657,39340,39340 Haldensleben,16108,38.997728,104060086.523438,58547.5916773775
4658,39365,"39365 Harbke, Sommersdorf, Wefensleben, Ummendorf, Eilsleben",9962,132.636239,352017306.635254,150664.9874392
4659,39343,"39343 Erxleben, Hillersleben, Ingersleben, Altenhausen, Beendorf
Ackendf
Bartenslbn
Bebertal
Bornstedt
Bregenstedt
Emden
Groß Santerslbn
Hakenstedt
Hundisbg
Ivenrode
Nordgermerslbn
Rottmerslbn
Schackenslbn
Schwanefd
Süplingen
Uhrsleben
Beendf",15223,313.050858,833519630.526367,212392.672347409
4660,39646,39646 Oebisfelde,6832,94.454863,253946737.125,99649.5245909949
4661,07552,07552 Gera,8845,10.983198,27585118.7050781,35166.0818010517
4662,07545,07545 Gera,15163,3.0594,7671968.11132813,19083.8176800113
4663,07551,07551 Gera,8688,22.308427,55833335.2558594,56647.133231948
4664,07549,07549 Gera,21721,8.781114,21981669.921875,26823.9470656867
4665,55286,55286 Wörrstadt,8622,22.811547,54820350.3891602,34663.6873956023
4666,07548,07548 Gera,18556,30.816358,77270036.7802734,46941.9323035728
4667,07546,07546 Gera,17449,10.655449,26727540.5751953,42378.9383122958
4668,42655,42655 Solingen,18120,7.139828,18139292.0019531,28529.1328266146
4669,39576,39576 Stendal,41022,272.30963,736314773.092773,217441.005485769
4670,38486,"38486 Klötze, Apenburg-Winterfeld",12377,339.205544,918999135.150391,226383.603767515
4671,38489,"38489 Beetzendorf, Rohrberg, Jübar",6193,207.592672,564166228.852539,170993.948578267
4672,29410,29410 Salzwedel,24755,306.146515,837852101.539551,177141.034645339
4673,29413,"29413 Dähre, Diesdorf, Wallstawe",4980,224.580451,612937814.880371,145550.555614844
4674,39624,39624 Kalbe,8126,273.562042,743639741.039551,168149.766129097
4675,39638,39638 Gardelegen,20184,535.47087,1442955201.05811,246224.047276403
4676,39524,39524 Sandau,7627,296.074041,802714810.21875,195544.71780439
4677,39517,39517 Tangerhütte u.a.,14170,455.705555,1223878036.78467,217189.452623908
4678,39579,39579 Rochau,1134,39.120782,106365167.251953,64592.2064052229
4679,39596,"39596 Goldbeck, Arneburg u.a.",6367,175.641985,477541670.026367,142955.035755216
4680,39606,"39606 Osterburg, Altmärkische Höhe",13674,368.69927,1006688378.77441,234631.550531855
4681,39590,39590 Tangermünde,10667,90.548548,244325312.654297,113642.69135832
4682,39615,"39615 Seehausen, Werben, Leppin u.a.",10113,393.81014,1080992720.50684,230500.190072405
4683,39307,"39307 Genthin, Hohenseeden, Zabakuck u.a.",20131,406.919851,1089342840.47559,229325.483657986
4684,42657,42657 Solingen,17009,11.52338,29247228.2250977,29827.2808364672
4685,42699,42699 Solingen,21588,10.411218,26426019.0844727,33974.9659713598
4686,58091,58091 Hagen,16656,51.489999,131656844.260742,85282.3808142068
4687,58095,58095 Hagen,18588,2.668038,6836145.99951172,29428.1927967609
4688,58642,58642 Iserlohn,16166,25.592837,65609057.7119141,45124.7300722644
4689,58099,58099 Hagen,26764,16.423276,42149705.9233398,58370.8638431767
4690,58708,58708 Menden,21966,64.65791,166278619.710449,108205.055213913
4691,58644,58644 Iserlohn,17207,36.261157,92856428.3271484,60509.0439498337
4692,58097,58097 Hagen,24109,4.645554,11909465.7734375,22843.801126515
4693,58706,58706 Menden,20118,13.483635,34660787.9208984,33391.6892417313
4694,58640,58640 Iserlohn,19083,46.936892,120638982.197754,65824.3594302623
4695,58638,58638 Iserlohn,19349,7.1006,18214121.1918945,20997.0655715631
4696,58119,58119 Hagen,23433,19.30894,49458456.4907227,50502.7285784166
4697,07745,07745 Jena,26247,23.88147,59971832.7070313,47427.5333979753
4698,55424,55424 Münster-Sarmsheim,2821,6.658542,16069781.4941406,20681.6373580494
4699,07747,07747 Jena,23339,6.82692,17132327.5229492,25709.3325574381
4700,07751,"07751 Jena, Bucha, Großpürschütz u.a.",13190,140.736255,353362763.844727,248351.275451546
4701,55130,55130 Mainz,20035,13.117028,31684512.6621094,29434.2512626321
4702,07749,07749 Jena,17222,13.649175,34301856.7207031,34018.3007916713
4703,07743,07743 Jena,32097,15.417793,38790753.6123047,43484.7775587145
4704,71672,71672 Marbach am Neckar,15253,19.995143,46353021.918457,71842.9122728153
4705,91236,91236 Alfeld,1122,17.913948,42307960.8803711,41590.2379725501
4706,55128,55128 Mainz,20312,9.992413,24153858.140625,24072.9420096408
4707,48531,48531 Nordhorn,12511,71.899898,193231154.316406,71736.2370622056
4708,55116,55116 Mainz,18739,2.244185,5429334.69287109,13061.1825543579
4709,48529,48529 Nordhorn,20437,25.575423,68595779.3671875,46399.5068477005
4710,48527,48527 Nordhorn,19196,52.226535,140559453.234863,62049.8131652703
4711,48480,"48480 Lünne, Schapen, Spelle",12825,90.602906,242999083.334961,107128.944007378
4712,59425,59425 Unna,23285,22.147884,57233746.5830078,44362.1370971717
4713,59427,59427 Unna,17980,58.174855,150210109.15918,108170.82107374
4714,59423,59423 Unna,17847,8.069555,20832175.4106445,20699.2720131071
4715,24884,"24884 Selk, Geltdorf, Hahnekrug",1219,18.399098,54395424.1816406,38359.1479935722
4716,40764,40764 Langenfeld,56841,41.14,104260159.743652,51665.7529313879
4717,42697,42697 Solingen,18009,10.950308,27809728.175293,37080.2078085017
4718,98597,98597 Breitungen/Werra,7114,63.21422,157825754.125488,96682.071175248
4719,36419,36419 Geisa,7110,124.803726,310961452.865723,120889.764162805
4720,58515,"58515 Lüdenscheid-Land incl. Brügge, Hellersen und Bierbaum",8372,44.624654,113541638.021973,81887.0759944346
4721,58511,58511 Lüdenscheid,23943,5.768031,14689156.0473633,24277.8481840716
4722,58507,58507 Lüdenscheid,14967,4.427663,11282077.2280273,24668.3762504547
4723,58509,58509 Lüdenscheid,18277,6.346051,16162652.7895508,24765.2005939968
4724,58513,58513 Lüdenscheid,8248,26.832314,68382827.6230469,65973.7974768635
4725,53879,53879 Euskirchen,28234,11.717671,29123996.362793,36185.5173644948
4726,51645,51645 Gummersbach,18681,26.826022,67674342.3579102,60004.8663652074
4727,51647,51647 Gummersbach,15611,55.731748,140880990.682129,113485.341512526
4728,51643,51643 Gummersbach,15723,12.800714,32325587.8310547,27380.5094111832
4729,56254,56254 Müden,1267,9.615893,23447456.1567383,27371.0227846129
4730,37308,37308 Heiligenstadt,27566,227.387092,582030848.055664,190232.765686864
4731,37351,37351 Dingelstädt,7081,59.248807,151557734.499512,67533.6240450616
4732,37355,37355 Niederorschel u.a.,5544,56.182834,143981586.03418,65793.7902104774
4733,37327,"37327 Leinefelde-Worbis, Wingerode",14775,60.65806,155577317.356934,81534.0903125376
4734,37339,37339 Worbis,21261,194.979875,501489783.652832,170478.215027102
4735,37359,37359 Küllstedt,5028,63.083693,160995503.607422,64586.2379492618
4736,37345,37345 Am Ohmberg und Sonnenstein,8743,126.334639,326035371.121094,101630.997724942
4737,37318,"37318 Arenshausen, Uder u.a.",12409,154.932257,396792733.34668,112029.427655994
4738,04613,04613 Lucka,4097,12.899079,32624176.0703125,35354.1994896401
4739,04639,04639 Gößnitz,5353,31.226591,78256931.2529297,59916.3743976847
4740,04610,04610 Meuselwitz,10968,53.720984,135702252.863281,81715.0551498544
4741,46535,46535 Dinslaken,19696,9.710318,25087739.1420898,27429.3381108543
4742,46539,46539 Dinslaken,22672,31.600678,81709325.4545898,53517.0493059425
4743,46537,46537 Dinslaken,25529,6.313164,16325589.215332,22494.6041743746
4744,46244,46244 Bottrop,20422,58.497066,151435913.771484,74238.8044607503
4745,54529,54529 Spangdahlem,850,13.384829,32347635.3198242,29231.5985037232
4746,67691,67691 Hochspeyer,4539,23.364395,55203779.1416016,36161.8966760479
4747,54646,54646 Bettingen,1624,33.556427,80935256.2661133,56050.2898661269
4748,54587,54587 Lissendorf,1608,16.726682,40975137.3496094,35944.7252421325
4749,54589,54589 Stadtkyll,1615,26.887566,65911274.034668,38990.1298169386
4750,54657,"54657 Badem, Gindorf, Neidenbach",2340,24.747937,59933255.7841797,63682.5394224723
4751,54662,54662 Speicher,4887,24.423341,58900464.03125,39751.9870249856
4752,54578,"54578 Walsdorf, Nohn u.a.",4222,72.821819,178347388.321777,135610.107155648
4753,54649,54649 Waxweiler,2366,48.709873,118162825.348145,87181.9835556224
4754,54655,54655 Kyllburg,3273,71.293478,172818671.101563,70801.8465931932
4755,54636,54636 Rittersdorf u.a.,13587,225.826866,545516363.286133,240286.404417354
4756,54664,54664 Preist,1031,10.574818,25464927.7016602,31894.0171558031
4757,54687,54687 Arzfeld,1383,19.383506,47021493.5859375,43702.0280273542
4758,54689,"54689 Daleiden, Preischeid u.a.",2326,73.236757,177473281.991211,91789.760660296
4759,54673,54673 Neuerburg u.a.,3944,118.557937,286760474.736328,121706.113020082
4760,54675,54675 Körperich u.a.,6048,122.470953,295211547.057129,114277.770977377
4761,54647,54647 Dudeldorf,1571,20.944356,50588553.4428711,42223.822479175
4762,54668,54668 Ferschweiler,4360,64.698143,155572692.754883,78533.6392091466
4763,54669,54669 Bollendorf,1647,13.172957,31651641.402832,31208.9337621145
4764,54595,54595 Prüm,7576,85.644284,208945626.001953,93223.286267952
4765,54597,54597 Pronsfeld,10645,303.386939,739909604.444336,369831.394695645
4766,54552,54552 Mehren u.a.,9752,165.347774,403121566.523438,179994.46268234
4767,54558,54558 Gillenfeld,2419,36.817166,89470618.3359375,57126.9571626734
4768,54310,54310 Ralingen,2471,34.810568,83512602.5263672,73002.8388928895
4769,54550,54550 Daun,8165,47.728377,116397083.815918,61822.6828048481
4770,54666,54666 Irrel,1437,7.075477,16996715.7729492,25625.744328368
4771,54610,54610 Büdesheim,585,13.411366,32709787.2612305,29391.5763515007
4772,54568,54568 Gerolstein,7668,64.717064,157886204.019531,89034.0563959972
4773,54570,"54570 Pelm, Neroth u.a.",8331,168.65159,410639541.811523,204315.650784237
4774,54616,54616 Winterspelt,847,25.687579,62642344.9067383,51364.914039254
4775,54617,54617 Lützkampen,531,20.880012,50770872.4038086,51623.4444065477
4776,54298,"54298 Welschbillig, Igel, Aach",7787,75.503479,181362829.1875,158056.144996849
4777,54612,54612 Lasel,929,17.05561,41425345.1708984,39880.8762612568
4778,54614,54614 Schönecken,2104,36.079294,87767648.652832,46483.2580386423
4779,54608,54608 Bleialf,2627,86.236697,210516812.425781,71616.9592007186
4780,54576,54576 Hillesheim,3322,25.242564,61754339.6728516,38778.7769921652
4781,54619,54619 Üttfeld,1691,69.724014,169465119.686523,93965.3720583901
4782,54634,54634 Bitburg,14219,65.396469,157883590.561035,88347.7349254613
4783,54585,54585 Esch,476,10.169948,24965183.4008789,25823.8949308054
4784,54586,54586 Schüller,316,4.242376,10399832.6162109,14313.5441643685
4785,54611,54611 Hallschlag,645,18.061486,44319924.3681641,39885.9480852506
4786,54579,54579 Üxheim,1424,31.449578,77080957.7485352,52659.8396550816
4787,54584,54584 Jünkerath,2737,19.97875,49001276.2348633,55440.869203399
4788,54574,54574 Birresborn,1416,28.713093,69928475.8291016,45489.4852802172
4789,78048,78048 Villingen-Schwenningen,13976,11.30993,25335635.050293,34013.6431267314
4790,78054,78054 Villingen-Schwenningen,19203,8.911164,19953982.0463867,24138.1875293923
4791,54528,54528 Salmtal,2379,14.060485,33898008.8671875,31323.8258173499
4792,54472,"54472 Monzelfeld, Hochscheid u.a.",5919,80.64,194001556.524902,113313.183254411
4793,54426,54426 Malborn,4599,98.066363,234686174.05127,150991.766327109
4794,54523,"54523 Hetzerath, Dierscheid, Heckenmünster",2342,17.533649,42191368.2524414,43523.7519178501
4795,54347,54347 Neumagen-Dhron,2239,16.227976,38996349.609375,40739.2206138483
4796,54539,54539 Ürzig,896,6.050412,14624334.262207,18347.1369954019
4797,54498,54498 Piesport,1981,19.260123,46312826.1088867,49371.127845922
4798,54534,54534 Großlittgen,1323,31.398005,76032800.0444336,53214.0135725648
4799,54483,54483 Kleinich,693,20.372895,49047717.0283203,42895.8746485045
4800,54524,54524 Klausen,1323,9.200715,22161042.2041016,28386.7717256604
4801,54349,54349 Trittenheim,1046,10.085736,24207812.8945313,29757.413096275
4802,54516,54516 Wittlich,18724,56.630684,136899474.968262,78375.5573938325
4803,54536,54536 Kröv,2322,14.80145,35781826.2993164,35742.9039103585
4804,54492,"54492 Zeltingen-Rachtig, Erden, Lösnich u.a.",3068,25.384826,61305883.2158203,65431.7329206359
4805,54531,54531 Manderscheid,2626,46.906131,113882215.875,81864.1932173251
4806,54484,54484 Maring-Noviand,1496,12.093968,29164064.2060547,25877.8127738072
4807,54526,54526 Landscheid,1979,30.196603,73008151.3369141,53617.7428802249
4808,54470,54470 Bernkastel-Kues u.a.,8730,35.6495,85940363.6186523,55252.6946952934
4809,77716,"77716 Fischerbach, Haslach, Hofstetten",10372,57.07367,128867406.5625,69457.3614480642
4810,54424,54424 Thalfang,2282,32.574135,77983556.8481445,72137.6358715533
4811,54518,"54518 Niersbach, Sehlem, Plein u.a.",14422,173.186068,417744380.820801,232381.471602523
4812,59199,59199 Bönen,18052,37.745705,97725181.8447266,52050.8214920024
4813,59757,59757 Arnsberg,14210,68.530327,176127740.29248,87697.0675110706
4814,59755,59755 Arnsberg,17893,12.603531,32436071.9736328,27011.9968747303
4815,59821,59821 Arnsberg,18513,30.670801,78680108.4428711,49403.0255285081
4816,59759,59759 Arnsberg,14156,18.215983,46829221.6796875,33188.0410383909
4817,59823,59823 Arnsberg,9671,63.582213,163334105.165527,70891.0710459379
4818,54459,54459 Wiltingen,1452,16.039089,38210236.2915039,46768.7069178724
4819,54341,54341 Fell,2465,15.733687,37681827.5410156,36199.1588966477
4820,54318,54318 Mertesdorf,1649,6.46682,15488335.0717773,28964.6743585565
4821,54346,54346 Mehring,2245,22.298501,53447676.1367188,52116.4807335536
4822,54295,54295 Trier,15964,4.805576,11497815.472168,31511.1954286096
4823,54427,54427 Kell am See,1954,28.063435,66847365.7607422,53646.2200586103
4824,54313,54313 Zemmer,2962,24.483519,58908116.4829102,38791.5657156691
4825,54456,54456 Tawern,2758,13.713599,32700501.2939453,43599.996241496
4826,54338,54338 Schweich,6895,31.904196,76630964.9711914,54420.069838017
4827,54421,54421 Reinsfeld,2609,24.678338,58889144.9233398,39461.5974696941
4828,54343,54343 Föhren,2680,10.736081,25812672.6816406,23918.8317912155
4829,54293,54293 Trier,14881,40.942385,98195320.8994141,71431.0063733625
4830,54453,54453 Nittel,2245,16.67626,39732051.425293,45969.5342269323
4831,54331,54331 Pellingen,1959,12.578249,30014871.2412109,37040.0105127433
4832,54411,"54411 Deuselbach, Hermeskeil, Rorodt",6144,38.54887,91991088.4086914,67818.9000089642
4833,54306,54306 Kordel,2104,17.191873,41284368.5620117,50245.5855631013
4834,54441,"54441 Ayl, Trassem u.a.",9119,88.73925,211012108.697266,194668.367655732
4835,54320,54320 Waldrach,2056,12.454251,29799940.4755859,29677.1109629141
4836,54296,54296 Trier,20004,31.15198,74485035.2119141,78317.7348890508
4837,54429,54429 Schillingen,3248,59.513634,141636323.188477,74386.3603062811
4838,54314,54314 Zerf,3835,64.329326,152945332.090332,79178.7158390156
4839,54457,54457 Wincheringen,1752,19.088777,45408972.2695313,42149.6917500873
4840,54340,54340 Leiwen u.a.,8527,70.456126,169126289.297852,122814.359548593
4841,54344,54344 Kenn,2566,3.952946,9479471.90966797,14494.9189364938
4842,54294,54294 Trier,21396,26.249088,62771497.8061523,52514.4994530951
4843,54311,54311 Trierweiler,3669,18.440904,44155486.4223633,40715.2013519433
4844,54455,54455 Serrig,1633,17.623521,41863167.1738281,41727.9906859486
4845,54450,54450 Freudenburg,1593,11.084284,26303281.4228516,32541.6595738107
4846,54292,54292 Trier,17405,10.990443,26327353.8652344,35273.4805556263
4847,54422,54422 Neuhütten,1638,26.783088,63889560.2905273,58188.8525124765
4848,54309,54309 Newel,2896,16.524934,39639387.1992188,44953.8094715876
4849,67596,67596 Dittelsheim-Heßloch,2433,16.690869,39962014.9282227,32139.705549179
4850,54451,54451 Irsch,1500,15.324212,36439868.2026367,50098.973609621
4851,54329,54329 Konz,17565,44.546866,106283174.253418,74813.6239461278
4852,54439,54439 Saarburg,9157,67.004025,159267062.831055,107719.442889211
4853,54316,54316 Pluwig,4357,49.326352,117693202.597656,74401.3580302908
4854,49479,49479 Ibbenbüren,24839,96.82172,258368085.238281,148905.583715665
4855,49477,49477 Ibbenbüren,25904,12.004106,32036212.5639648,39259.3398346178
4856,67734,67734 Katzweiler,2144,16.060347,38074511.5185547,44388.1623489217
4857,25923,"25923 Süderlügum, Braderup u.a.",4334,80.561526,242831686.465332,73844.4129709622
4858,25917,25917 Leck,11907,124.581933,373723862.575195,102078.424165415
4859,25899,25899 Niebüll,12393,139.642417,418991053.818359,146024.477334957
4860,25863,25863 Langeneß,112,10.166148,30308550.9902344,41710.4628678526
4861,25920,"25920 Risum-Lindholm, Stedesand",4510,49.966254,149785142.279785,63748.6613583373
4862,25927,"25927 Neukirchen, Aventoft",1722,46.958887,141616989.30127,62523.8043965579
4863,25924,25924 Rodenäs,2550,79.867814,240637238.889648,100224.419069038
4864,67586,67586 Hillesheim,622,5.680393,13618217.4638672,19457.6121267689
4865,77652,77652 Offenburg,17351,22.056851,50233997.1835938,48819.900013143
4866,77654,77654 Offenburg,20717,19.947874,45382586.8046875,33274.3267817
4867,77656,77656 Offenburg,19196,36.763831,83598122.7026367,66633.059391154
4868,59557,59557 Lippstadt,19398,12.904799,33509790.5571289,33859.8032978239
4869,59556,59556 Lippstadt,13002,37.365263,97057666.847168,86972.1012844734
4870,59555,59555 Lippstadt,18309,13.085854,34020764.8051758,29458.1712424015
4871,59558,59558 Lippstadt,15243,50.248506,130628429.578125,75545.3844187743
4872,45768,45768 Marl,28875,27.2714,70774140.9521484,50724.490853739
4873,45770,45770 Marl,27291,31.227292,81055350.4379883,75966.6355439143
4874,45772,45772 Marl,28701,29.177387,75825581.9921875,56302.9499258202
4875,48431,48431 Rheine,22876,11.056427,29496825.3891602,29977.0703723737
4876,67549,67549 Worms,27306,11.580602,27602651.6972656,25640.7676711903
4877,29556,29556 Suderburg,4625,128.510415,352369100.816895,99562.2493375873
4878,67599,67599 Gundheim,912,4.605088,10993588.3911133,16621.5985039249
4879,29581,29581 Gerdau,1524,36.876382,101518242.778809,54524.8749706092
4880,67136,67136 Fußgönheim,2588,6.645276,15726170.2172852,19631.6715872475
4881,29578,29578 Eimke,845,86.155944,236816318.8125,89975.4726824445
4882,72459,72459 Albstadt,6923,43.562584,98177068.7548828,53049.1728417296
4883,72458,72458 Albstadt,18191,36.61459,82416575.1230469,42281.6518209298
4884,72461,72461 Albstadt,19301,54.193431,122299333.144531,60843.1965854564
4885,70629,70629 Stuttgart-Flughafen,8,4.368498,10024017.5761719,19566.7108619317
4886,72768,72768 Reutlingen,14100,14.336414,32698777.8901367,32137.8343695557
4887,70329,70329 Stuttgart,17353,11.811005,27182029.7783203,53631.5462165378
4888,72760,72760 Reutlingen,19455,5.656244,12888306.7729492,19215.4249676982
4889,72770,72770 Reutlingen,20856,36.947468,84018183.8867188,68434.3981030281
4890,72764,72764 Reutlingen,14588,2.750043,6260390.89453125,27237.9298916883
4891,72762,72762 Reutlingen,23067,9.098312,20705485.7402344,36311.9123558506
4892,72766,72766 Reutlingen,17479,18.964843,43242909.2602539,52953.1022598888
4893,67468,"67468 Frankenstein, Neidenfels, Frankeneck",2643,25.186915,59490852.0551758,75331.9945716681
4894,66851,"66851 Mittelbrunn, Queidersbach u.a.",9534,61.45436,144890872.723633,108888.664742391
4895,72072,72072 Tübingen,24633,34.561648,78689314.4199219,63285.4155293084
4896,72076,72076 Tübingen,17919,13.688706,31232424.9301758,31785.808768642
4897,72070,72070 Tübingen,22230,24.32888,55458031.7924805,57688.9763329605
4898,72074,72074 Tübingen,17761,35.330712,80658327.9677734,53668.076290695
4899,71634,71634 Ludwigsburg,18035,7.015286,16239004.9741211,25570.1881188494
4900,71636,71636 Ludwigsburg,14870,6.117413,14147971.722168,18988.3397117359
4901,71642,71642 Ludwigsburg,17680,20.392033,47205014.8769531,47033.0763500637
4902,71638,71638 Ludwigsburg,19498,5.008443,11582933.9555664,22007.8615929651
4903,21385,"21385 Oldendorf (Luhe), Amelinghausen, Rehlingen",5676,127.622836,353791420.343262,110803.158043157
4904,29574,29574 Ebstorf,5445,26.636914,73533095.034668,53544.8249377158
4905,29582,29582 Hanstedt,945,56.305183,155750647.437988,66675.9824605695
4906,25849,"25849 Süderoog, Pellworm",1232,38.220446,113299301.810547,57987.6241160125
4907,46397,46397 Bocholt,24182,25.229404,66079594.7739258,51254.1061052484
4908,46395,46395 Bocholt,28624,40.760091,106523266.516602,55174.7623531757
4909,46399,46399 Bocholt,18398,53.415885,139916026.609863,69797.4753065714
4910,29643,29643 Neuenkirchen,5665,97.204317,268720044.76123,90918.1730514433
4911,59073,59073 Hamm,17947,24.575865,63962848.3261719,48380.517466091
4912,59067,59067 Hamm,22118,12.797388,33234042.8305664,27162.3666755475
4913,59077,59077 Hamm,26862,40.946072,106227732.8125,59556.5695597917
4914,59069,59069 Hamm,15928,56.140084,145536511.820313,63172.930338304
4915,59063,59063 Hamm,15627,7.253481,18839930.5205078,23552.3725085093
4916,59065,59065 Hamm,22901,8.266717,21489935.690918,27637.7074890527
4917,59075,59075 Hamm,27310,31.605901,82224127.8974609,48891.5023265786
4918,48147,48147 Münster,24422,6.288181,16556234.5532227,23035.1979280037
4919,59229,59229 Ahlen,27259,42.952222,111907137.355469,67743.2331213204
4920,59227,59227 Ahlen,25076,80.090868,209089539.132324,92848.0899796843
4921,44536,44536 Lünen,24992,18.091189,46847339.8115234,41776.3856035269
4922,44534,44534 Lünen,29426,21.123065,54769591.5478516,38445.3231136595
4923,44532,44532 Lünen,31631,20.020707,51834454.668457,44921.8572982138
4924,46282,46282 Dorsten,23616,35.117546,91104881.4140625,55158.4662754351
4925,46284,46284 Dorsten,26563,31.278741,81266293.972168,51771.6273721439
4926,48149,48149 Münster,20276,7.622758,20059037.0849609,34272.0293923206
4927,48151,48151 Münster,22894,3.959913,10410448.9550781,20935.0197758294
4928,48145,48145 Münster,20453,3.160548,8316716.26855469,19673.3689369137
4929,48155,48155 Münster,20780,18.891715,49683280.5073242,77532.5390955914
4930,48157,48157 Münster,21260,61.91255,163179613.616699,95358.9234659191
4931,48167,48167 Münster,25352,26.921929,70714320.4858398,59990.6720773091
4932,48159,48159 Münster,22581,23.134647,61009207.800293,60823.7506833277
4933,48153,48153 Münster,19992,4.734021,12440325.5727539,22354.4169746329
4934,48165,48165 Münster,26835,25.218023,66166885.1342773,45049.9322793167
4935,48161,48161 Münster,32198,56.912503,149873919.530273,81701.2753882295
4936,55469,55469 Simmern/Hunsrück u.a.,12113,75.004825,181402609.65918,104313.213454615
4937,55471,55471 Tiefenbach u.a.,4354,58.500519,141323481.600098,111843.935164191
4938,55592,55592 Rehborn,2221,32.909381,78687267.5302734,60342.3484278064
4939,55776,"55776 Berglangenbach, Ruschberg u.a.",3124,35.636262,84852035.8115234,74110.9595790817
4940,55568,55568 Staudernheim,2214,21.947381,52566601.1967773,57171.2043183433
4941,55543,55543 Bad Kreuznach,26289,19.047686,45753822.7045898,38936.4384138514
4942,55571,55571 Odernheim am Glan,1735,13.311637,31881812.3227539,29972.2065285064
4943,55624,55624 Rhaunen,3056,35.417234,85199682.2646484,70588.7542567459
4944,55490,55490 Gemünden,2853,44.506315,107144591.648926,71976.037276393
4945,55499,55499 Riesweiler,738,17.456242,42119216.5849609,37198.938866188
4946,55621,55621 Hundsbach,393,7.41926,17740273.4189453,18428.1347975808
4947,55487,55487 Sohren,4931,30.184581,72750719.362793,57717.2679716247
4948,55590,55590 Meisenheim,2897,10.272959,24554256.4848633,26279.2956734376
4949,55774,55774 Baumholder,4304,69.475069,165459045.470703,78097.9780468917
4950,55566,"55566 Sobernheim, Meddersheim u.a.",8471,83.174378,199720777.847168,118400.098885954
4951,55585,55585 Norheim u.a.,4350,34.025868,81572586.5273438,88868.5494284192
4952,55743,55743 Idar-Oberstein,31790,107.012483,255735050.445801,119529.08830081
4953,55768,55768 Hoppstädten-Weiersbach,2912,18.391355,43777509.6381836,32673.0711114441
4954,55559,55559 Bretzenheim,2497,5.687387,13689619.5795898,21323.9748381266
4955,55569,55569 Monzingen,2359,22.643023,54351399.9384766,43279.7935705526
4956,55629,55629 Seesbach,1026,17.048865,40992796.3300781,36872.1467767316
4957,55496,55496 Argenthal,1682,28.353543,68465925.6196289,40153.6008481046
4958,55618,55618 Simmertal,1885,7.494094,17993324.0537109,29228.413206911
4959,55619,55619 Hennweiler,1256,14.053005,33751714.2373047,29671.4116586705
4960,55596,55596 Waldböckelheim,2935,24.231642,58168101.6396484,49874.835040221
4961,55779,55779 Heimbach,1210,9.803892,23332298.4345703,31499.9097649403
4962,55452,55452 Guldental,7685,37.581718,90557551.6289063,81130.8061079866
4963,55481,55481 Kirchberg u.a.,6535,75.888917,183153586.997559,101817.347826322
4964,55583,55583 Bad Kreuznach,4146,9.426502,22617799.4511719,30952.04730498
4965,55595,55595 Hargesheim,19805,144.449446,347582193.799316,132850.910668379
4966,55450,55450 Langenlonsheim,3717,11.817386,28473292.5009766,29592.8400625039
4967,55546,55546 Hackenheim,8747,45.739377,109763208.730469,79101.8314060308
4968,55627,55627 Merxheim,2220,23.638087,56681821.9155273,41626.3483894657
4969,55430,55430 Oberwesel,4020,40.397692,98049089.5297852,65026.714665328
4970,55765,55765 Birkenfeld u.a.,8334,44.776776,106721530.180664,99203.5206211369
4971,55494,55494 Rheinböllen,6122,44.125844,106785929.69873,66898.782638682
4972,55545,55545 Bad Kreuznach,16996,27.22009,65454624.9790039,61655.9897631457
4973,55608,55608 Bergen,1751,38.956252,93398427.7197266,97739.7205109919
4974,55626,55626 Bundenbach,938,7.643451,18368778.8730469,23969.1373032292
4975,55491,55491 Büchenbeuren,2300,13.079965,31518476.0751953,30041.9541969623
4976,55606,55606 Kirn,13776,90.859713,217826887.200195,160848.233847946
4977,55777,55777 Berschweiler bei Baumholder,1279,22.438825,53334097.0571289,43856.0141304718
4978,67454,67454 Haßloch,19807,39.856862,93896232.4770508,45337.2935038809
4979,71334,71334 Waiblingen,19152,12.914917,29809358.6845703,42284.4801857462
4980,71332,71332 Waiblingen,17608,7.952525,18346713.78125,23370.0539863545
4981,71336,71336 Waiblingen,14773,17.553961,40577140.7719727,45593.8143306184
4982,45661,45661 Recklinghausen,21059,7.948551,20551806.46875,18603.0949659146
4983,45663,45663 Recklinghausen,22723,7.725936,19984834.5297852,21429.0322732594
4984,45659,"45659 Recklinghausen-West, Hochlar, Hillerheide, Speckhorn",20245,23.810542,61689963.7138672,60056.0827075925
4985,45657,"45657 Recklinghausen-Zentrum, Westviertel, Nordviertel",19182,5.468306,14169670.4755859,19320.8165651833
4986,45665,"45665 Recklinghausen-Ost, Hillen, Suderwich",32776,21.502596,55694063.7944336,42313.7713994713
4987,55597,55597 Wöllstein,5125,15.337398,36824115.7290039,30901.9376025004
4988,55237,55237 Flonheim,4092,24.087408,57762042.0878906,39868.9412037321
4989,55278,55278 Mommenheim,17197,77.570895,186398521.023926,98952.0189996055
4990,55413,55413 Weiler bei Bingen,6089,63.228503,152976337.465332,76337.8618678094
4991,55576,55576 Sprendlingen,6168,24.890088,59868659.7402344,47618.849987458
4992,55268,55268 Nieder-Olm,9254,11.343041,27332447.284668,30197.9228090976
4993,55294,55294 Bodenheim,7057,13.421903,32376083.237793,31084.8614140854
4994,55232,55232 Alzey,17976,39.200123,93865986.652832,66706.3687825609
4995,55271,55271 Stadecken-Elsheim,4572,14.551201,35073995.25,36208.5390157389
4996,55457,55457 Gensingen,4427,13.072599,31488253.4892578,24629.692327201
4997,55262,55262 Ingelheim am Rhein,7225,17.551587,42463239.5795898,28777.1062898382
4998,55288,55288 Armsheim,8769,50.931232,122404968.159668,100047.576090756
4999,55425,55425 Waldalgesheim,4036,15.337003,37040484.0195313,33652.6701299408
5000,55599,55599 Gau-Bickelheim,5353,33.512694,80386703.3408203,64637.5552545564
5001,55437,55437 Ockenheim,5570,25.457724,61383224.7924805,51673.6086115813
5002,55283,55283 Nierstein,7805,18.647197,44870621.2880859,36721.7797036592
5003,55422,"55422 Bacharach, Breitscheid",2063,28.643421,69431736.081543,43363.3095751357
5004,55578,55578 Wallertheim,4574,26.846585,64560879.1879883,50409.4308661802
5005,55270,55270 Ober-Olm,21473,68.639581,165529328.970703,108330.935249762
5006,55239,55239 Gau-Odernheim,3818,18.253635,43760191.9624023,36351.1342719938
5007,55234,55234 Albig,18661,148.890176,356344693.359863,205509.077869681
5008,55276,55276 Oppenheim,9173,17.508428,42076444.1782227,32168.3068972613
5009,55411,55411 Bingen am Rhein,23797,39.030928,94214328.7929688,64820.7490086624
5010,55459,"55459 Aspisheim, Grolsheim",2142,9.566514,23056083.7885742,34064.9322387374
5011,55263,55263 Ingelheim am Rhein,2548,5.86281,14166526.7338867,16956.0900153535
5012,55131,55131 Mainz,16953,5.266136,12733856.9194336,21740.0919114624
5013,55291,55291 Saulheim,7170,18.581872,44723490.0410156,35151.6279173558
5014,55218,55218 Ingelheim am Rhein,23967,49.806012,120342507.599609,56626.8476415448
5015,55435,55435 Gau-Algesheim,6620,12.558111,30316945.8168945,27130.9170615903
5016,55296,55296 Harxheim,6121,12.041616,29014997.5698242,30880.006670555
5017,55126,55126 Mainz,13898,11.352988,27447257.1113281,25709.1045625698
5018,55246,55246 Wiesbaden,13364,9.275894,22452162.0742188,23512.4788807157
5019,55129,55129 Mainz,21615,24.865334,60007685.8662109,46562.6865061025
5020,55127,55127 Mainz,13013,9.83921,23768865.5644531,25600.6103029717
5021,65582,"65582 Diez, Hambach, Aull",11823,17.379178,42703788.6738281,58118.4170506022
5022,78464,78464 Konstanz,19406,8.257386,18220038.019043,22293.4376219834
5023,78465,78465 Konstanz,10033,27.827898,61516860.3603516,46818.7030098889
5024,78467,78467 Konstanz,31068,15.770592,34806629.9604492,36786.420259856
5025,46286,46286 Dorsten,26788,104.770033,272946612.248535,81860.6391510744
5026,78564,"78564 Wehingen, Reichenbach",4082,20.69839,46492817.2773438,38406.8605940998
5027,67063,67063 Ludwigshafen am Rhein,32425,14.394013,34127411.6689453,31733.9072418624
5028,67595,67595 Bechtheim,1818,13.297611,31811407.5683594,29535.9775653913
5029,67591,67591 Offstein,4645,22.731246,54169988.472168,64356.9307125315
5030,67376,67376 Harthausen,3021,8.381625,19704376.6757813,26902.6361973703
5031,67122,67122 Altrip,7701,10.427798,24644726.2617188,21301.1486392215
5032,67069,67069 Ludwigshafen am Rhein,22428,9.606487,22792435.4189453,28457.4869491827
5033,67593,"67593 Westhofen, Bermersheim",3490,17.072604,40796716.8291016,32339.7452822054
5034,67547,67547 Worms,22657,20.651992,49206114.2700195,51781.1549806404
5035,67067,67067 Ludwigshafen am Rhein,21455,11.722018,27726312.019043,53102.2326500445
5036,67578,67578 Gimbsheim,2949,17.612636,42219533.2460938,30669.59632858
5037,67134,67134 Birkenheide,3064,2.890517,6847375.56542969,15743.5157837791
5038,67346,67346 Speyer,49582,41.755464,98286809.8432617,56289.9327540866
5039,67245,67245 Lambsheim,6368,12.747903,30237393.9511719,28436.7155362111
5040,67061,67061 Ludwigshafen am Rhein,18014,3.867176,9155364.90527344,17022.7327170741
5041,67590,67590 Monsheim,2521,9.611437,22905634.3662109,21735.4906217244
5042,67259,67259 Beindersheim,6452,19.139925,45499022.7119141,35387.0775114692
5043,67117,67117 Limburgerhof,10779,8.89744,21016302.6918945,21916.1471027886
5044,67059,67059 Ludwigshafen am Rhein,14459,3.634467,8607248.28955078,21870.72663043
5045,67592,67592 Flörsheim-Dalsheim,2981,13.443468,32070805.375,23925.005328612
5046,67551,67551 Worms,17567,34.939902,83213682.0610352,44791.9784757229
5047,67373,67373 Dudenhofen,5740,12.949161,30470366.5068359,31890.9776579446
5048,67112,67112 Mutterstadt,12411,20.502741,48480935.1176758,35189.1161175273
5049,67065,67065 Ludwigshafen am Rhein,20711,11.149248,26376599.2993164,68564.4478966948
5050,67577,67577 Alsheim,2621,15.526902,37199765.7128906,29618.7944570154
5051,67583,67583 Guntersblum,3745,16.504305,39601991.5883789,33159.0599330763
5052,67575,67575 Eich,3346,20.963931,50198055.2055664,36271.151639971
5053,67240,67240 Bobenheim-Roxheim,9829,20.503782,48766545.5786133,41123.3722577141
5054,67258,67258 Heßheim,3014,5.765089,13688116.2329102,23086.8598918773
5055,75175,75175 Pforzheim,18837,8.852514,20470333.4228516,27049.8387800638
5056,67227,67227 Frankenthal (Pfalz),46574,43.876702,104136214.112305,62931.3734656348
5057,67550,67550 Worms,11682,41.459874,99029911.5605469,76296.6233543435
5058,67459,67459 Böhl-Iggelheim,10180,32.838774,77401063.5297852,49859.2463838771
5059,67105,67105 Schifferstadt,18771,29.982456,70728802.6416016,39969.0245071475
5060,67071,67071 Ludwigshafen am Rhein,28021,23.085484,54673813.8344727,44469.306800343
5061,67141,67141 Neuhofen,6945,12.345887,29164485.4204102,35934.0397600955
5062,67133,67133 Maxdorf,6999,7.323655,17349961.9418945,18456.5231715081
5063,67574,67574 Osthofen,8664,18.611956,44482114.6806641,31228.13645569
5064,67580,67580 Hamm,2153,7.884574,18878454.6831055,27952.4272800471
5065,75172,75172 Pforzheim,13892,1.678471,3882201.6484375,12459.1697031492
5066,67354,67354 Römerberg,9372,27.79951,65301734.6435547,35345.7522618485
5067,75050,75050 Gemmingen,4942,19.055147,44539058.3051758,35883.9731246138
5068,67166,67166 Otterstadt,3287,16.899109,39846976.2016602,49695.0667445001
5069,37217,37217 Witzenhausen,3059,43.820764,112266655.605957,63944.4390915247
5070,74918,74918 Angelbachtal,4854,17.902414,41965007.1811523,30751.0247337211
5071,74931,74931 Lobbach,2347,14.91735,35179464.9296875,41915.9461382101
5072,74909,74909 Meckesheim,5069,16.29405,38354778.2851563,32940.8809147298
5073,74889,74889 Sinsheim,34612,126.933769,297702415.833496,106390.300822137
5074,74937,74937 Spechbach,1769,8.486922,19995538.9799805,21247.8724493933
5075,74921,74921 Helmstadt-Bargen,3772,27.914545,65682826.3842773,53962.9836753744
5076,74927,74927 Eschelbronn,2559,8.225439,19354378.6772461,20908.1034051941
5077,74924,74924 Neckarbischofsheim,3870,26.380972,61992573.3183594,54056.7977010131
5078,74915,74915 Waibstadt,5662,25.565508,60096101.9985352,38781.2920036839
5079,74933,74933 Neidenstein,1828,6.457519,15194528.3916016,22031.6044054432
5080,74925,74925 Epfenbach,2506,12.954579,30512076.934082,33842.5711323199
5081,74934,74934 Reichartshausen,2027,9.997658,23566819.9521484,25535.1636602414
5082,74939,74939 Zuzenhausen,2176,11.630205,27343320.9526367,24110.7343869074
5083,70437,70437 Stuttgart,21315,5.728769,13223242.6386719,21202.6328486817
5084,70794,70794 Filderstadt,43869,36.25196,83079963.1762695,49530.83540717
5085,70176,70176 Stuttgart,15747,0.936469,2156290.54296875,7824.79482388303
5086,70193,70193 Stuttgart,14508,2.671264,6151720.17822266,14324.3258329712
5087,70806,70806 Kornwestheim,31023,14.544601,33608635.7446289,29806.546283034
5088,70178,70178 Stuttgart,10938,1.071855,2467219.05908203,8414.55762669485
5089,70372,70372 Stuttgart,20044,4.388024,10112259.7739258,14698.4074035765
5090,70195,70195 Stuttgart,13001,5.729922,13198645.5214844,19866.6215923004
5091,70565,70565 Stuttgart,20218,7.700444,17688167.6420898,25003.5586965392
5092,26487,"26487 Blomberg, Neuschoo",2831,27.164164,76923245.4575195,45456.9694328314
5093,70188,70188 Stuttgart,15619,2.210536,5091366.55761719,15848.7824308882
5094,70374,70374 Stuttgart,24861,5.32999,12288903.503418,21828.5069108273
5095,70567,70567 Stuttgart,19520,8.614531,19794764.8476563,26312.736727652
5096,56821,56821 Ellenz-Poltersdorf,862,7.419691,18029015.722168,31696.5814565235
5097,70439,70439 Stuttgart,13787,4.835514,11165451.4770508,23599.8568380165
5098,70734,70734 Fellbach,17828,11.296062,26033412.8149414,34463.2623844565
5099,70190,70190 Stuttgart,16710,2.089512,4813924.99902344,12766.1448984505
5100,70825,70825 Korntal-Münchingen,18552,20.692706,47780349.3754883,37130.4468470076
5101,70180,70180 Stuttgart,15158,1.363174,3136989.04345703,9977.96731537436
5102,70197,70197 Stuttgart,15832,10.639596,24492526.9526367,32567.4287878713
5103,70469,70469 Stuttgart,27305,7.781284,17940905.7871094,26661.7786952455
5104,70182,70182 Stuttgart,8656,0.601529,1384944.35253906,8212.79324222639
5105,70376,70376 Stuttgart,25655,7.047178,16251587.7958984,23079.1999444315
5106,56862,56862 Pünderich,905,5.184448,12557199.2910156,17840.802824437
5107,70199,70199 Stuttgart,16111,3.207781,7380393.16308594,16599.2322016241
5108,70569,70569 Stuttgart,19537,16.941816,38960499.9707031,41534.1067512551
5109,70839,70839 Gerlingen,18642,16.919308,38975522.8046875,32647.5673191661
5110,70378,70378 Stuttgart,22061,9.145341,21112620.2910156,29416.5237449394
5111,70736,70736 Fellbach,25793,16.36447,37769459.0605469,28329.3552036544
5112,34130,34130 Kassel,9192,3.745811,9585686.61767578,16108.0755871313
5113,70597,70597 Stuttgart,20402,9.058648,20831669.0136719,24984.0965849189
5114,34119,34119 Kassel,15471,2.172434,5557741.53515625,11370.3820716866
5115,70191,70191 Stuttgart,15290,3.687417,8497784.27929688,16167.1090849719
5116,70771,70771 Leinfelden-Echterdingen,36404,28.268395,64854968.4033203,51695.5399124805
5117,70174,70174 Stuttgart,5306,1.262987,2908760.04150391,10009.9365404692
5118,70173,70173 Stuttgart,1161,1.481966,3412885.11181641,11539.52189844
5119,70192,70192 Stuttgart,7846,3.201417,7376926.96923828,16790.2763306247
5120,70499,70499 Stuttgart,31500,15.314092,35307135.1787109,33349.8987992025
5121,70184,70184 Stuttgart,10090,4.396197,10117412.934082,22256.4536500018
5122,70327,70327 Stuttgart,24977,10.164134,23405358.7783203,31446.5136895682
5123,70563,70563 Stuttgart,18109,4.702146,10807030.4697266,20180.9102077025
5124,70186,70186 Stuttgart,12688,2.90293,6683196.63085938,13309.9197364912
5125,70435,70435 Stuttgart,20529,6.574867,15171265.1821289,28588.1884756738
5126,70619,70619 Stuttgart,24360,7.574348,17418021.5639648,23444.893592557
5127,70599,70599 Stuttgart,19589,16.590878,38104239.1035156,32652.983789412
5128,75217,75217 Birkenfeld,10194,19.01008,43933709.1445313,40969.6678213056
5129,75331,75331 Engelsbrand,4242,15.165644,34991645.8735352,32275.6988913465
5130,75210,75210 Keltern,9087,29.844303,69044283.5678711,47641.475662833
5131,75443,75443 Ö–tisheim,4728,14.238514,33028328.3232422,28990.1094924787
5132,75305,75305 Neuenbürg,7417,28.211865,65084002.7373047,53353.3873046758
5133,75177,75177 Pforzheim,17249,13.276185,30733080.3803711,31213.2228226185
5134,34121,34121 Kassel,20802,6.705561,17142495.8354492,22591.2729515624
5135,34123,34123 Kassel,22937,16.136905,41241249.4501953,36802.8074142736
5136,75391,75391 Gechingen,3627,14.634322,33584465.8325195,29890.1653988085
5137,34369,34369 Hofgeismar,15204,219.080497,564815798.036133,188540.170158441
5138,65203,65203 Wiesbaden,21160,9.449639,22897887.9951172,26157.3269627173
5139,75059,75059 Zaisenhausen,1661,10.072109,23499103.8354492,25036.7871220412
5140,75239,75239 Eisingen,4518,8.022442,18595122.1113281,19455.9575599875
5141,75447,75447 Sternenfels,2763,17.289128,40219263.7612305,39774.9137342891
5142,75053,75053 Gondelsheim,3365,14.855186,34586955.2768555,29547.6742079548
5143,75245,75245 Neulingen,6560,22.401411,51973577.8242188,49171.3072358676
5144,75428,75428 Illingen,7230,29.369041,68164667.0151367,50035.043693824
5145,75233,75233 Tiefenbronn,5077,14.772716,34067182.4282227,41928.6339439359
5146,75045,75045 Walzbachtal,9177,36.783598,85520153.0810547,52057.8027725738
5147,75180,75180 Pforzheim,13266,13.863388,32021619.6918945,35075.1603394332
5148,75248,75248 Ö–lbronn-Dürrn,3392,15.609451,36216683.5297852,53123.9993890114
5149,75387,75387 Neubulach,5526,24.446338,56030718.9667969,46768.9613354839
5150,75417,75417 Mühlacker,24700,54.239459,125718055.902832,82150.7795743805
5151,75446,75446 Wiernsheim,6316,24.59272,56877380.9306641,47558.9506987175
5152,75056,75056 Sulzfeld,4596,18.702424,43631846.300293,32547.4884221273
5153,75337,75337 Enzklösterle,1203,20.224159,46338266.5043945,46431.5887061991
5154,75038,75038 Oberderdingen,10338,33.559744,78174190.1025391,51693.7364724931
5155,75196,75196 Remchingen,11602,24.032761,55699174.7631836,45671.8927907481
5156,75249,75249 Kieselbronn,2977,8.627949,19991081.2436523,29495.2889806801
5157,75179,75179 Pforzheim,13091,10.418452,24105553.8046875,26950.3493815898
5158,75228,75228 Ispringen,5901,7.86044,18204511.6899414,21207.6128106979
5159,75173,75173 Pforzheim,12624,3.795196,8774584.5546875,20231.9080845528
5160,65183,65183 Wiesbaden,14296,0.908634,2205919.52929688,9749.87538630837
5161,75057,75057 Kürnbach,2246,12.652489,29483402.159668,28790.3503981719
5162,75015,75015 Bretten,27528,71.018108,165266927.737305,78568.3186778252
5163,75181,75181 Pforzheim,25574,47.152986,108954091.651367,84604.9469812472
5164,75223,75223 Niefern-Ö–schelbronn,11767,21.9626,50832802.0908203,34528.1105254975
5165,75433,75433 Maulbronn,6381,25.421743,59053777.769043,45135.6232578807
5166,75334,75334 Straubenhardt,10655,33.047251,76294884.1713867,44685.9002544729
5167,75031,75031 Eppingen,20765,88.561239,206868140.253906,118885.277769704
5168,75449,75449 Wurmberg,2972,7.068619,16338762.3730469,18930.8002337802
5169,75438,75438 Knittlingen,7709,26.324016,61208436.3666992,45788.2648879988
5170,74235,74235 Erlenbach,4905,12.243527,28647423.753418,28880.9913934986
5171,74076,74076 Heilbronn,16447,13.239551,30951750.7553711,32959.0475047805
5172,74336,74336 Brackenheim,14968,45.66725,106443223.745117,60258.5909580304
5173,65191,65191 Wiesbaden,17338,6.116506,14854087.2890625,19278.6802572416
5174,74254,74254 Offenau,2657,5.656487,13271098.8022461,18493.3942369999
5175,74374,74374 Zaberfeld,3902,22.13273,51543572.7124023,40133.0866463075
5176,74397,74397 Pfaffenhofen,2309,12.073326,28110929.4423828,29361.0211171562
5177,74831,74831 Gundelsheim,7155,38.448449,90371518.628418,52582.3711391483
5178,74196,74196 Neuenstadt am Kocher,9584,41.120691,96447436.9838867,61523.6473443408
5179,74182,74182 Obersulm,13377,31.133743,72707050.3789063,57208.1125453109
5180,74246,74246 Eberstadt,3125,12.505905,29265230.7011719,28046.1542077022
5181,74391,74391 Erligheim,2674,6.202817,14419763.0219727,21199.7987395936
5182,74912,74912 Kirchardt,5416,21.462908,50261331.5649414,34958.2985536077
5183,74257,74257 Untereisesheim,4071,3.671287,8600719.92675781,17524.7359609362
5184,74255,74255 Roigheim,1372,13.993486,32986883.793457,26494.0034424468
5185,74366,74366 Kirchheim am Neckar,5191,8.565666,19934920.0493164,31757.3252680229
5186,74399,74399 Walheim,3027,6.111659,14205798.5117188,17179.5020447244
5187,74199,74199 Untergruppenbach,7896,27.229477,63493653.3271484,53767.3370173321
5188,74081,74081 Heilbronn,17665,15.028303,35069408.5908203,46742.7101258643
5189,74354,74354 Besigheim,11750,17.024001,39551849.2368164,48697.1274324186
5190,74392,74392 Freudental,2362,3.096023,7194833.9921875,13679.2494549175
5191,74930,74930 Ittlingen,2373,14.112574,33041838.5805664,27063.2267147475
5192,74229,74229 Oedheim,5910,21.230089,49790256.4863281,43098.3164357924
5193,74259,74259 Widdern,1821,25.339893,59647153.7548828,44727.6410814919
5194,74251,74251 Lehrensteinsfeld,2212,6.212927,14504087.2749023,19684.1598094845
5195,74369,74369 Löchgau,5486,10.92968,25386311.0961914,26856.2700711208
5196,74861,74861 Neudenau,5075,32.935445,77427615.1352539,53501.4504221942
5197,74189,74189 Weinsberg,11163,22.622174,52876947.012207,60213.2641742875
5198,74172,74172 Neckarsulm,25559,24.950507,58424230.3837891,65658.5978822618
5199,74357,74357 Bönnigheim,7130,20.119018,46800653.6298828,56381.9003602022
5200,74388,74388 Talheim,4830,11.599393,27037789.2749023,33459.9921267975
5201,74906,74906 Bad Rappenau,20039,73.478032,172339243.48584,99306.9849295075
5202,74232,74232 Abstatt,4421,8.850245,20619398.5610352,29541.1165579985
5203,74252,74252 Massenbachhausen,3389,8.788495,20564909.9179688,22497.9196206209
5204,74360,74360 Ilsfeld,8668,26.457392,61603606.4067383,54120.9733537182
5205,74193,74193 Schwaigern,10820,49.462325,115542703.413086,77120.2409928077
5206,74078,74078 Heilbronn,23299,42.205111,98754142.2631836,60586.0778994394
5207,74343,74343 Sachsenheim,17208,57.879694,134458651.04834,80157.8354412963
5208,74389,74389 Cleebronn,2670,17.070186,39721447.4228516,38290.9004305757
5209,74376,74376 Gemmrigheim,3904,8.128702,18902669.894043,24419.1455281567
5210,74223,74223 Flein,6454,8.488016,19796762.9936523,23036.8073289256
5211,74219,74219 Möckmühl,7783,49.507647,116517330.02002,64895.4241846739
5212,74248,74248 Ellhofen,3360,5.450065,12734164.2670898,22649.9371714921
5213,74363,74363 Güglingen,6042,16.242695,37831396.6855469,38915.830811644
5214,74936,74936 Siegelsbach,1627,7.703074,18089334.7763672,18587.7388301471
5215,74239,74239 Hardthausen am Kocher,3955,35.520108,83396976.9545898,47503.0885702191
5216,74080,74080 Heilbronn,20871,11.32531,26452947.3984375,27867.3837928228
5217,74348,74348 Lauffen am Neckar,10846,21.089108,49138932.465332,42609.417543341
5218,74382,74382 Neckarwestheim,3435,14.018367,32618651.3564453,33918.7624438978
5219,74379,74379 Ingersheim,6039,11.549863,26796492.0146484,29743.3937053274
5220,74226,74226 Nordheim,7567,12.704515,29645622.0825195,31738.8374835028
5221,74206,74206 Bad Wimpfen,6766,19.361051,45387102.6469727,35657.2571188445
5222,74249,74249 Jagsthausen,1627,18.033415,42414970.2724609,37589.7448397602
5223,74394,74394 Hessigheim,2296,5.03356,11692724.3588867,18067.3904068134
5224,74243,74243 Langenbrettach,3660,23.978817,56183806.0439453,41863.9182214715
5225,74074,74074 Heilbronn,21676,15.734678,36736757.5493164,36624.8482999142
5226,74321,74321 Bietigheim-Bissingen,41471,31.501472,73049007.3164063,51361.8137090684
5227,74072,74072 Heilbronn,16080,2.700164,6307729.05175781,13816.5845843765
5228,74385,74385 Pleidelsheim,6227,8.858168,20544237.8300781,20702.9562697657
5229,74372,74372 Sersheim,5295,11.457899,26578071.2905273,23162.4819722035
5230,74211,74211 Leingarten,10845,23.453918,54803768.6577148,44042.0331562329
5231,74177,74177 Bad Friedrichshall,18091,24.687621,57905069.2304688,53096.2128971918
5232,74245,74245 Löwenstein,3120,21.917939,51113915.9980469,49031.3289173643
5233,74395,74395 Mundelsheim,3201,9.799227,22766355.7202148,30134.9326466056
5234,71069,71069 Sindelfingen,16506,18.376575,42200209.3198242,64102.5552367171
5235,71063,71063 Sindelfingen,12307,6.886397,15812145.8393555,34171.0297604777
5236,71067,71067 Sindelfingen,16217,7.64562,17570952.9765625,38125.6938553543
5237,71065,71065 Sindelfingen,15504,17.895094,41096386.0830078,42325.5244498864
5238,79837,"79837 St. Blasien, Ibach",5386,84.907064,187989400.820313,146083.099878508
5239,60438,60438 Frankfurt am Main,4696,3.565755,8690936.64892578,12998.1042353146
5240,88605,"88605 Meßkirch, Sauldorf",10697,125.774261,280745738.44873,116478.254683409
5241,24103,24103 Kiel,10868,1.931788,5670961.98681641,11934.2506467416
5242,24149,24149 Kiel,12081,4.413647,12963457.8979492,24500.70792411
5243,24534,24534 Neumünster,20810,4.225996,12258946.3935547,18605.6131061334
5244,71032,71032 Böblingen,19890,22.592499,51830345.7758789,40172.3484734395
5245,71034,71034 Böblingen,25011,16.374173,37556030.1318359,38456.333786828
5246,24106,24106 Kiel,17727,8.366621,24603729.7172852,24910.7869178847
5247,24107,24107 Kiel,12106,26.792732,78727840.1879883,53382.9040296262
5248,24536,24536 Neumünster,19886,30.383042,88286366.7075195,67243.7233852467
5249,24626,24626 Groß Kummerfeld,1980,29.860052,86453595.5170898,48435.9627556888
5250,24620,24620 Bönebüttel,2024,20.468993,59377687.5390625,41241.2642477985
5251,24537,24537 Neumünster,16240,17.112092,49667874.7207031,42941.186716293
5252,24539,24539 Neumünster,20727,25.17258,72922905.09375,55503.0239897446
5253,24119,24119 Kronshagen,11601,5.336151,15675488.6674805,22265.4440804153
5254,24159,24159 Kiel,19917,19.186931,56528046.3911133,42206.805103116
5255,24118,24118 Kiel,12079,3.082699,9057720.05712891,12225.8558611164
5256,24105,24105 Kiel,19856,3.21958,9458447.77539063,13408.4502577619
5257,24116,24116 Kiel,11916,2.474517,7265924.953125,13038.7720755631
5258,26935,26935 Stadland,4653,40.760477,114573993.411621,73414.6524419453
5259,26936,26936 Stadland,1477,36.627446,102923921.874023,45781.4314090361
5260,26937,26937 Stadland,1532,30.937576,87163461.1264648,54668.0595437863
5261,26725,26725 Emden,19258,46.459127,130252933.166016,56514.0798826814
5262,26721,26721 Emden,16695,8.512236,23891330.2255859,30670.3727558019
5263,26723,26723 Emden,13881,56.250737,157693778.856934,71404.9577864388
5264,37214,37214 Witzenhausen,1277,15.939187,40802847.1103516,34756.7320601494
5265,34355,34355 Staufenberg,8045,78.476249,200975866.069824,103747.92481387
5266,37213,37213 Witzenhausen,6627,18.440264,47235127.2792969,41968.5048691441
5267,37216,"37216 Witzenhausen, Gutsbezirk",1226,65.778077,168069141.266113,116361.6356407
5268,37215,37215 Witzenhausen,1818,20.628796,52726076.7890625,44523.7009825472
5269,37218,37218 Witzenhausen,1028,13.545571,34757105.0825195,33624.1883839665
5270,26556,"26556 Westerholt, Schweindorf u.a.",5467,45.044501,127630160.804199,62841.2701661917
5271,26605,26605 Aurich,15385,76.941932,216781871.182617,115542.909643167
5272,26607,26607 Aurich,11984,113.52653,320686135.294922,108313.068396108
5273,26603,26603 Aurich,13502,6.714411,18925762.8276367,31717.1186463867
5274,56814,56814 Ediger-Eller,7233,90.233228,219564462.460938,180505.942601739
5275,56858,56858 Peterswald-Löffelscheid u.a.,5048,100.05175,242415366.798828,179749.583593463
5276,56829,56829 Pommern,886,16.472601,40140834.7807617,30019.39686781
5277,56850,56850 Enkirch u.a.,1965,45.524147,109954652.402344,70257.6252701553
5278,56826,56826 Lutzerath,1789,29.700115,72199104.3085938,58858.3926742477
5279,56867,56867 Briedel,948,16.77161,40565727.3974609,45445.2365136673
5280,56818,56818 Klotten,1308,15.536213,37840234.2260742,31784.3514115842
5281,56859,"56859 Bullay, Alf, Zell",2397,12.442206,30161033.7460938,41216.6412043741
5282,56841,56841 Traben-Trarbach,5801,31.339605,75620259.5073242,65870.7133107495
5283,56823,56823 Büchel,1144,12.695418,30931584.9580078,27773.7644725035
5284,56864,56864 Bad Bertrich,1011,9.618371,23337263.6791992,31660.0297801767
5285,56812,56812 Cochem,6384,31.553577,76764883.8793945,67154.0106976398
5286,56856,56856 Zell (Mosel),4102,35.346234,85578241.3725586,54149.5830068721
5287,64757,64757 Unter-Hainbrunn,27,0.458988,1087197.95458984,4526.04941838577
5288,56828,56828 Alflen,844,13.543133,32998132.4047852,28701.1369026008
5289,64385,64385 Reichelsheim (Odenwald),8576,58.072341,138787719.265625,68124.2075809968
5290,56869,56869 Mastershausen,1044,11.880671,28802342.2250977,29648.7308915451
5291,56820,56820 Senheim,1336,21.032501,51045031.1274414,39502.097361773
5292,64347,64347 Griesheim,25498,21.554112,51847258.0078125,37343.0168532476
5293,56861,56861 Reil,1074,12.14112,29392211.6518555,38285.2710672193
5294,64807,64807 Dieburg,14581,23.060373,55576194.8232422,37226.6933162076
5295,56843,56843 Irmenach,1862,31.475248,75920542.2661133,72615.3609172193
5296,56825,56825 Gevenich,2252,44.654196,108542619.776367,76325.4929296274
5297,64846,64846 Groß-Zimmern,13531,21.061777,50695223.9311523,50542.9809558296
5298,64397,64397 Modautal,5025,31.856639,76300732.6430664,45954.1974386037
5299,64665,64665 Alsbach-Hähnlein,9075,15.856094,37955673.7163086,35936.6895466485
5300,64521,64521 Groß-Gerau,23760,54.43056,131202718.602539,74195.0517476714
5301,56865,56865 Blankenrath u.a.,3097,24.444095,59213426.4521484,52420.9450943004
5302,34127,34127 Kassel,22383,7.472701,19131644.2749023,24928.1915224971
5303,34117,34117 Kassel,10365,2.48088,6346151.06005859,12137.8355457432
5304,34134,34134 Kassel,17734,11.00394,28107260.4238281,28962.8081004648
5305,34132,34132 Kassel,16475,14.496258,37031190.390625,35153.2206112652
5306,34131,34131 Kassel,13192,16.224781,41497906.4780273,34511.2166101388
5307,34128,34128 Kassel,17754,15.443871,39547304.9775391,37275.269783638
5308,34125,34125 Kassel,24453,11.981897,30673945.1757813,39066.9518784491
5309,34233,"34233 Kassel, Fuldatal",11888,32.299831,82851538.4677734,74418.7472757879
5310,65197,65197 Wiesbaden,29776,4.202052,10200391.6953125,22981.9526813426
5311,65199,65199 Wiesbaden,22952,18.781553,45606973.0927734,42763.1506282938
5312,60320,60320 Frankfurt am Main,15818,2.998395,7295998.75,14899.5803182515
5313,65193,65193 Wiesbaden,15547,15.96338,38796509.9545898,31959.4601751198
5314,65207,65207 Wiesbaden,20753,55.211111,134184222.848633,69421.9775904103
5315,65187,65187 Wiesbaden,22300,5.345827,12964658.1787109,23762.1121362095
5316,65205,65205 Wiesbaden,22331,30.266923,73384507.1616211,47031.8881401096
5317,65201,65201 Wiesbaden,15798,19.911856,48292017.1879883,39093.6322146705
5318,65195,65195 Wiesbaden,17450,11.904451,28926364.8251953,37710.7667427067
5319,65189,65189 Wiesbaden,11223,5.681095,13784957.8081055,18753.2716459028
5320,65185,65185 Wiesbaden,13066,1.240434,3010371.34960938,10218.8434389718
5321,64750,64750 Lützelbach,6867,35.407647,84869795.1591797,56715.3621488468
5322,64395,64395 Brensbach,5194,23.221467,55650168.5942383,49029.0310278572
5323,64756,64756 Mossautal,2579,48.454915,115533176.216797,58675.3061979003
5324,64689,64689 Grasellenbach,3805,22.862311,54469583.6391602,36016.0699875885
5325,64668,64668 Rimbach,8548,23.138186,55112442.5668945,59607.9554161237
5326,64653,64653 Lorsch,12965,25.222126,60128642.1035156,51708.8665322115
5327,64683,64683 Einhausen,6044,26.637201,63603049.2885742,50510.1964287124
5328,64754,64754 Badisch Schöllenbach,22,2.364544,5618425.78173828,16390.3401383097
5329,64686,64686 Lautertal (Odenwald),7160,30.728551,73481592.487793,49391.3469705622
5330,64739,64739 Höchst i. Odw.,9945,30.244977,72535407.2768555,51223.151400736
5331,64720,64720 Michelstadt,16391,86.984523,207815483.172852,119331.547415889
5332,64646,64646 Heppenheim (Bergstraße),24886,52.512243,125199790.640137,64773.0527052833
5333,64678,64678 Lindenfels,5052,21.033254,50258078.1743164,41159.307134816
5334,64753,64753 Brombachtal,3603,20.510865,49082556.6088867,39338.5431534494
5335,64407,64407 Fränkisch-Crumbach,3192,16.105305,38556568.28125,33950.0101104716
5336,64732,64732 Bad König,9328,46.618323,111594856.214355,82255.2274190572
5337,64711,64711 Erbach,13290,61.389956,146326103.765625,67387.5611514785
5338,64747,64747 Breuberg,7334,30.970699,74379597.7963867,58428.5767148862
5339,64625,64625 Bensheim,39242,57.791621,138064087.401855,78659.0521602649
5340,64673,64673 Zwingenberg,6595,5.652914,13521399.8061523,24135.0412056644
5341,64658,64658 Fürth,10518,38.411551,91626759.0673828,67394.9078958993
5342,64589,64589 Stockstadt am Rhein,5793,23.652137,56781104.6313477,41643.2669077831
5343,64405,64405 Fischbachtal,2650,13.169302,31546297.1972656,30350.3468904397
5344,64390,64390 Erzhausen,7478,7.396148,17859681.8110352,25584.5268017681
5345,64850,64850 Schaafheim,9063,32.129902,77448644.6459961,59709.8779015616
5346,64401,64401 Groß-Bieberau,4571,18.228187,43717990.1025391,42954.53581085
5347,64285,64285 Darmstadt,17666,6.231147,14983614.8041992,22104.8303549263
5348,64546,64546 Mörfelden-Walldorf,32383,44.099204,106623686.294922,62335.931284912
5349,64295,64295 Darmstadt,16687,15.348369,36906511.5263672,34443.9941325653
5350,64839,64839 Münster,14039,20.7593,50073326.9746094,47963.0073678697
5351,64572,64572 Büttelborn,13592,29.987136,72283212.4506836,47670.9215488266
5352,64331,64331 Weiterstadt,23627,34.376759,82882141.0488281,49288.0631607176
5353,64372,64372 Ober-Ramstadt,14437,41.780181,100323776.412109,58020.903188114
5354,64291,64291 Darmstadt,22655,32.683807,78838015.7172852,48003.4013729491
5355,64409,64409 Messel,3762,14.811294,35730836.2983398,36555.0161136123
5356,64354,64354 Reinheim,16263,27.831259,66860803.722168,45048.5212140497
5357,64823,64823 Groß-Umstadt,20701,86.770579,208800261.966309,91137.8943520528
5358,64560,64560 Riedstadt,21567,68.811667,165372435.45752,76990.0496247541
5359,64853,64853 Otzberg,6319,41.910071,100661134.603516,62188.6454826736
5360,64404,64404 Bickenbach,5508,9.161091,21946859.1450195,22793.1598242648
5361,64287,64287 Darmstadt,15773,31.690437,76308882.6010742,49100.075635514
5362,64297,64297 Darmstadt,22173,18.197245,43706283.8115234,33012.5623497773
5363,64584,64584 Biebesheim am Rhein,6365,18.637188,44688279.9199219,29070.2543213066
5364,64579,64579 Gernsheim,9825,40.044848,95895315.7607422,50684.8235148208
5365,64342,64342 Seeheim-Jugenheim,15701,27.978401,67020804.8510742,48800.1550302742
5366,64380,64380 Roßdorf,11897,20.58579,49535914.3242188,32238.3143294246
5367,64293,64293 Darmstadt,13339,9.38901,22605523.8984375,23397.4316616574
5368,64569,64569 Nauheim,9836,13.760902,33225128.8789063,33309.7310552216
5369,60327,60327 Frankfurt am Main,9767,3.232716,7853650.58544922,20647.9335334612
5370,64283,64283 Darmstadt,11548,1.447407,3483159.24755859,10930.7998517127
5371,64859,64859 Eppertshausen,5954,13.099064,31624260.8417969,39137.1735056614
5372,64367,64367 Mühltal,13530,25.388625,60942285.4140625,48187.8490024556
5373,60529,60529 Frankfurt am Main,20099,13.302389,32289593.5517578,25696.8076457526
5374,64289,64289 Darmstadt,23871,7.073991,17042460.4301758,25223.7460020506
5375,64319,64319 Pfungstadt,23754,42.405062,101750991.865723,47251.1335933153
5376,60599,60599 Frankfurt am Main,21456,14.835177,36018582.7719727,29044.9267465788
5377,60313,60313 Frankfurt am Main,4558,0.744784,1810569.99853516,8386.29255849887
5378,60314,60314 Frankfurt am Main,10109,4.222877,10265493.3999023,21013.1378776364
5379,60389,60389 Frankfurt am Main,23031,7.681899,18698977.1982422,22160.8370548725
5380,60596,60596 Frankfurt am Main,11512,1.90039,4616325.75439453,9910.56718258874
5381,60486,60486 Frankfurt am Main,19141,4.48903,10912127.402832,20773.5017720078
5382,60487,60487 Frankfurt am Main,15603,2.915134,7090160.92529297,19021.281940958
5383,60528,60528 Frankfurt am Main,22825,17.967776,43595458.0200195,34920.0644224919
5384,60594,60594 Frankfurt am Main,15913,1.776045,4315676.13964844,15345.4993881737
5385,60433,60433 Frankfurt am Main,23869,6.038612,14709595.9428711,18146.7912465556
5386,60329,60329 Frankfurt am Main,4313,0.975138,2369733.20507813,7813.0897281008
5387,60385,60385 Frankfurt am Main,33049,2.58498,6286526.64794922,13231.3844469275
5388,60326,60326 Frankfurt am Main,20809,3.346722,8131379.73486328,17261.1065246181
5389,60388,60388 Frankfurt am Main,18712,14.096424,34328310.7236328,32060.0208728336
5390,60318,60318 Frankfurt am Main,17874,1.050871,2555705.52832031,9728.49263166298
5391,60325,60325 Frankfurt am Main,8394,1.312434,3190595.79003906,8684.01956199803
5392,60439,60439 Frankfurt am Main,35056,9.116683,22206287.3344727,23249.3820739349
5393,60489,60489 Frankfurt am Main,16988,3.748456,9116263.63720703,17637.9022131453
5394,60386,60386 Frankfurt am Main,21018,9.198749,22372923.7695313,29431.6746105911
5395,61479,61479 Glashütten,5234,27.047912,66018560.1469727,61420.9896107828
5396,61191,61191 Rosbach v.d. Höhe,11964,45.253997,110800277.59082,66676.1834705772
5397,61381,61381 Friedrichsdorf,24193,30.145632,73735903.387207,46909.6432172063
5398,61449,61449 Steinbach (Taunus),10106,4.3985,10717271.4926758,24595.522393882
5399,60311,60311 Frankfurt am Main,5428,0.992485,2412248.70898438,11301.8444553494
5400,61239,61239 Ober-Mörlen,5762,37.588473,92321607.6279297,53760.4322649824
5401,61273,61273 Wehrheim,9271,38.310816,93876790.0249023,61982.9020080017
5402,61279,61279 Grävenwiesbach,5206,43.119491,105993999.730957,63080.7867237858
5403,61169,61169 Friedberg (Hessen),27355,50.157438,123014381.9375,66832.2151451029
5404,60431,60431 Frankfurt am Main,22688,4.327503,10532780.0097656,16690.6819270389
5405,60322,60322 Frankfurt am Main,12970,1.352052,3288210.52685547,11706.2013349064
5406,60308,60308 Frankfurt am Main,0,0.004477,10881.5395507813,418.524947160578
5407,60435,60435 Frankfurt am Main,29833,8.116815,19768178.6518555,24872.8129472175
5408,60316,60316 Frankfurt am Main,21128,1.233973,3000320.85253906,10986.1756013318
5409,60437,60437 Frankfurt am Main,31230,25.054861,61116368.3217773,42459.8892524116
5410,60598,60598 Frankfurt am Main,18427,7.095087,17223401.71875,21716.9220005381
5411,60323,60323 Frankfurt am Main,8529,1.568802,3815218.73583984,10311.2527831878
5412,60488,60488 Frankfurt am Main,19488,7.216086,17561220.6938477,24250.0457856189
5413,60549,60549 Frankfurt am Main,12,22.577977,54720929.3178711,36815.846104317
5414,61276,61276 Weilrod,6271,71.119416,174446916.65332,81180.8166467892
5415,61137,61137 Schöneck,11623,21.479765,52417036.2900391,37818.20545019
5416,61348,61348 Bad Homburg v.d. Höhe,13382,4.684105,11438985.9448242,26202.1606681747
5417,61350,61350 Bad Homburg v.d. Höhe,21421,29.601658,72353150.2558594,45482.3316746349
5418,61209,61209 Echzell,5607,36.595724,89992276.6679688,51381.7166296843
5419,61200,61200 Wölfersheim,9644,44.096446,108514143.833008,59281.6395171222
5420,61194,61194 Niddatal,9302,39.197099,95954382.6079102,64267.7335384349
5421,61197,61197 Florstadt,8786,39.907676,97858476.097168,63660.0062559602
5422,61476,61476 Kronberg im Taunus,17742,18.570357,45281330.7636719,46775.4964941651
5423,61118,61118 Bad Vilbel,31270,25.656004,62567150.5932617,40661.6963224802
5424,61352,61352 Bad Homburg v.d. Höhe,16594,16.806032,41035342.8149414,38217.536939244
5425,61130,61130 Nidderau,19874,47.322303,115663377.483398,56120.1886511133
5426,61138,61138 Niederdorfelden,3732,6.519501,15894084.4384766,19712.4907449348
5427,61389,61389 Schmitten im Taunus,8849,35.486286,86808153.8271484,54018.0245889206
5428,61231,61231 Bad Nauheim,30209,32.513413,79902772.9638672,44456.7630758495
5429,61440,61440 Oberursel (Taunus),44125,45.297757,110547678.50293,68071.1890956321
5430,61462,61462 Königstein im Taunus,15714,25.032088,61046967.9467773,54307.2677732191
5431,61206,61206 Wöllstadt,6123,15.418649,37745651.5952148,30184.2179957786
5432,61184,61184 Karben,21147,43.90437,107267020.736816,65489.2683758545
5433,61203,61203 Reichelsheim (Wetterau),6778,27.552707,67649881.5229492,55561.4151612335
5434,61267,61267 Neu-Anspach,14710,34.956875,85606937.3134766,50172.2941281718
5435,26388,26388 Wilhelmshaven,16223,58.13214,164815498.52832,82946.7512789277
5436,26386,26386 Wilhelmshaven,13701,13.409834,37950340.2978516,33298.4167723309
5437,26389,26389 Wilhelmshaven,13511,17.546021,49596315.2294922,43462.364792071
5438,26382,26382 Wilhelmshaven,19224,5.953832,16820754.6279297,25382.5139308043
5439,26384,26384 Wilhelmshaven,14903,12.736877,36016625.2695313,29185.7344695125
5440,67366,67366 Weingarten (Pfalz),1637,6.262561,14703246.8754883,19446.1085050114
5441,67377,67377 Gommersheim,1467,11.329589,26631502.1796875,36266.3124260349
5442,67433,67433 Neustadt an der Weinstraße,22537,17.570729,41401332.3964844,35191.5390308626
5443,67482,67482 Venningen,3341,26.580905,62453188.4360352,58576.5450134138
5444,67489,67489 Kirrweiler (Pfalz),2051,13.494616,31741321.6513672,40440.4389472345
5445,67365,67365 Schwegenheim,2918,12.051167,28306331.5043945,24208.9142674744
5446,67363,67363 Lustadt,3279,23.595209,55326941.7709961,41949.2349084767
5447,67434,67434 Neustadt an der Weinstraße,14646,45.870321,107998111.793945,56801.6786140847
5448,67435,67435 Neustadt an der Weinstraße,15096,58.452735,137680987.272949,101385.857877427
5449,67483,67483 Edesheim,3153,17.928053,42092201.8583984,42266.6605599152
5450,67487,67487 Maikammer,6029,26.022476,61194571.4873047,45473.111770309
5451,67360,67360 Lingenfeld,5551,15.190437,35634374.6489258,39581.7658821845
5452,67480,67480 Edenkoben,6602,19.139208,44980222.734375,56884.2810102581
5453,67378,67378 Zeiskam,2176,8.661047,20303756.5405273,28707.1220097125
5454,26757,26757 Borkum,5207,31.81017,90144271.6538086,61846.3536884421
5455,67159,67159 Friedelsheim,1466,4.210295,9958527.06201172,18251.0349752268
5456,67280,67280 Ebertsheim,2035,9.748347,23174702.5131836,27038.2784697185
5457,98639,98639 Rippershausen,893,11.429242,28358063.9707031,31402.6564401926
5458,67271,67271 Kindenheim,4128,29.414115,69891450.5878906,93197.879345408
5459,67098,67098 Bad Dürkheim,18321,109.437424,258899655.553711,148576.488940742
5460,98544,98544 Zella-Mehlis,13650,52.906248,131507184.269043,94860.7209225487
5461,67157,67157 Wachenheim an der Weinstraße,4685,28.248735,66749797.9946289,56787.8648493968
5462,98743,98743 Gräfenthal,2241,35.300276,87209116.3588867,63489.5029360786
5463,67475,67475 Weidenthal,1806,14.609819,34496644.387207,28715.3147595425
5464,90562,90562 Heroldsberg,11203,98.78021,234408237.703125,102996.209754589
5465,07580,"07580 Ronneburg, Braunichswalde, Großenstein u.a.",10798,99.028091,247845729.404297,131207.195317712
5466,67146,67146 Deidesheim,3724,14.873152,35130562.7832031,43587.0300435699
5467,07570,"07570 Weida, Harth-Pöllnitz, Wünschendorf",15424,120.402836,300529336.657715,132575.467226838
5468,67473,67473 Lindenberg,973,3.754052,8853024.52783203,17729.4319984995
5469,67310,67310 Hettenleidelheim,3041,5.0596,12009057.8618164,21324.0404885031
5470,67256,67256 Weisenheim am Sand,4238,13.716862,32515366.628418,42818.771520394
5471,07950,"07950 Zeulenroda-Triebes, Weißendorf",4160,32.157284,79981207.4199219,70672.3695354585
5472,07980,07980 Berga/Elster u.a.,3658,46.291791,115447389.905273,90172.6142673336
5473,67319,67319 Wattenheim,1636,12.456469,29528407.5288086,44512.5251728066
5474,67229,67229 Gerolsheim,3698,14.89816,35374941.0024414,30495.4540702413
5475,67317,67317 Altleiningen,1789,9.939301,23554559.0722656,36466.4543755672
5476,36039,36039 Fulda,16515,25.90605,64239789.6655273,54897.7321833959
5477,67278,67278 Bockenheim an der Weinstraße,2126,11.220393,26711010.222168,32748.4526103706
5478,67150,67150 Niederkirchen bei Deidesheim,2365,3.645919,8612244.06396484,15589.0609128765
5479,67471,67471 Elmstein,2499,76.349226,179855458.914063,74080.8093165171
5480,96142,96142 Hollfeld,5235,80.593074,194357058.446289,109914.674556539
5481,67152,67152 Ruppertsberg,1469,7.91699,18684753.1225586,25902.5497532436
5482,67811,67811 Dielkirchen,548,8.095737,19315941.887207,21035.6403242463
5483,67273,67273 Weisenheim am Berg,3709,23.000005,54522412.5268555,57207.8009939131
5484,67297,67297 Marnheim,1655,9.931287,23654804.0166016,27030.3208616794
5485,96185,96185 Schönbrunn i. Steigerwald,1933,30.880284,74265559.5991211,43717.5094636228
5486,96103,96103 Hallstadt,8519,14.585957,35172814.0102539,32571.5861537035
5487,67466,67466 Lambrecht (Pfalz),4134,12.222439,28814590.8383789,40752.5257562202
5488,96149,96149 Breitengüßbach,4499,22.600067,54585523.4614258,62224.7458791803
5489,96169,96169 Lauter,1156,12.398206,29956194.0585938,32039.554341457
5490,96191,96191 Viereth-Trunstadt,3524,15.799531,38089203.7895508,30725.8253661139
5491,96117,96117 Memmelsdorf,8798,26.271075,63378691.6767578,62774.6056432271
5492,96154,96154 Burgwindheim,1313,43.350827,104087320.646973,72406.2290811841
5493,96173,96173 Oberhaid,4509,31.557537,76150670.6401367,56374.6386355993
5494,96196,96196 Wattendorf,697,22.274211,53926210.4736328,57172.9448780343
5495,96129,96129 Strullendorf,7741,67.185087,161623930.33252,92579.4087109952
5496,96158,96158 Frensdorf,4878,43.945794,105449489.238281,74973.2256427486
5497,96179,96179 Rattelsdorf,4531,39.532734,95752732.0195313,78042.4871849497
5498,67316,67316 Carlsberg,3466,15.713977,37227821.1962891,32168.9614454341
5499,67167,67167 Erpolzheim,1318,3.605177,8541506.79492188,12380.078164482
5500,67149,67149 Meckenheim,3377,15.257577,36012242.559082,29658.0611281002
5501,96047,96047 Bamberg,10778,2.773145,6676240.63134766,17567.2932853279
5502,96138,96138 Burgebrach,6516,87.85202,210905900.88623,95396.4319210245
5503,67147,67147 Forst an der Weinstraße,830,3.61468,8541970.79199219,20897.9099686823
5504,96135,96135 Stegaurach,6740,23.865694,57378549.0571289,58855.9112230283
5505,67269,67269 Grünstadt,12861,15.757455,37447613.1831055,35552.5453656224
5506,96247,96247 Michelau i. OFr.,6496,24.424394,59500272.8334961,47274.4770469333
5507,96260,96260 Weismain,4724,90.138373,218449192.895508,131471.969112084
5508,96224,96224 Burgkunstadt,6624,40.629548,98821614.9863281,74416.5068020569
5509,96275,96275 Marktzeuln,1612,6.789363,16529409.3276367,30213.6077793078
5510,96250,96250 Ebensfeld,5577,71.1094,172415296.816895,101453.343688376
5511,96277,96277 Schneckenlohe,1118,9.282648,22643339.7426758,31593.1995516535
5512,96342,96342 Stockheim,5148,25.342894,62062730.3291016,46778.0986882106
5513,96358,96358 Teuschnitz,2850,42.930442,105540330.67334,53532.0036768561
5514,96369,96369 Weißenbrunn,3036,26.060396,63508070.8193359,62282.2152989041
5515,96328,96328 Küps,7907,35.585903,86736493.7822266,63670.1577298838
5516,96349,96349 Steinwiesen,3604,62.711206,153673366.85498,87828.6016541651
5517,96364,96364 Marktrodach,3850,33.312976,81365316.6035156,59746.5571236151
5518,96268,96268 Mitwitz,2869,33.156519,81009229.5678711,56479.553874775
5519,96337,96337 Ludwigsstadt,3567,58.737598,144899659.995605,68054.0871496086
5520,96355,96355 Tettau,2276,23.858948,58784484.8208008,51075.4460505463
5521,96367,96367 Tschirn,565,20.201754,49656700.8535156,48891.7019206531
5522,96317,96317 Kronach,17277,67.313596,164410258.635254,98672.9506892245
5523,96346,96346 Wallenfels,2915,45.613218,111552486.200195,61632.6908810634
5524,96361,96361 Steinbach a. Wald,3321,36.120974,88908929.6879883,55299.7276024162
5525,96332,96332 Pressig,4038,53.160814,130489843.045898,76494.3392572682
5526,67817,67817 Imsbach,865,7.683177,18275072.9951172,22127.8242241876
5527,67756,67756 Hinzweiler,553,10.026412,23838233.5356445,22831.0717464016
5528,67748,67748 Odenbach,883,7.92403,18916690.0644531,25542.8307482737
5529,69509,69509 Mörlenbach,9886,27.212908,64750751.7373047,57706.4334136869
5530,96352,96352 Wilhelmsthal,3890,43.879319,107502872.780762,93770.5132235844
5531,96365,96365 Nordhalben,1832,34.052839,83611926.2348633,79292.3451111069
5532,96269,96269 Großheirath,2597,22.303016,54336642.2294922,46914.2581433531
5533,96528,"96528 Frankenblick, Schalkau, Bachfeld",9950,104.713589,257417175.003906,107750.402548722
5534,96190,96190 Untermerzbach,1717,27.759234,67469345.4057617,57559.7994006191
5535,67307,67307 Göllheim,3751,18.017535,42854910.6035156,40403.321417522
5536,67753,67753 Rothselberg u.a.,2565,36.507964,86844627.715332,85624.242057191
5537,67829,67829 Callbach,848,15.31771,36581901.1245117,28382.6333174423
5538,67308,67308 Albisheim (Pfrimm),6516,46.769998,111437052.634766,59463.5125809766
5539,67806,"67806 Rockenhausen, Bisterschied u.a.",6547,63.07222,150260654.016602,124283.72489822
5540,67742,67742 Lauterecken u.a.,3398,28.351205,67586180.7358398,95579.7717066514
5541,67813,"67813 Schwarzengraben, St. Alban, Gerbach",853,12.872537,30730777.824707,34440.4192596492
5542,67821,67821 Alsenz,1930,16.132541,38585435.644043,37838.0328578928
5543,67294,67294 Bischheim u.a.,5655,48.936476,116863619.911621,84405.70444505
5544,67752,67752 Wolfstein,2681,21.097547,50169150.0585938,38917.3019622373
5545,69115,69115 Heidelberg,21900,4.100109,9680590.31982422,18695.7355821589
5546,69483,69483 Wald-Michelbach,10703,74.237762,176349611.736816,79681.4667120786
5547,67824,67824 Feilbingert,1635,10.017502,24010945.7734375,24671.7328044403
5548,67724,"67724 Gundersweiler, Gonbach u.a.",2033,27.934601,66385294.5756836,57862.2230646677
5549,65550,65550 Limburg,3018,5.139912,12624408.7998047,18891.5095664949
5550,67292,67292 Kirchheimbolanden,7908,27.278236,65085728.9125977,61147.4579027395
5551,67744,"67744 Medard, Rathskirchen u.a.",3480,71.81182,171265162.044922,168857.978759187
5552,67823,"67823 Obermoschel, Schiersfeld",1881,30.46964,72859861.4848633,51656.7585822159
5553,65552,65552 Limburg,2692,4.662074,11463956.1879883,18164.5751777361
5554,67754,67754 Eßweiler,418,8.155154,19372216.0444336,24532.6144718375
5555,67722,67722 Winnweiler,4760,21.994997,52264346.3227539,53780.518517107
5556,67727,67727 Lohnsfeld,935,6.465666,15352827.0766602,24570.0741828169
5557,67814,67814 Dannenfels,1141,18.339163,43685785.0332031,30276.6366876009
5558,67816,"67816 Dreisen, Standenbühl",1197,10.286977,24477750.5302734,25627.2158750354
5559,67295,67295 Bolanden,2403,17.402192,41478365.9145508,40902.7910332134
5560,67746,67746 Langweiler,518,13.818607,32968738.847168,33039.0146712893
5561,67826,67826 Hallgarten,794,3.169516,7592060.63671875,17319.8251260537
5562,67305,67305 Ramsen,1832,27.042664,64145699.2563477,41908.0368110058
5563,67827,67827 Becherbach,939,10.822129,25811705.5058594,32870.8881709321
5564,67725,67725 Börrstadt,1390,18.94851,45056708.1503906,43198.0442455333
5565,67759,67759 Nußbach,735,10.293482,24520961.1972656,34254.2141246092
5566,69120,69120 Heidelberg,15981,5.227405,12348889.0092773,22463.5240047485
5567,67729,67729 Sippersfeld,1146,13.190681,31322049.519043,25722.3175144646
5568,67745,67745 Grumbach,455,3.349862,7989537.70458984,16364.4488255179
5569,67819,67819 Kriegsfeld,1053,26.308822,62859972.3339844,52688.5423247261
5570,69518,69518 Abtsteinach,2455,11.009805,26138726.2998047,30468.6582238202
5571,67304,67304 Eisenberg (Pfalz),11334,36.589724,86919830.8422852,71891.2981295108
5572,69436,69436 Schönbrunn,2906,34.437935,81352299.0288086,48338.8318667721
5573,67749,67749 Offenbach-Hundheim,1305,9.959338,23713469.2675781,26298.1879245797
5574,69469,69469 Weinheim,42817,56.974595,135276153.73291,81929.3085091427
5575,67757,67757 Kreimbach-Kaulbach,783,9.08519,21575480.8354492,22636.5959451103
5576,67728,67728 Münchweiler an der Alsenz,1204,7.329104,17399049.3730469,22034.2928236536
5577,66504,66504 Bottenbach,731,6.023522,14095109.9995117,16989.3044979514
5578,67732,67732 Hirschhorn,786,3.330573,7899834.13867188,13069.3166442313
5579,67693,"67693 Waldleiningen, Fischbach",1181,41.292777,97539213.1582031,86732.5954832117
5580,67659,67659 Kaiserslautern,21420,26.824805,63490473.5288086,54814.2822686494
5581,67661,67661 Kaiserslautern,10985,52.211032,123308214.599121,96435.6944116418
5582,66507,66507 Reifenberg,827,7.728103,18153093.9213867,20115.2265460479
5583,67714,67714 Waldfischbach-Burgalben,4910,17.587564,41318688.6845703,40687.7837501603
5584,66509,66509 Rieschweiler-Mühlbach,2164,10.258022,24063314.5771484,26903.9584394602
5585,67737,67737 Olsbrücken,1400,12.568703,29829783.4658203,32484.3576077657
5586,67699,67699 Schneckenhausen,1272,12.402015,29450704.5546875,27202.5291485303
5587,67716,67716 Heltersberg,2102,28.914809,67975402.4814453,41511.045197699
5588,67663,67663 Kaiserslautern,23163,37.504553,88597225.6694336,57455.9768928648
5589,67715,67715 Geiselberg,854,6.44005,15155573.168457,19300.3436267587
5590,67731,67731 Otterbach,3887,6.200639,14687362.2490234,20387.0324143546
5591,66503,66503 Dellfeld,1379,7.246297,16988798.8891602,23086.9497740964
5592,67657,67657 Kaiserslautern,19166,23.49222,55564309.7158203,47041.1679869781
5593,67678,67678 Mehlingen,3785,17.594714,41678562.722168,37424.6950895521
5594,67685,67685 Weilerbach u.a.,6870,33.857968,80191120.1323242,51898.1789536588
5595,66125,66125 Saarbrücken,22383,14.477263,33987260.5146484,26934.4889758983
5596,67688,67688 Rodenbach,3133,13.887481,32865738.1098633,28802.8731064378
5597,66113,66113 Saarbrücken,23110,8.863821,20790467.6196289,20704.8810570392
5598,67655,67655 Kaiserslautern,21646,2.948954,6971756.8359375,17400.1269324757
5599,67705,67705 Trippstadt u.a.,4257,52.674542,124105059.070801,62388.2501644094
5600,67681,67681 Sembach,1623,10.185247,24158200.8598633,26291.5305676228
5601,37643,37643 Negenborn,722,9.813283,25742561.7578125,27359.1409404236
5602,69250,69250 Schönau,4470,22.516362,53249033.9472656,35766.6300453285
5603,37640,37640 Golmbach,987,15.68222,41148807.0546875,35277.2015200827
5604,69493,69493 Hirschberg an der Bergstraße,9066,12.986025,30785398.4863281,37895.5312372061
5605,69151,69151 Neckargemünd,12911,26.194251,61811843.5102539,55985.1332222
5606,69434,"69434 Hirschhorn, Brombach, Heddesbach",4185,49.440154,117043897.522461,62607.5104128711
5607,69488,69488 Birkenau,10137,24.565848,58383470.6743164,48150.5386762546
5608,69190,69190 Walldorf,14349,19.92201,46842100.1416016,30252.8395585357
5609,27749,27749 Delmenhorst,12536,3.558248,9836014.828125,17871.5619338093
5610,69439,69439 Zwingenberg,713,4.738335,11193356.1958008,19345.3518317108
5611,68229,68229 Mannheim,5285,5.036697,11907415.5400391,16221.7688256722
5612,69121,69121 Heidelberg,16725,15.234193,36013177.4345703,34052.1085267788
5613,69207,69207 Sandhausen,14361,14.549172,34263146.4384766,32003.3163633266
5614,69181,69181 Leimen,25275,20.600252,48516823.0361328,58074.8488583524
5615,69437,69437 Neckargerach,2346,15.270111,36046408.0952148,38639.1597915515
5616,69245,69245 Bammental,6462,12.084393,28479102.4379883,33091.4034935602
5617,69126,69126 Heidelberg,32296,12.027771,28362563.0649414,27919.0564662966
5618,69429,69429 Waldbrunn,4926,44.385027,105016752.095215,60912.6586276781
5619,69259,69259 Wilhelmsfeld,3190,5.804903,13741063.6445313,16893.5849721559
5620,69124,69124 Heidelberg,17072,15.999692,37732124.0214844,38401.0853279155
5621,69427,69427 Mudau,4919,107.402913,254948024.335449,101636.755582359
5622,69226,69226 Nußloch,10500,13.602462,32010890.6416016,25223.9431821239
5623,69168,69168 Wiesloch,24728,30.166925,70925180.0073242,51454.553563961
5624,69118,69118 Heidelberg,13468,24.217853,57218162.8520508,40781.7138925359
5625,69239,69239 Neckarsteinach,3804,22.100738,52220245.2055664,39541.1641907885
5626,69253,69253 Heiligkreuzsteinach,2709,19.56053,46359669.0532227,37409.9953767177
5627,69234,69234 Dielheim,8911,22.623812,53154858.1879883,43687.5555995556
5628,69257,69257 Wiesenbach,2988,11.114754,26199534.9755859,24708.7662833871
5629,69502,69502 Hemsbach,12062,12.851953,30580862.5703125,35907.0793291276
5630,69123,69123 Heidelberg Wieblingen und Pfaffengrund,18287,17.325977,40931144.296875,38554.277798935
5631,69412,69412 Eberbach,14054,67.707434,160296235.464844,94643.3273067867
5632,69256,69256 Mauer,3942,6.329728,14905262.4106445,22681.8419439928
5633,69517,69517 Gorxheimertal,4096,10.413557,24715674.0366211,32913.0277275271
5634,69221,69221 Dossenheim,11824,14.189522,33567212.3129883,38024.3886071846
5635,69198,69198 Schriesheim,14674,30.955945,73306645.4267578,50503.8158692713
5636,69117,69117 Heidelberg,11052,14.649721,34573309.7973633,29586.1739166162
5637,69514,69514 Laudenbach,6082,9.838986,23426336.4814453,32867.8718069069
5638,69214,69214 Eppelheim,14713,5.696712,13446088.2973633,17934.7997801653
5639,69251,69251 Gaiberg,2336,4.137183,9752303.89501953,18007.1604823241
5640,66901,66901 Schönenberg-Kübelberg,5620,18.668912,44061729.9755859,40221.628292295
5641,66879,66879 Steinwenden u.a.,7665,57.002378,134991652.283691,71805.0039918794
5642,66907,66907 Glan-Münchweiler,1705,12.680249,30018920.6572266,37028.6633295463
5643,66916,66916 Breitenbach,2837,14.405964,34032666.4892578,37039.995483052
5644,66862,66862 Kindsbach,2413,8.973909,21193746.7905273,22213.9568179231
5645,66894,66894 Bechhofen,6644,57.399321,135196074.725586,80061.5523911208
5646,66877,66877 Ramstein-Miesenbach,7647,42.986963,101618645.224121,57288.2365028914
5647,66904,66904 Brücken (Pfalz),2658,11.975453,28298718.0283203,35392.4677894527
5648,68165,68165 Mannheim,18090,3.895045,9224653.30566406,14849.1479959004
5649,66885,66885 Altenglan,3680,18.045947,42858277.1669922,36231.6594691975
5650,68309,68309 Mannheim,29639,12.131928,28775348.1542969,32244.0222199296
5651,66914,66914 Waldmohr,5154,13.124208,30953480.581543,37430.3364853323
5652,66892,66892 Bruchmühlbach-Miesau,7619,27.099054,63933900.9257813,39658.3878019177
5653,66871,"66871 Albessen, Dennweiler-Frohnbach, Ehweiler, Etschberg, Haschbach am Remigiusberg, Herchweiler, Konken, Körborn, Oberalben, Pfeffelbach, Reichweiler, Selchenbach, Thallichtenberg, Theisbergstegen",7015,73.568028,174584965.306152,137461.88566739
5654,66903,66903 Altenkirchen,4598,23.901673,56495006.5688477,52694.9588791123
5655,68159,68159 Mannheim,15610,3.527286,8358751.14941406,15344.1460126796
5656,68723,68723 Schwetzingen,41978,39.784948,93826160.9897461,56424.9196281066
5657,66882,66882 Hütschenhausen,3913,17.782465,42009029.7055664,39918.2806362892
5658,66909,66909 Herschweiler-Pettersheim,7428,61.095438,144605498.507813,110517.06507471
5659,66887,"66887 Bosenbach, Elzweiler, Erdesbach, Föckelberg, Glanbrücken, Horschbach, Jettenbach Pfalz, Neunkirchen am Potzberg, Niederalben, Rammelsbach, Rathsweiler, Rathsweiler Mühle, Rutsweiler am Glan, Sankt Julian, Ulmet, Welchweiler",8359,87.062165,206927905.527344,142052.043009171
5660,68305,68305 Mannheim,28397,14.886572,35333911.3398438,30969.4573853761
5661,66869,66869 Kusel,6481,25.080251,59518294.0727539,49799.6328500255
5662,65626,65626 Birlenbach,1522,4.063794,9977608.35009766,17522.5551405648
5663,65558,65558 Burgschwalbach,10182,76.492723,187726981.786133,188670.404443604
5664,66999,66999 Hinterweidenthal,1583,16.996109,39776933.3364258,37748.8819285995
5665,65232,65232 Taunusstein,28415,66.971452,163063487.683105,87971.1511161809
5666,66987,66987 Thaleischweiler-Fröschen,3470,12.312945,28900044.2177734,36876.9473013223
5667,65326,65326 Aarbergen,6009,33.943411,82970826.6459961,71173.8925353723
5668,65399,65399 Kiedrich,3871,12.332443,29904545.3632813,31517.4431021943
5669,65375,65375 Oestrich-Winkel,11481,59.464071,144129652.145996,75285.539611668
5670,66500,66500 Hornbach,1800,17.756476,41542637.9873047,33671.1312407293
5671,66957,"66957 Vinningen, Trulben, Ruppertsweiler u.a.",7863,79.060425,184598412.21582,104438.773612962
5672,66917,66917 Wallhalben u.a.,1531,16.807275,39544735.5722656,46140.7727788237
5673,65933,65933 Frankfurt am Main,22187,4.943841,12009344.5727539,16798.0957173528
5674,66994,66994 Dahn,4469,40.75005,95203952.4404297,48489.9266734258
5675,65934,65934 Frankfurt am Main,17497,3.573515,8682940.91748047,13624.1535541513
5676,66978,66978 Clausen,4602,79.579482,186808310.652832,84150.4718323323
5677,66484,66484 Battweiler u.a.,4949,50.518462,118402448.257324,106311.107600576
5678,66954,66954 Pirmasens,10206,26.879773,62939017.8623047,46120.9506940902
5679,66501,66501 Kleinbundenbach,822,12.02213,28262034.6079102,26034.430327798
5680,66969,66969 Lemberg,3955,58.199304,135993039.5,61943.7566812267
5681,66919,"66919 Hermersberg, Obernheim-Kirchenarnbach u.a.",6433,59.480349,139955815.880371,69723.1851880775
5682,66996,"66996 Fischbach, Erfweiler u.a.",4721,88.68189,206761267.446777,120609.308069651
5683,66506,66506 Maßweiler,1053,11.001964,25829402.7070313,31366.6531192149
5684,66981,66981 Münchweiler an der Rodalb,2935,26.238383,61470506.8613281,45684.7804073705
5685,66497,66497 Contwig,4854,25.358129,59466091.0463867,45781.9294803084
5686,66955,66955 Pirmasens,15968,19.728964,46147256.7041016,58317.3652753734
5687,66989,"66989 Höheinöd, Petersberg,Höheischweiler, Höhfröschen, Nünschweiler, Dusenbrücken und Huberhof",4697,32.735448,76788037.4804688,75839.0627860309
5688,66976,66976 Rodalben,7196,13.941487,32691206.7631836,28804.230302064
5689,66482,66482 Zweibrücken,34235,70.712683,165854029.918457,93905.6575568182
5690,66953,66953 Pirmasens,14854,19.226132,45040035.8500977,52441.5331541973
5691,26121,"26121 Oldenburg (Oldenburg)
Bürgerfelde (Süd/Ost), bis zur A 293 plus ein Teil der Innenstadt
(entspricht ungefähr Haarenesch, Ziegelhof und Ehnern + Heiliggeistviertel/Johannisviertel)",14974,3.53511,9818868.43212891,17415.2841814515
5692,26122,"26122 Oldenburg (Stadtzentrum und Eversten bis zur A28), entspricht Innenstadt, Bahnhofviertel und Dobben)",7094,3.012611,8361652.45800781,21463.3676951475
5693,26123,26123 Oldenburg (Oldenburg),12320,4.147758,11520167.8969727,19370.5400337405
5694,66127,66127 Saarbrücken,5546,9.315304,21824354.0405273,30608.2016051224
5695,66117,66117 Saarbrücken,14434,9.33573,21869790.8735352,24305.2491208456
5696,66133,66133 Saarbrücken,4086,7.059858,16554999.2905273,21086.5727822875
5697,65936,65936 Frankfurt am Main,15625,6.079295,14781674.1132813,17612.9070979565
5698,65795,65795 Hattersheim,24751,15.786943,38281866.3149414,34299.3561551109
5699,66130,66130 Saarbrücken,11100,18.163253,42510086.8388672,39350.2084819379
5700,97494,97494 Bundorf,948,40.293258,98257918.0688477,66900.3312695426
5701,97503,97503 Gädheim,1236,9.628823,23318065.0639648,37871.7751540813
5702,97483,97483 Eltmann,5297,40.752882,98396128.1293945,55629.7061168347
5703,97486,97486 Königsberg i. Bay.,3708,61.791027,149918518.589844,87640.0014182275
5704,97514,97514 Oberaurach,4003,45.097114,108735833.36377,65017.1261151614
5705,66128,66128 Saarbrücken,6295,8.526687,19979238.0595703,27577.7655589348
5706,97539,97539 Wonfurt,1939,17.347598,41953006.2358398,50755.8541264886
5707,97475,97475 Zeil a. Main,5653,35.710108,86454033.8051758,65276.9493367134
5708,97500,97500 Ebelsbach,3758,25.735259,62235885.7553711,60323.768527561
5709,97478,97478 Knetzgau,6386,61.502781,148590914.637695,71113.5574348081
5710,97496,97496 Burgpreppach,1419,38.721227,94173217.4243164,54206.6711540454
5711,66299,66299 Friedrichsthal,10377,9.000879,21176574.7509766,26368.8698068368
5712,97849,97849 Roden,1014,20.094905,48438942.359375,36657.2665471323
5713,97859,97859 Wiesthal,1382,20.970526,50782306.6225586,59667.0456500643
5714,97225,97225 Zellingen,6406,41.408546,99759897.0483398,65030.7462402209
5715,97833,97833 Frammersbach,4577,60.041682,145604418.516602,106838.655209561
5716,97778,97778 Fellen,866,34.353806,83585441.4086914,41648.1704886139
5717,97737,97737 Gemünden a. Main,10505,75.046912,181984134.350586,116813.33790627
5718,97794,97794 Rieneck,2069,26.140784,63508253.4716797,40605.6893948506
5719,66119,66119 Saarbrücken,14832,10.329711,24188021.4775391,27012.8327329343
5720,97846,97846 Partenstein,2855,10.425111,25272008.6225586,33238.6938046476
5721,97780,97780 Gössenheim,1267,11.50902,27865820.2324219,30382.7053575094
5722,97753,97753 Karlstadt,14940,98.043745,236897424.577637,123606.826998709
5723,97816,97816 Lohr a. Main,15296,129.929029,314682764.941895,167593.752627814
5724,97907,97907 Hasloch,1417,10.435973,25042971.074707,35112.9081707775
5725,97775,97775 Burgsinn,2526,51.26972,124800184.649902,66473.0523876212
5726,97845,97845 Neustadt a. Main,1246,19.778728,47727670.7211914,39538.9545666986
5727,97837,97837 Erlenbach b. Marktheidenfeld,2438,15.297971,36740480.6357422,30568.5044880555
5728,97450,97450 Arnstein,8169,111.965655,270715222.482422,106567.381379408
5729,97854,97854 Steinfeld,2230,33.716398,81405006.8989258,47932.261786221
5730,97783,97783 Karsbach,1794,30.101466,73005031.0302734,48784.4462529161
5731,97840,"97840 Hafenlohr, Rothenbuch",1914,19.249269,46381610.015625,88704.6435047419
5732,97906,97906 Faulbach,2672,10.959443,26290346.4858398,25681.2900320707
5733,97892,97892 Kreuzwertheim,3832,19.970684,47892512.6337891,49343.5829538789
5734,66131,66131 Saarbrücken,3553,15.373997,36017496.515625,35766.5674449689
5735,66126,66126 Saarbrücken,5547,4.658705,10931315.6611328,17169.2408617927
5736,97359,97359 Schwarzach a. Main,3541,21.149007,50745130.0390625,51315.8991993727
5737,97258,97258 Ippesheim,3385,82.652774,196557838.0625,108763.481644662
5738,97353,97353 Wiesentheid,4746,33.324828,79942516.1904297,81621.4708995498
5739,97340,97340 Marktbreit,5433,46.045974,109743823.740234,71250.4702251069
5740,97332,97332 Volkach,8653,60.143534,144665766.187988,93112.8491425995
5741,66115,66115 Saarbrücken,18371,31.033321,72862949.6762695,56017.6074788328
5742,66132,66132 Saarbrücken,4042,7.879988,18463010.3095703,22011.5655058944
5743,97357,97357 Prichsenstadt,3165,48.802013,117211420.996094,88055.8156318877
5744,66129,66129 Saarbrücken,3362,4.42508,10349731.6318359,21241.0351460189
5745,97346,97346 Iphofen,4487,77.962701,186079925.365723,122862.935557344
5746,97337,97337 Dettelbach,6931,60.87816,146124901.081543,65753.233824124
5747,97215,97215 Uffenheim,8179,126.159203,299437833.28125,143631.82968172
5748,66123,66123 Saarbrücken,12664,9.405918,22058378.3642578,26136.4515774981
5749,97318,97318 Kitzingen,21501,69.713427,166877924.32373,99323.8699143608
5750,97355,97355 Kleinlangheim,5081,72.299258,173145370.932129,93039.5902465002
5751,97342,97342 Obernbreit,4639,37.838788,90273928.0424805,73537.7208293162
5752,66121,66121 Saarbrücken,15036,6.923595,16224369.9956055,29792.4321122618
5753,97508,97508 Grettstadt,4124,34.875642,84323411.6411133,56917.7969997384
5754,97447,97447 Gerolzhofen,7716,33.078644,79679053.3334961,56465.7418465119
5755,97469,97469 Gochsheim,6261,20.808123,50368419.1772461,36551.2719865688
5756,97529,97529 Sulzheim,1983,26.754489,64563676.2788086,48458.0965554222
5757,97499,97499 Donnersdorf,1939,26.925488,65031362.559082,50702.7809744332
5758,97422,97422 Schweinfurt,20799,11.848595,28741367.9814453,41998.7649846225
5759,97511,97511 Lülsfeld,805,11.18053,26899587.2739258,31725.2173906577
5760,97453,97453 Schonungen,7727,80.887028,196282413.603027,111841.390997283
5761,66271,66271 Kleinblittersdorf,11419,27.210201,63568586.5766602,44094.0963208738
5762,97717,97717 Euerdorf,3341,41.420433,100811230.960938,65549.7049894774
5763,66111,66111 Saarbrücken,11419,1.901882,4457976.06787109,12271.7497466067
5764,97795,97795 Schondra,1756,51.133577,124985626.780273,70958.65392784
5765,97714,97714 Oerlenbach,4992,33.528122,81609178.1538086,54546.44223
5766,97727,97727 Fuchsstadt,1806,18.299956,44439757.7382813,34964.737545796
5767,97779,97779 Geroda,932,16.82181,41185920.5966797,38669.4505399055
5768,97705,97705 Burkardroth,7721,80.317565,196579798.875,107804.793296868
5769,97799,97799 Zeitlofs,2138,65.889758,161042460.415039,70836.3359314228
5770,97720,97720 Nüdlingen,4071,26.328501,64270929.628418,46623.5714435154
5771,97762,97762 Hammelburg,11279,128.823101,312990832.85498,132300.932446926
5772,97789,97789 Oberleichtersbach,2057,28.355266,69390577.9628906,64757.7535229258
5773,26125,"26125 Oldenburg (Oldenburg), Stadtteile Ohmstede, Ofenerdiek, Etzhorn.",18920,26.398946,73402749.9174805,53297.7865517542
5774,26127,"26127 Oldenburg (Oldenburg) Bürgerfelde (Nord/West), außerhalb der A293, plus Alexandersfeld",23160,10.219132,28410368.2661133,29311.9107834369
5775,66557,66557 Illingen,17036,36.449393,85957568.4199219,59552.2058818295
5776,66571,66571 Eppelborn,17740,46.758719,110335894.391113,59435.8324114085
5777,66540,66540 Neunkirchen,13630,35.612167,83920963.5068359,63013.2501887622
5778,66589,66589 Merchweiler,10244,12.745425,30021741.4692383,39634.9844638059
5779,66539,66539 Neunkirchen,12273,25.924962,60983638.8725586,47030.8000287666
5780,66583,66583 Spiesen-Elversberg,13507,11.430562,26877561.3310547,25604.9663181287
5781,66538,66538 Neunkirchen,20341,13.832806,32562408.6401367,25124.8887978749
5782,66564,66564 Ottweiler,14960,45.40055,107181464.681152,69058.866215717
5783,66578,66578 Schiffweiler,15999,21.397068,50422386.3867188,37277.0162162537
5784,26129,"26129 Oldenburg (Oldenburg)
(Bloherfelde, Wechloy und Haarentor)",16077,8.451673,23472427.9433594,32770.3044036742
5785,56564,56564 Neuwied,22085,8.790346,21649047.9052734,22749.5952097029
5786,26131,26131 Oldenburg (Oldenburg),20156,13.476227,37377653.2709961,31978.8378775913
5787,26135,26135 Oldenburg (Oldenburg),21141,23.004423,63815130.7353516,40017.7583848702
5788,37699,37699 Fürstenberg,1149,3.455425,8999239.85253906,23469.4155740271
5789,37697,37697 Lauenförde,2507,16.364797,42510942.6225586,40266.5998563489
5790,37603,37603 Holzminden,20236,102.698072,268207391.342285,100122.782778148
5791,37691,"37691 Boffzen, Derental",3532,41.645283,108480842.077148,75161.2395817903
5792,37642,37642 Holenberg,443,7.456343,19578525.5961914,21497.2652717874
5793,37635,37635 Lüerdissen,448,6.957089,18302691.5830078,33024.9635428321
5794,37620,37620 Halle,1619,28.828368,76009054.0727539,44612.0420731914
5795,26133,26133 Oldenburg (Oldenburg),23512,10.949424,30343455.8144531,24395.5056961319
5796,66359,66359 Bous,7099,7.61248,17871781.4980469,25196.8459009057
5797,66663,66663 Merzig,29754,109.036729,257704097.591797,88557.0604025317
5798,66701,66701 Beckingen,15368,51.688176,122049874.060059,64167.5119813912
5799,66679,66679 Losheim,15926,96.739013,229226024.07959,86981.0636187527
5800,27753,27753 Delmenhorst,23631,9.359224,25878834.7416992,29763.5389378903
5801,27755,27755 Delmenhorst,16876,18.93833,52279708.3525391,52509.2143306105
5802,27751,27751 Delmenhorst,20342,30.585331,84620930.4707031,53015.0479226953
5803,68647,68647 Biblis,8859,40.434353,96575371.7587891,53246.909194192
5804,68804,68804 Altlußheim,5340,16.149085,37965198.2539063,45095.4400311013
5805,68549,68549 Ilvesheim,8476,5.888073,13943882.7167969,19740.3585413468
5806,68169,68169 Mannheim,25697,11.677025,27695878.2211914,30096.5572533708
5807,68789,68789 Sankt Leon-Rot,12633,25.525187,59926848.9863281,38860.6188959868
5808,68526,68526 Ladenburg,11317,18.986156,44960633.5356445,31511.2731106378
5809,31134,31134 Hildesheim,16736,3.857665,10234454.2504883,19086.4051242173
5810,68163,68163 Mannheim Lindenhof Neuostheim und Neuhermsheim,22041,10.066166,23829270.7250977,32241.3845059968
5811,68766,68766 Hockenheim,20773,34.998637,82379794.5839844,49908.9830929975
5812,31079,31079 Sibbesse,6205,71.78836,189524528.968262,91312.4039284124
5813,68307,68307 Mannheim,24967,28.770413,68363352.5786133,39241.7723549709
5814,68649,68649 Groß-Rohrheim,3717,19.540708,46723210.2597656,36183.2658087555
5815,68239,68239 Mannheim,15027,8.903331,21068003.8876953,24693.2521769257
5816,31627,31627 Rohrsen,1053,5.21941,14209515.1782227,26164.5945357512
5817,68809,68809 Neulußheim,6540,3.229625,7591567.74902344,16204.0252092787
5818,68623,68623 Lampertheim,31083,72.211138,171972893.470703,91445.6011804672
5819,68199,68199 Mannheim,25912,10.531719,24915459.8491211,25278.79266016
5820,68794,68794 Oberhausen-Rheinhausen,9487,18.94122,44473808.6616211,33482.2172254911
5821,31621,31621 Pennigsehl,1330,24.200937,65645907.4853516,52533.6957169933
5822,68535,68535 Edingen-Neckarhausen,13678,11.498352,27197345.8359375,28546.2390212813
5823,68775,68775 Ketsch,12604,16.414639,38700803.3999023,38127.9726807888
5824,68259,68259 Mannheim,21672,13.69482,32457360.8583984,31927.4133725334
5825,68642,68642 Bürstadt,15207,34.434859,82093504.3652344,43981.5312538701
5826,68219,68219 Mannheim,22843,16.054539,37947264.2792969,35363.5985816771
5827,68799,68799 Reilingen,7174,16.342385,38419748.6030273,41393.4634640446
5828,31693,31693 Hespe,2126,6.48267,17341491.2158203,20882.4059639214
5829,68542,68542 Heddesheim,11124,13.631696,32331205.0410156,30230.746658165
5830,68167,68167 Mannheim,22711,4.387718,10398378.7666016,15562.1892051546
5831,68782,68782 Brühl,13776,13.275366,31333528.3618164,33799.3515047399
5832,31700,31700 Heuerßen,979,4.123055,11033693.2558594,18272.3223161893
5833,68519,68519 Viernheim,32608,49.313193,117160902.447754,45193.9091117329
5834,31699,31699 Beckedorf,1489,9.856647,26384779.1210938,29269.7824883564
5835,68161,68161 Mannheim,12215,1.39886,3313795.07763672,13329.4952008332
5836,31688,31688 Nienstädt,4701,8.509898,22729345.6132813,25916.5633119061
5837,68753,68753 Waghäusel,20043,42.849801,100465870.669434,50938.099384436
5838,31867,"31867 Pohle, Lauenau, Messenkamp, Hülsede etc",6860,46.661782,124436294.437988,63563.5397914976
5839,65624,65624 Altendiez,2222,9.170183,22528809.503418,25263.465570469
5840,31717,31717 Nordsehl,777,5.904068,15815826.8481445,21265.4071130677
5841,65623,65623 Hahnstätten u.a.,4026,20.276838,49663307.6030273,47289.3859812065
5842,65629,65629 Niederneisen,1460,7.966132,19541648.190918,24691.772736055
5843,65520,65520 Bad Camberg,13931,54.576792,133712039.911621,60267.0968199543
5844,65385,65385 Rüdesheim am Rhein,9795,51.402721,124444561.678223,78000.5122083135
5845,31698,31698 Lindhorst,4474,7.554833,20239573.2895508,28930.9876706908
5846,65345,65345 Eltville am Rhein,1669,4.592964,11141940.1240234,25260.6844333391
5847,65510,"65510 Hünstetten, Idstein",33283,130.262246,318201083.949707,129353.250573522
5848,65321,65321 Heidenrod,7856,95.863244,233555262,85830.5791806035
5849,65396,65396 Walluf,5550,6.740049,16336828.659668,22561.7771341218
5850,65366,65366 Geisenheim,11507,40.285338,97584301.6044922,63444.7972457897
5851,65343,65343 Eltville am Rhein,8494,14.450318,35031929.0673828,44949.8292760646
5852,65346,65346 Eltville am Rhein,3288,12.832409,31094159.065918,45660.0323689711
5853,65527,65527 Niedernhausen,14408,35.267849,85924459.5795898,59893.6333276937
5854,65344,65344 Eltville am Rhein,1287,4.610365,11180713.3056641,17239.2875008416
5855,65391,65391 Lorch,3994,57.970085,140669954.143066,96138.5198031307
5856,65347,65347 Eltville am Rhein,1954,10.244021,24821796.4443359,39999.9717129925
5857,65529,65529 Waldems,5193,36.651879,89631880.328125,51379.2140543729
5858,65329,65329 Hohenstein,6036,63.913649,155882144.188477,82458.7252252099
5859,27321,"27321 Thedinghausen, Emtinghausen",9348,86.988855,239379961.600098,95648.3577380994
5860,65779,65779 Kelkheim,27660,30.710644,74765513.1401367,61428.7286988796
5861,65830,65830 Kriftel,10580,6.749395,16383242.0595703,20906.5418510483
5862,65760,65760 Eschborn,20348,12.123839,29515859.1289063,30387.2941567089
5863,65719,65719 Hofheim am Taunus,37894,57.387993,139384826.460938,80831.2176654108
5864,65239,65239 Hochheim am Main,16887,19.333516,46819684.1899414,42219.4395838599
5865,65929,65929 Frankfurt am Main,28053,13.420284,32603060.3847656,34827.1659879695
5866,65817,65817 Eppstein,13171,24.174282,58862158.9682617,76188.8639121744
5867,65835,65835 Liederbach am Taunus,8688,6.22829,15143701.3530273,22058.8668911268
5868,65439,65439 Flörsheim am Main,19936,23.089885,55926783.5839844,37551.5228046383
5869,65931,65931 Frankfurt am Main,20597,9.36758,22748137.331543,31612.3444260827
5870,65824,65824 Schwalbach am Taunus,14701,6.46554,15740705.1464844,25235.9646382261
5871,65843,65843 Sulzbach (Taunus),8304,7.829172,19044594.5947266,25207.2306318503
5872,65812,65812 Bad Soden am Taunus,21210,12.489007,30406580.0146484,32366.487854602
5873,56766,56766 Ulmen,4329,43.589638,106325117.537598,68256.169291426
5874,56743,56743 Mendig,10179,31.826141,78163128.7539063,55693.1342668899
5875,56754,56754 Binningen,2440,30.309043,73977810.9077148,51934.1330442134
5876,56769,56769 Retterath,834,20.00361,48943829.7275391,44881.7338288502
5877,56746,56746 Kempenich,3028,30.539495,75170597.3959961,51179.3810800392
5878,56761,56761 Düngenheim,6697,56.432898,137860331.03418,109405.877320511
5879,56729,56729 Ettringen,12306,150.057312,367883908.195801,180166.549477834
5880,56753,"56753 Mertloch, Welling u.a.",3846,33.949814,83077723.7988281,78438.7646244168
5881,56767,56767 Uersfeld,2212,35.656326,87142411.609375,63445.7987984215
5882,56745,56745 Bell,5150,35.760995,87927802.6152344,55453.2886989
5883,56759,56759 Kaisersesch,4608,25.140117,61401618.0986328,85445.6756227427
5884,56727,56727 Mayen,19936,66.517283,163068327.745117,85689.124701713
5885,56751,56751 Polch,7680,39.762057,97353667.2270508,70021.362104587
5886,65479,65479 Raunheim,14548,12.536453,30347971.8681641,33917.5360645872
5887,65451,65451 Kelsterbach,13315,15.393447,37318146.8300781,35377.0346049662
5888,65462,65462 Ginsheim-Gustavsburg,15627,13.821356,33403806.0986328,40308.089635079
5889,65474,65474 Bischofsheim,12631,8.967947,21682441.5673828,26067.9568957233
5890,65428,65428 Rüsselsheim,58782,58.331007,141021151.966797,87712.3186163299
5891,65468,65468 Trebur,13107,50.087953,120727303.173828,55977.4565569504
5892,97252,97252 Frickenhausen,1287,10.432442,24905619.7758789,35103.8711467479
5893,97199,97199 Ochsenfurt,11067,63.565948,151644490.640625,120415.557981884
5894,97291,97291 Thüngershem,2593,11.039587,26571036.3334961,28785.7958062395
5895,21785,21785 Neuhaus (Oste),2074,35.551338,101825262.59082,43654.0300175596
5896,21769,21769 Lamstedt,4854,113.083768,320915981.171875,100715.878012998
5897,97647,97647 Nordheim v.d. Rhön,3373,71.608666,176801555.23584,122900.312757687
5898,97616,97616 Bad Neustadt an der Saale,17486,45.460701,111473209.859375,69123.2216217848
5899,97659,97659 Schönau a.d. Brend,1283,29.746546,73063495.4804688,55437.5350360481
5900,97654,97654 Bastheim,2161,41.603525,102307533.643066,67074.2533452988
5901,97653,97653 Bischofsheim i.d. Rhön,4878,64.325605,158222405.529297,75244.085643619
5902,97638,97638 Mellrichstadt,5667,55.718732,137234357.202148,106870.003507164
5903,97618,97618 Hohenroth,13591,136.703795,335276813.193848,191632.568639564
5904,97656,97656 Oberelsbach,2793,67.643804,166653274.525391,75325.7463053397
5905,97645,97645 Ostheim v.d. Rhön,3430,40.876861,100777250.70459,88045.1049830531
5906,97633,97633 Sulzfeld,9067,160.775202,393954970.383789,208354.531543142
5907,97657,97657 Sandberg,2606,44.008737,107969418.76709,69346.6967006567
5908,97640,97640 Oberstreu,3703,67.926897,167166585.429688,131606.806822489
5909,97724,97724 Burglauer,1658,13.884106,33973668.8212891,40390.5534208497
5910,97650,97650 Fladungen,2214,50.439081,124738053.979004,85102.4535017784
5911,21775,21775 Ihlienworth,3108,89.769953,255864125.542969,75124.9099509708
5912,97528,97528 Sulzdorf a.d. Lederhecke,1126,36.297567,88686848.4135742,52559.8704117504
5913,97631,97631 Bad Königshofen i. Grabfeld,5944,90.067107,220315405.709961,116641.56896884
5914,97531,97531 Theres,2701,30.711448,74372956.7797852,52552.4382848222
5915,97461,97461 Hofheim i. UFr.,5124,56.282636,136913352.956543,77870.5878917741
5916,97491,97491 Aidhausen,1802,37.267482,90735048.7319336,54365.7585408845
5917,97519,97519 Riedbach,1750,31.762424,77158535.5385742,52269.674916814
5918,97437,97437 Haßfurt,13047,52.620554,127518529.277832,69839.1030367859
5919,97522,97522 Sand a. Main,3095,12.297488,29716608.4311523,29664.6593189157
5920,21762,21762 Otterndorf,7660,43.772614,125352174.798828,67541.7766916119
5921,21763,21763 Neuenkirchen,1405,19.634944,56149679.0253906,36132.2049691144
5922,97842,97842 Karbach,1420,24.076791,57923248.6220703,38316.224564482
5923,97834,97834 Birkenfeld,2143,29.141618,70100919.0498047,38956.269792212
5924,97896,"97896 Freudenberg, Collenberg",4236,46.733989,111883756.044922,84797.1031127716
5925,97282,97282 Retzstadt,1587,18.111011,43649654.8735352,33314.8527254531
5926,97857,97857 Urspringen,1376,17.915472,43172626.3076172,31376.6737534761
5927,97788,97788 Neuendorf,869,9.679137,23451056.8173828,24223.7663150327
5928,97843,97843 Neuhütten,1206,27.142001,65608226.9790039,55656.3204321245
5929,97836,97836 Bischbrunn,1855,61.474629,148048773.307617,77865.7537947862
5930,97852,97852 Schollbrunn,922,12.228909,29382041.3100586,31927.0905534543
5931,97782,97782 Gräfendorf,1434,45.254347,110027519.346191,69309.8384047522
5932,97851,97851 Rothenfels,1005,11.645069,28065541.012207,32304.1851744755
5933,97267,97267 Himmelstadt,1632,13.373799,32252703.4355469,28836.9182716154
5934,97848,97848 Rechtenbach,1030,7.367353,17813501.8637695,24142.5875668271
5935,97901,97901 Altenbuch,1295,37.652363,90499007.5976563,63083.2938317618
5936,97773,97773 Aura i. Sinngrund,1030,43.578896,106288251.830078,57402.1892303493
5937,97828,97828 Marktheidenfeld,10823,35.668132,85729166.8007813,86194.063727697
5938,97909,97909 Stadtprozelten,1560,10.845187,26025743.2348633,29485.3980810225
5939,97776,97776 Eußenheim,3222,56.761645,137365097.308105,70643.576404843
5940,97289,97289 Thüngen,1359,13.552188,32702051.5063477,29634.2693524864
5941,97839,97839 Esselbach,1971,11.982992,28824197.3720703,41359.5597908697
5942,97855,97855 Triefenstein,4275,25.450879,61070155.9296875,48926.4807347722
5943,97785,97785 Mittelsinn,858,20.90146,50970442.4018555,40143.0729284311
5944,97334,97334 Sommerach,2359,10.942702,26298255.9750977,31182.8394489735
5945,97348,97348 Rödelsee,4523,44.397553,106012184.773926,126350.375347527
5946,97350,97350 Mainbernheim,2277,12.145615,29025339.0844727,32079.815067216
5947,97320,97320 Albertshofen,8122,39.187172,93831356.9155273,87991.7139738687
5948,31655,31655 Stadthagen,21640,59.481971,158970052.540039,81536.7527234112
5949,97497,97497 Dingolshausen,1290,10.213684,24613827.5732422,27343.2708941345
5950,97421,97421 Schweinfurt,16361,2.742319,6646233.91601563,15173.1269314421
5951,97537,97537 Wipfeld,1096,5.236555,12626005.0932617,22705.8083500408
5952,97509,97509 Kolitzheim,5409,59.106759,142562932.597168,81512.9642563566
5953,97520,97520 Röthlein,4590,19.073005,46067881.9697266,47807.8992780811
5954,97488,97488 Stadtlauringen,4159,63.478604,154724653.962402,69605.4794671241
5955,97532,97532 Üchtelhausen,3892,62.120051,151023471.981934,94106.8485102869
5956,97502,97502 Euerbach,3002,17.414082,42245145.621582,40481.8069369107
5957,97505,97505 Geldersheim,2476,15.29117,37054724.7397461,38197.2627717701
5958,97424,97424 Schweinfurt,14999,20.943843,50736020.7612305,52225.9817809811
5959,97513,"97513 Michelau i. Steigerwald, Hundelshausen",1143,36.18445,87215218.8305664,74565.2410593194
5960,97456,97456 Dittelbrunn,7104,23.872124,58014646.7875977,48434.2892393758
5961,97525,97525 Schwebheim,3898,8.12141,19637464.0649414,24512.2771152484
5962,97493,97493 Bergrheinfeld,5110,19.864336,48052264.2573242,44434.9036587234
5963,97535,97535 Wasserlosen,3436,51.279214,124399537.222656,60268.2345602297
5964,97523,97523 Schwanfeld,1894,11.921437,28743882.8989258,31674.3810654253
5965,97490,97490 Poppenhausen,4194,38.940778,94600675.3227539,72789.1331314577
5966,97534,97534 Waigolshausen,2857,23.742938,57330012.8129883,40496.922972197
5967,97506,97506 Grafenrheinfeld,3408,11.301888,27332172.3608398,35041.7621261418
5968,97440,97440 Werneck,10304,73.642375,178075335.856445,90774.7635924414
5969,97516,97516 Oberschwarzach,1405,30.44878,73217878.1459961,53917.8345154443
5970,97464,97464 Niederwerrn,7954,9.891694,23996602.5620117,26092.2240508395
5971,97526,97526 Sennfeld,4054,6.91361,16750813.762207,21346.8583877764
5972,97711,97711 Maßbach,5713,74.775513,182349285.332031,103005.041526603
5973,97725,97725 Elfershausen,2924,34.872958,84816172.4975586,52714.6187822238
5974,97772,97772 Wildflecken,3119,104.320606,256247341.062988,119561.029485498
5975,97702,97702 Münnerstadt,7953,93.056107,227471632.171875,126914.137146007
5976,97792,97792 Riedenberg,1002,13.224929,32424922.0063477,43042.2351565186
5977,97797,97797 Wartmannsroth,2177,81.643893,198991307.648438,80080.4939926965
5978,97729,97729 Ramsthal,1161,10.394779,25280693.8256836,25068.1070050099
5979,97786,97786 Motten,1761,23.743923,58377184.5864258,53418.4292280308
5980,97708,97708 Bad Bocklet,4486,37.846133,92598899.652832,70786.0270776179
5981,97517,97517 Rannungen,1175,17.43903,42482155.2426758,32309.0438255781
5982,97723,97723 Oberthulba,5063,60.797043,148292687.493652,79936.7619918608
5983,97769,97769 Bad Brückenau,6505,27.335535,66981561.0200195,66587.5525625075
5984,97688,97688 Bad Kissingen,21005,69.853077,170407690.958008,92848.1339600981
5985,97791,97791 Obersinn,995,20.075863,49004905.1293945,40830.0820470364
5986,99189,99189 Gebesee,9423,93.471676,236621954.881348,99863.4284200603
5987,21717,21717 Fredenbeck,7908,75.7596,214127784.05957,76261.8033497095
5988,21726,21726 Oldendorf,5138,60.94874,172669716.557129,94119.3500234203
5989,21709,21709 Himmelpforten,6932,44.623125,126646421.664551,78569.9690372068
5990,21279,"21279 Hollenstedt, Drestedt u.a.",7311,64.610965,181232315.528809,93659.5545623381
5991,21698,21698 Harsefeld,15013,103.181522,290621014.516602,119636.197755863
5992,56653,56653 Wehr,2840,27.55119,67815794.9125977,54936.3525197077
5993,56651,56651 Niederzissen,5760,34.134686,84123754.1069336,51131.0835552275
5994,56579,56579 Rengsdorf,4398,15.485998,38271714.902832,38560.3409128187
5995,56584,56584 Anhausen,3373,22.377101,55280079.3476563,39419.2434978018
5996,56593,56593 Horhausen (Westerwald),4746,17.753864,44018852.5292969,31434.743797519
5997,56581,56581 Melsbach,4233,14.181497,35048354.4443359,48325.5120603405
5998,56567,56567 Neuwied,20565,37.547668,92621800.0498047,87839.9884171422
5999,56589,56589 Niederbreitbach,1808,16.422994,40588632.2368164,46416.0470561635
6000,56566,56566 Neuwied,21570,40.747003,100429374.413574,50396.4508899777
6001,56598,56598 Rheinbrohl,4250,24.423615,60318622.1269531,36590.8442481042
6002,56587,56587 Straßenhaus,3519,18.51688,45822167.6987305,37845.5838364726
6003,31712,31712 Niederwöhren,2027,11.075735,29672237.3369141,30991.6576481629
6004,27474,27474 Cuxhaven,14522,7.087671,20349783.0209961,20870.5622092529
6005,27472,27472 Cuxhaven,12244,10.038294,28815586.6171875,48273.0441734544
6006,24782,"24782 Büdelsdorf, Rickert",11105,11.172611,32806403.1132813,32557.9352555776
6007,27476,27476 Cuxhaven,10106,44.643605,128122399.243164,60531.5940841244
6008,27478,27478 Cuxhaven,12310,98.721139,282738958.758301,98385.1374053332
6009,27404,"27404 Zeven, Elsdorf",25698,325.050557,908539546.825684,182232.855034932
6010,27432,27432 Bremervörde,25398,291.434759,822436585.708496,207831.997897645
6011,27446,27446 Selsingen,6649,154.862613,435095715.274902,135880.921692211
6012,27624,"27624 Geestland
Alfstedt
Ankelohe
Bad Bederkesa
Drangstedt
Elmlohe
Fickmühlen
Flögeln
Großenhain
Hainmühlen
Köhlen
Kührstedt
Lintig
Meckelstedt
Ringstedt",12324,234.605263,665356078.160645,137007.625616366
6013,31303,31303 Burgdorf,28874,113.055651,304349508.766113,101513.379502901
6014,31311,31311 Uetze,19978,139.99916,376692735.467773,125510.695299781
6015,31275,31275 Lehrte,42686,129.868527,348209746.999512,135463.066653814
6016,31319,31319 Sehnde,23036,101.396759,271115494.760742,101086.386629099
6017,31139,31139 Hildesheim,21865,36.302426,96239278.65625,55741.3340966924
6018,31191,31191 Algermissen,8019,35.711567,95242197.0219727,57205.4704774982
6019,31188,31188 Holle,7233,60.931482,161213566.945801,85569.8721510484
6020,31089,31089 Duingen,5298,59.769195,157595486.859863,83735.8054679082
6021,31180,31180 Giesen,9764,33.904322,90162558.840332,61015.2459016506
6022,31061,31061 Alfeld (Leine),19474,73.045793,192418035.144531,91042.7459065319
6023,31199,31199 Diekholzen,6731,30.328578,80270316.3144531,47796.8236012396
6024,31157,31157 Sarstedt,18193,43.090465,114806484.472168,70052.0922493861
6025,31137,"31137 Hildesheim (Nordstadt, Himmelsthür, Bockfeld)",23243,14.2001,37711014.3369141,37500.9200065945
6026,31073,"31073 Grünenplan, Delligsen",8165,74.520571,195841776.509766,77559.1643374029
6027,31177,31177 Harsum,11687,49.958574,132918637.094238,62136.6094477231
6028,31028,31028 Gronau (Leine),11163,88.326624,233644068.980469,87171.6100094401
6029,31036,31036 Eime,2719,21.930203,57973010.7792969,67482.7994086433
6030,24809,24809 Nübbel,1574,14.53532,42555227.0268555,28162.806108451
6031,31167,31167 Bockenem,10162,110.470304,291264721.182129,93799.6768136063
6032,31141,31141 Hildesheim,19565,13.628234,36126980.7670898,39249.1645068704
6033,31162,31162 Bad Salzdetfurth,13382,66.803899,176647995.25293,72411.3075943228
6034,31008,31008 Elze,9010,47.936653,127028506.990723,81294.4441998633
6035,31174,31174 Schellerten,8259,80.120599,212784655.248047,98932.747993075
6036,31135,"31135 Hildesheim (Oststadt, Achtum, Bavenstedt, Drispenstedt, Einum, Uppen)",18193,24.188465,64223143.1777344,52594.4857503672
6037,31171,31171 Nordstemmen,12269,60.005519,159345614.889648,99744.9015159243
6038,31185,31185 Söhlde,7986,57.688324,153318060.84668,83627.1628212638
6039,31868,31868 Ottenstein,1195,32.813732,86305426.2631836,46864.03013621
6040,31789,31789 Hameln,21084,40.020348,105928662.57373,88920.6444239156
6041,31863,31863 Coppenbrügge,7421,90.695188,240216768.156738,97778.3017501882
6042,31020,31020 Salzhemmendorf,9697,94.505905,249863017.899902,115190.481041649
6043,31860,31860 Emmerthal,10220,116.12501,306446931.615723,105956.998491528
6044,31812,31812 Bad Pyrmont,19120,61.876028,162901325.282227,86479.3638413352
6045,31855,31855 Aerzen,10971,105.188703,277983654.945801,104840.264409632
6046,31848,31848 Bad Münder am Deister,17696,107.846317,286864387.246582,108481.085744814
6047,31515,31515 Wunstorf,40666,125.620632,337694214.143555,132417.982491589
6048,31609,31609 Balge,1878,33.23862,90451305.2241211,59154.8120816375
6049,31626,31626 Haßbergen,1611,15.850561,43200259.668457,38332.780351966
6050,31619,31619 Binnen,1000,21.745218,58982315.640625,47825.3617847806
6051,31608,31608 Marklohe,4472,32.889225,89321253.3105469,57856.5205675243
6052,31592,31592 Stolzenau,7510,64.935582,175165475.905273,88711.4933114608
6053,27333,"27333 Schweringen, Warpe, Bücken",3884,67.20542,183357243.542969,83457.2606829187
6054,31547,31547 Rehburg-Loccum,10192,99.322841,267355973.59082,95297.3334517607
6055,31595,31595 Steyerberg,5371,101.853125,275670861.325195,116613.947120708
6056,31634,31634 Steimbke,2540,63.297598,172010230.574219,90536.8355593283
6057,24646,24646 Warder,619,8.572607,25035569.9511719,23471.2125374978
6058,31636,31636 Linsburg,921,22.881104,61923719.6577148,41099.9844176833
6059,31582,31582 Nienburg/Weser,30902,65.400344,177424488.380371,80214.3037870943
6060,31613,31613 Wietzen,2240,40.500564,110175370.657715,69901.0258465305
6061,31600,31600 Uchte,5435,90.235091,243468412.888184,95725.9004430075
6062,31633,31633 Leese,1653,29.720264,80142939.8256836,41091.6333213819
6063,31603,31603 Diepenau,4108,70.229165,188945147.521973,76985.9030123936
6064,31628,31628 Landesbergen,2782,41.942253,113331828.052246,67924.2123056843
6065,31623,31623 Drakenburg,1746,11.45913,31160713.3710938,38855.4329735065
6066,31629,31629 Estorf,1702,20.456914,55372668.7705078,41246.4895888022
6067,27324,"27324 Eystrup, Hassel u.a.",6346,59.307279,161951061.775391,81515.0418569628
6068,31637,31637 Rodewald,2561,59.957953,162945954.819824,68944.677398301
6069,24813,24813 Schülp bei Rendsburg,1022,7.505982,21958785.4472656,26095.3725689868
6070,24797,24797 Breiholz u.a.,1576,36.201926,105688092.805664,76831.5207623875
6071,24241,24241 Blumenthal,1947,34.55442,100954020.883301,88219.545026314
6072,31618,31618 Liebenau,3634,26.038365,70542410.4624023,71095.252783636
6073,24784,24784 Westerrönfeld,4925,6.155134,18026911.1313477,20349.203445329
6074,31638,31638 Stöckse,1347,38.738474,105060621.181641,56037.5479625629
6075,31604,31604 Raddestorf,2000,41.823143,112499474.202637,70868.9023022445
6076,24647,24647 Wasbek,2879,38.233277,110888097.29834,53405.7768861528
6077,24594,24594 Hohenwestedt,8166,99.229593,288184086.080566,110473.38063698
6078,31632,31632 Husum,2356,38.930218,105293220.228027,55384.2439265745
6079,24634,24634 Padenstedt,1813,26.613095,77040673.4760742,46638.4696817355
6080,31606,31606 Warmsen,3480,81.786494,219883128.994141,83554.7134345
6081,31622,31622 Heemsen,1774,44.688972,121660862.912109,73545.6131113451
6082,24640,24640 Schmalfeld,2586,37.831101,108796191.355469,50320.9034434472
6083,31226,31226 Peine,14070,56.368749,150598789.731445,83482.5126947002
6084,31241,31241 Ilsede,11523,28.994684,77360293.1982422,54411.0159204706
6085,31228,31228 Peine,16574,34.790948,93150330.2548828,60319.8945971035
6086,31224,31224 Peine,17975,28.373083,75865113.0048828,51209.7236638553
6087,31234,31234 Edemissen,12374,103.789481,278463695.20166,108724.38065876
6088,24649,24649 Wiemersdorf,1983,23.612148,68112724.3149414,39508.4392220706
6089,24238,24238 Selent,3204,64.743291,189574307.849121,73250.7709863214
6090,31249,31249 Hohenhameln,9059,69.475292,185333989.442871,81012.724428871
6091,27616,27616 Beverstedt,13814,198.04577,557541587.17334,138617.226313269
6092,31675,31675 Bückeburg,19331,69.546567,185740834.441406,79942.2602692223
6093,82393,82393 Iffeldorf,2489,27.509671,60902444.6796875,45665.2029587729
6094,82402,82402 Seeshaupt,3008,34.757808,77065450.9858398,59471.2170272491
6095,82386,82386 Huglfing,4607,39.270246,86872803.5126953,58216.4459756989
6096,82383,82383 Hohenpeißenberg,3780,20.439047,45283703.5771484,47024.1313041013
6097,82436,82436 Eglfing,960,16.19007,35779207.5004883,48632.8677400564
6098,82399,82399 Raisting,2185,21.897874,48704275.9213867,39192.3615840639
6099,82409,82409 Wildsteig,1260,47.6142,104958298.038574,72726.2791195732
6100,82392,82392 Habach,1085,12.162769,26866396.8125,31409.0893009947
6101,82401,82401 Rottenbuch,1760,31.622164,69864060.6318359,75071.8553311671
6102,82390,82390 Eberfing,1336,25.981186,57523293.1298828,45483.0196760515
6103,82380,82380 Peißenberg,12465,40.417571,89514388.6879883,67050.6985250044
6104,31749,31749 Auetal,6523,61.304339,163340009.391113,76164.5387800487
6105,82398,82398 Polling,3252,28.449007,63049890.309082,61936.4450647383
6106,31708,31708 Ahnsen,1182,3.448275,9195037.48535156,17754.6221590024
6107,31710,31710 Buchholz,750,1.52384,4057715.54199219,11917.0485705122
6108,82377,82377 Penzberg,16011,25.702411,56843068.4384766,50895.7646903784
6109,82407,82407 Wielenbach,3069,32.298801,71742257.5361328,69104.1063914847
6110,82396,82396 Pähl,2261,34.632495,77077432.7255859,61114.2011178759
6111,82405,82405 Wessobrunn,2129,51.006778,113271081.195801,71356.9678698485
6112,82389,82389 Böbing,1663,33.383177,73807477.0273438,48059.4942223216
6113,82387,82387 Antdorf,1188,22.348041,49418914.9960938,47732.6965735015
6114,82362,82362 Weilheim i. OB,21179,56.148079,124591202.638672,83788.7813527701
6115,31707,"31707 Heeßen, Bad Eilsen",3723,4.554034,12132783.6035156,23898.756326533
6116,31737,31737 Rinteln,25879,110.351328,293180634.283203,148527.929810712
6117,90475,90475 Nürnberg,15149,64.223363,151689009.562012,87024.3985140502
6118,31555,31555 Suthfeld,1483,5.024718,13461547.4277344,26418.2151666611
6119,99846,99846 Seebach,2112,3.591651,9027608.0703125,13870.9573072978
6120,31559,"31559 Haste, Hohnhorst",4821,23.214515,62235559.1713867,50410.1954789826
6121,31719,31719 Wiedensahl,1064,11.54084,30959461.8110352,26811.0000084245
6122,99869,99869 Drei Gleichen,24234,280.891507,707368527.321777,221941.523217741
6123,99887,99887 Georgenthal/ Thür. Wald,8395,78.164295,195881747.458496,115224.644035641
6124,31552,"31552 Apelern, Rodenberg",8877,39.776432,106278738.072754,71132.2698416571
6125,31714,31714 Lauenhagen,1384,9.838972,26364355.7807617,24682.1182527102
6126,31718,31718 Pollhagen,1187,12.812781,34367917.4472656,30333.7542615277
6127,31691,"31691 Helpsen, Seggebruch",3547,15.275057,40819891.4755859,40597.9351892737
6128,99087,99087 Erfurt,7618,5.567555,14057211.7944336,17189.3539085791
6129,31702,31702 Lüdersfeld,1044,12.883154,34505752.6279297,33973.877293222
6130,31715,31715 Meerbeck,1963,13.08064,35021965.3364258,45003.17235698
6131,31558,31558 Hagenburg,4527,15.973902,42926412.7709961,49842.5284586122
6132,99091,99091 Erfurt,15606,7.531005,19011040.012207,24469.2414262172
6133,31556,31556 Wölpinghausen,1654,18.406799,49441441.9106445,45624.5034903379
6134,56479,56479 Oberrod u.a.,11978,105.18792,261104267.126953,147072.241427578
6135,73340,73340 Amstetten,3891,49.892978,114014267.087402,85344.3631748523
6136,31542,31542 Bad Nenndorf,10102,23.265525,62273495.3442383,81283.2051610827
6137,91352,91352 Hallerndorf,3972,41.351052,98980843.6665039,69664.2390242548
6138,91257,91257 Pegnitz,13525,155.655256,372285584.780273,173318.478706877
6139,91327,91327 Gößweinstein,4071,57.764847,138294613.535645,95599.2784890772
6140,31553,"31553 Auhagen, Sachsenhagen",3288,27.773488,74520814.8496094,48592.6456358389
6141,91346,91346 Wiesenttal,2534,45.826427,109974213.667969,74777.5600828404
6142,31683,31683 Obernkirchen,9421,31.948394,85215736.5063477,68602.3816047325
6143,99837,99837 Berka/ Werra,6749,78.441769,197270689.92627,111019.687129078
6144,99830,99830 Treffurt/Ifta,6550,72.879567,184740275.797363,117780.281999747
6145,99817,99817 Eisenach,41780,103.956915,262163773.50293,110000.794352586
6146,99834,99834 Gerstungen,9673,150.376598,378497357.213379,171371.182110967
6147,91358,91358 Kunreuth,1370,9.868194,23542199.9741211,26099.1822737089
6148,91224,91224 Pommelsbrunn,5176,50.04982,118560589.123047,86542.6642766621
6149,91230,91230 Happurg,3682,42.622404,100805621.643555,73218.4627154467
6150,90599,90599 Dietenhofen,5512,63.890881,150779279.390137,87872.4535383699
6151,90619,90619 Trautskirchen,1321,19.822048,46898945.8754883,54162.4769583047
6152,90616,90616 Neuhof a.d.Zenn,2089,30.840228,72924209.7036133,59691.7082416896
6153,99826,99826 Mihla u.a.,3283,55.345771,140114170.39502,106096.230046985
6154,91468,91468 Gutenstetten,1292,21.30126,50730964.6826172,41474.1039283329
6155,91456,91456 Diespeck,3586,21.044865,50066474.6967773,58522.8974319893
6156,91484,91484 Sugenheim,2307,62.31427,148314099.143555,81295.9037653697
6157,91465,91465 Ergersheim,1110,30.034822,71228880.5029297,52560.1521438431
6158,91448,91448 Emskirchen,5968,64.952861,154214881.374512,113667.686492975
6159,91469,91469 Hagenbüchach,1229,11.503886,27288685.965332,35039.3338739682
6160,91619,91619 Obernzenn,2639,39.647123,93759063.5698242,73178.3881702484
6161,91480,91480 Markt Taschendorf,1024,27.57385,65846068.0581055,54451.0512346503
6162,91466,91466 Gerhardshofen,2492,27.197128,64747576.9291992,49620.4196232991
6163,91413,91413 Neustadt a.d.Aisch,12323,61.308427,145708307.160645,87962.8825201001
6164,91477,91477 Markt Bibart,1854,30.00191,71567601.5332031,63119.6839693131
6165,91481,91481 Münchsteinach,1388,29.429125,70181348.5317383,59214.5456402084
6166,91462,91462 Dachsbach,1706,20.612029,49126603.4155273,48080.5659072883
6167,91438,91438 Bad Windsheim,11967,81.951625,194347884.339844,97384.8934340495
6168,91478,91478 Markt Nordheim,1130,39.232123,93237667.4399414,64992.7092251052
6169,99848,99848 Wutha-Farnroda,6348,36.805956,92622730.590332,60044.3017993466
6170,91593,91593 Burgbernheim,2956,41.86871,99077241.6533203,70563.2379128375
6171,91463,91463 Dietersheim,2166,31.141537,73934494.2724609,59985.7896475526
6172,91459,91459 Markt Erlbach,5472,60.828551,144138875.673828,110501.062888004
6173,91613,91613 Marktbergel,1543,24.197074,57206702.3046875,41915.2216864767
6174,99842,99842 Ruhla,5994,37.287662,93651595.9174805,52477.9330441479
6175,91452,91452 Wilhermsdorf,4929,26.716891,63212215.0332031,54863.7761759701
6176,91483,91483 Oberscheinfeld,1221,42.266189,101044454.205078,65803.0351160607
6177,91486,91486 Uehlfeld,2895,31.1641,74348444.6865234,60571.2424424736
6178,91443,91443 Scheinfeld,4591,45.120143,107671897.791504,68472.833502539
6179,99831,99831 Creuzburg,5004,69.320937,175416022.586914,97065.8292108959
6180,91560,91560 Heilsbronn,9051,62.175223,146404810.915527,80630.6349373443
6181,91731,91731 Langfurth,2144,21.166228,49357679.9746094,42860.0634405589
6182,91617,91617 Oberdachstetten,1595,23.640811,55812204.1894531,50657.2895243946
6183,91578,91578 Leutershausen,5525,84.017426,197465213.104492,101850.428433135
6184,91602,91602 Dürrwangen,2567,23.022704,53689898.8608398,47811.5164945025
6185,91639,91639 Wolframs-Eschenbach,2782,25.492163,59725691.7573242,58847.5409202337
6186,91572,91572 Bechhofen,5879,61.773807,144442971.536621,78003.2962161457
6187,91744,91744 Weiltingen,1375,24.055735,55935579.3427734,40935.3839844341
6188,91623,91623 Sachsen b. Ansbach,3179,20.913045,49125702.6650391,44709.0494396421
6189,91592,91592 Buch a. Wald,978,26.460908,62249031.4838867,53317.3534462124
6190,91637,91637 Wörnitz,1676,24.446407,57338249.4785156,55354.7028065109
6191,91567,91567 Herrieden,7522,81.660551,191388491.019531,116886.212891967
6192,91611,91611 Lehrberg,3061,50.802613,119694913.925781,80967.0673861356
6193,91634,91634 Wilburgstetten,2094,25.460519,59174739.3081055,66975.4353309015
6194,91598,91598 Colmberg,1973,38.320436,90319491.1987305,68181.9629244053
6195,91522,91522 Ansbach,39510,99.78045,234455547.939941,114497.977264261
6196,91717,91717 Wassertrüdingen,5972,53.523001,124498549.856934,99846.2569496904
6197,91610,91610 Insingen,1124,21.243976,49965790.2963867,49868.9942719329
6198,99820,99820 Hörselberg-Hainich,6372,141.805929,357884506.195313,140903.481578474
6199,91596,91596 Burk,1143,14.090968,32907000.3925781,44444.6693223785
6200,91555,91555 Feuchtwangen,12095,137.14148,320759344.440918,140470.305143973
6201,91616,91616 Neusitz,2027,13.638864,32163258.5029297,48589.0195984073
6202,99988,99988 Südeichsfeld,4866,40.320629,102479830.202637,77627.4681761349
6203,91586,91586 Lichtenau,3694,41.345618,97040101.5688477,71100.4266460936
6204,91601,91601 Dombühl,1654,17.878664,41951018.7397461,34558.9937364593
6205,91550,91550 Dinkelsbühl,11251,75.178465,175130951.228027,126579.781689713
6206,91743,91743 Unterschwaningen,874,18.547198,43230743.1801758,39664.8214034949
6207,91628,91628 Steinsfeld,1234,31.76383,75052600.6513672,61896.6590800075
6208,91590,91590 Bruckberg,1316,7.633891,17978376.7348633,34775.8329596446
6209,91749,91749 Wittelshofen,1274,24.164283,56269557.0375977,56657.0930635793
6210,91635,91635 Windelsbach,1094,38.425024,90694536.5507813,85540.2211092895
6211,91564,91564 Neuendettelsau,7390,33.880703,79586131.9326172,70583.5300757629
6212,91740,91740 Röckingen,731,10.873678,25305180.6479492,26063.4506605966
6213,91632,91632 Wieseth,1384,20.570546,48097078.8554688,44700.9343642925
6214,99998,"99998 Körner, Weinbergen",4942,74.291525,189150271.989746,87652.6234351149
6215,91589,91589 Aurach,2794,36.675999,86002735.8071289,74081.5419062297
6216,91726,91726 Gerolfingen,997,12.636855,29404877.1918945,29336.4690997342
6217,91608,91608 Geslau,1364,41.982795,98930386.5888672,58485.3116490879
6218,91631,91631 Wettringen,956,21.299239,49989401.4926758,56017.7012502255
6219,91595,91595 Burgoberbach,3257,12.648666,29637324.6210938,34072.8642218872
6220,91734,91734 Mitteleschenbach,1580,10.547346,24700800.1162109,39120.6894014099
6221,91622,91622 Rügland,1236,20.958777,49498407.425293,57781.7372890381
6222,91583,91583 Schillingsfürst,3849,49.866366,117200384.42041,102348.742338527
6223,91607,91607 Gebsattel,1771,19.095568,44965781.5737305,55660.4938208404
6224,91541,91541 Rothenburg ob der Tauber,10963,41.74385,98407639.965332,72186.1161317636
6225,91732,91732 Merkendorf,2721,26.117353,61145134.8481445,58722.6716658246
6226,91626,91626 Schopfloch,2828,15.290252,35672046.9008789,40545.5967282006
6227,91580,91580 Petersaurach,4877,41.815935,98361671.2919922,77920.1001930419
6228,91746,91746 Weidenbach,2151,21.675387,50762832.3691406,39875.4048416159
6229,91575,91575 Windsbach,6051,68.043865,159609947.789551,103124.480169387
6230,91737,91737 Ornbau,1578,15.126775,35372099.2543945,40588.0609306569
6231,99974,99974 Mühlhausen,33872,91.379653,232796149.05957,101667.053050035
6232,91625,91625 Schnelldorf,3544,51.416484,120397775.67627,79302.1946073687
6233,91587,91587 Adelshofen,972,27.199752,64334570.7480469,46689.4833404258
6234,91725,91725 Ehingen,2000,47.60245,110978535.798828,62712.6743856498
6235,91614,91614 Mönchsroth,1646,11.714074,27234279.8369141,36431.910544083
6236,91629,91629 Weihenzell,2831,45.169915,106417608.994629,64666.1876003019
6237,91599,91599 Dentlein a. Forst,2362,18.024065,42101885.465332,56756.8775370444
6238,91722,91722 Arberg,2298,33.122063,77334561.6103516,57588.8232063959
6239,91620,91620 Ohrenbach,628,22.711617,53757530.5126953,44022.0047745666
6240,99991,99991 Unstrut-Hainich,5269,96.922943,245832824.781738,104870.184376796
6241,99976,"99976 Rodeberg, Anrode, Dünwald, Faulungen, Hildebrandshausen und  Lengenfeld.
Anrode und Dünwald sind zum1.1.2023 aufgelöst, die Adressen sind aber weiterhin gültig, die Post hat da (i.e Hüpfeld, Zella, Bickenriede, Beberstedt) noch kein Update gem",8329,94.619693,241345771.260254,171060.51824404
6242,91604,91604 Flachslanden,2354,40.847675,96419740.0942383,79242.1880785037
6243,91154,91154 Roth,24399,96.442029,226014514.671387,126608.174089588
6244,91171,91171 Greding,6897,103.774875,241479283.32373,116976.250009
6245,91177,91177 Thalmässing,5253,80.545064,187721122.522949,93011.2882968373
6246,91161,91161 Hilpoltstein,13067,89.555366,209334709.807129,116336.743295989
6247,91180,91180 Heideck,4689,58.52789,136595624.387695,78253.6354710768
6248,91166,91166 Georgensgmünd,6663,46.913541,109779658.296875,76384.6835917332
6249,91174,91174 Spalt,5001,55.681751,130206126.569336,79079.6666547075
6250,99994,"99994 Marolterode, Nottertal-Heilinger Höhen",6384,81.700264,208178891.70752,99745.2073097851
6251,91187,91187 Röttenbach bei Schwabach,2871,21.6169,50499044.8520508,60320.5969527637
6252,91798,91798 Höttingen,1165,19.246014,44812886.8920898,40825.1196006189
6253,91741,91741 Theilenhofen,1166,20.313688,47320015.3251953,49109.5041921324
6254,91795,91795 Dollnstein,2748,40.549173,93660059.5073242,51310.9821082637
6255,99947,99947 Bad Langensalza,20862,180.771503,458248094.500977,144991.415151353
6256,91802,91802 Meinheim,882,16.349318,38003290.3256836,36225.4050627927
6257,91735,91735 Muhr a. See,2198,10.964179,25624858.5498047,30176.232197797
6258,91788,91788 Pappenheim,4006,64.494041,149384703.835938,86557.5456036978
6259,91796,91796 Ettenstatt,856,15.849201,36910222.6469727,47225.0786846686
6260,91729,91729 Haundorf,2638,51.257801,119814079.162598,89639.3855385307
6261,91793,91793 Alesheim,985,20.486874,47644845.9204102,40472.7848024943
6262,99986,"99986 Vogtei, Kammerforst u.a.",5661,74.289306,188620098.411621,78962.9305245435
6263,91728,91728 Gnotzheim,837,12.50115,29094452.0200195,31624.4619963343
6264,91792,91792 Ellingen,3612,31.225978,72712309.1279297,59663.6387510432
6265,91719,91719 Heidenheim,2508,52.196835,121187365.938477,71015.9398916772
6266,91723,91723 Dittenheim,1765,29.315013,68229412.6987305,42246.7279426253
6267,91785,91785 Pleinfeld,7383,71.397039,166539772.421387,105482.24901598
6268,91801,91801 Markt Berolzheim,1323,14.507697,33696620.1362305,30123.9324126443
6269,91781,91781 Weißenburg i. Bay.,17735,97.365167,226208429.628906,107742.657212484
6270,99996,99996 Unstruttal,6751,100.496013,256595852.507324,153775.815152697
6271,91805,91805 Polsingen,1842,33.907257,78528194.8447266,64706.5742874014
6272,91790,91790 Nennslingen,4853,99.259953,230711566.191895,96873.9228277937
6273,91804,91804 Mörnsheim,1548,31.022045,71610073.2358398,57521.9823241206
6274,91747,91747 Westheim,1178,28.311099,65750330.5458984,61194.3275354175
6275,91809,91809 Wellheim,2664,33.725065,77737543.2758789,62671.8468843532
6276,91710,91710 Gunzenhausen,16267,82.670828,192827873.155273,88387.1032953633
6277,91799,91799 Langenaltheim,2246,39.138351,90496163.2475586,57645.8918509191
6278,91720,91720 Absberg,1330,18.949763,44281144.4960938,62656.7372487806
6279,99955,99955 Bad Tennstedt,8594,128.78479,327190705.239258,108189.065100243
6280,91757,91757 Treuchtlingen,12585,103.366135,239608640.319824,117975.861038071
6281,86698,86698 Oberndorf a.Lech,2356,19.334997,44307051.4804688,38346.4776783552
6282,86682,86682 Genderkingen,1162,11.643207,26725118.3242188,40412.3063281903
6283,86977,86977 Burggen,1687,24.858063,55022154.1376953,65658.9801449963
6284,86830,86830 Schwabmünchen,13213,55.546375,124965436.368164,57664.0639697566
6285,99880,99880 Waltershausen,17879,120.33045,302442473.294922,129983.575081549
6286,99891,99891 Tabarz/ Thür. Wald,4031,21.285964,53388571.9858398,35439.8449787984
6287,99894,99894 Friedrichroda,7288,36.755318,92142007.0810547,65589.4954042547
6288,86941,86941 Eresing,133,2.940773,6590243.9296875,11642.0931572847
6289,86944,86944 Unterdießen,1345,12.743727,28429479.9829102,34330.2767572423
6290,99100,"99100 Großfahner, Dachwig u.a.",5503,63.78436,161247868.307129,72018.8545639627
6291,86974,86974 Apfeldorf,1072,12.289119,27318715.1777344,34497.167398768
6292,86853,86853 Langerringen,3742,42.022311,94283873.9921875,61801.5743504826
6293,86923,86923 Finning,1645,23.397804,52277515.7192383,50356.2180186552
6294,86866,86866 Mickhausen,1351,15.908401,35833818.2695313,45744.2001917025
6295,86986,86986 Schwabbruck,934,7.324081,16240569.4150391,27555.0696540191
6296,86934,86934 Reichling,1590,23.353084,51997629.3491211,55635.7386630702
6297,99897,99897 Tambach-Dietharz/ Thür.,4067,41.528065,103732667.52002,59183.9887591288
6298,86825,86825 Bad Wörishofen,13993,57.913678,129320980.200195,70033.6403964133
6299,86980,86980 Ingenried,940,17.475819,38731844.425293,43427.7392173585
6300,86859,86859 Igling,2447,26.342177,58964812.4042969,54245.8031286702
6301,86929,86929 Penzing,3610,33.826316,75748255.887207,57125.8098790552
6302,86872,86872 Scherstetten,1004,15.702681,35321441.0390625,35030.4709760272
6303,99867,99867 Gotha,44346,69.453949,174759635.73877,70003.8856301302
6304,99885,"99885 Ohrdruf, Luisenthal",11251,145.438506,363608586.115723,119409.476229553
6305,99958,"99958 Großvargula, Tonna",3779,45.705117,115750464.458008,53697.8708765619
6306,86978,86978 Hohenfurch,1520,12.464081,27671604.6298828,34330.8411177001
6307,86850,86850 Fischach,4550,30.142307,68046593.0092773,63178.1889082636
6308,99428,"99428 Grammetal, Weimar",12020,112.692597,283805375.834473,116306.811496453
6309,86911,86911 Dießen a. Ammersee,10150,93.217658,207741732.952148,94159.2778809893
6310,86937,86937 Scheuring,1879,21.218553,47667181.7514648,41631.3041223879
6311,99441,99441 Lehnstedt u.a.,6471,88.772235,223191266.660156,104972.892666944
6312,86971,86971 Peiting,11404,74.96098,166080821.785645,121662.61204397
6313,86975,86975 Bernbeuren,2365,41.611641,91949875.2602539,73182.0227281505
6314,86842,86842 Türkheim,6654,31.413077,70308690.4194336,53641.9421946301
6315,86919,86919 Utting a. Ammersee,4354,24.639109,55043820.0063477,43074.2292525975
6316,86868,86868 Mittelneufnach,1073,16.820642,37823876.8852539,51559.1116630186
6317,86987,86987 Schwabsoien,1290,16.947023,37605320.4375,49183.4770457192
6318,86935,86935 Rott,1484,19.68085,43783775.6313477,43466.4452369008
6319,99423,99423 Weimar,22714,3.468611,8740915.39648438,18295.0354456055
6320,86687,86687 Kaisheim,3880,41.68931,95924170.4477539,83850.7738066551
6321,86641,86641 Rain,8366,80.359649,184139244.470215,95206.903872384
6322,86643,86643 Rennertshofen,4779,93.079563,214168707.710449,113738.875859568
6323,86666,86666 Burgheim,4513,49.745134,114088001.002441,71342.0700388097
6324,86633,86633 Neuburg an der Donau,27766,81.265153,186696974.424805,104724.605343993
6325,99448,99448 Kranichfeld u.a.,4430,42.987356,107720673.182129,71587.7952504572
6326,86609,86609 Donauwörth,18041,77.04756,176959706.428711,91243.1853511237
6327,99427,99427 Weimar,16860,24.384087,61523271.5810547,63374.4677388844
6328,86647,86647 Buttenwiesen,5686,59.49516,136040156.744629,83640.6047028565
6329,86655,86655 Harburg,5434,73.170273,168448555.67627,90739.4987046011
6330,86690,86690 Mertingen,3755,38.404109,87952316.7412109,53317.7795462052
6331,86663,86663 Asbach-Bäumenheim,4242,11.87793,27240997.9619141,32916.8269876956
6332,86657,86657 Bissingen,3561,64.216916,147473579.523926,77954.1637175059
6333,86660,86660 Tapfheim,3950,44.341244,101686668.381348,70089.1338179448
6334,86637,86637 Wertingen,12607,99.517452,226960588.518555,120040.346195408
6335,86653,86653 Monheim,5713,94.709664,218458737.580566,104849.467631239
6336,86685,86685 Huisheim,1584,22.778676,52545095.9287109,52728.7924905034
6337,86650,86650 Wemding,5654,31.621981,73075386.480957,52134.7145680657
6338,86681,86681 Fünfstetten,1327,26.690006,61579529.4609375,47020.8610033111
6339,86735,86735 Amerdingen,1416,42.370593,97418341.8417969,87265.5978298958
6340,99439,99439 Berlstedt,8569,107.049013,270708270.005371,101590.356114323
6341,99518,99518 Bad Sulza,10207,123.399871,311951507.125,157754.98137124
6342,86732,86732 Oettingen i. Bay.,5085,34.236013,79369443.6445313,72542.6267234323
6343,99444,99444 Blankenhain,6493,113.286311,283843567.153809,114800.480816401
6344,86754,86754 Munningen,1794,22.712841,52566432.3334961,48458.0511945416
6345,99425,99425 Weimar,17697,32.119267,80885087.7402344,64146.7258524532
6346,89129,89129 Langenau,15492,97.484115,221982433.493164,107075.54924369
6347,99438,99438 Bad Berka u.a.,9065,81.139183,203702587.358887,107598.802303706
6348,89191,89191 Nellingen,1849,35.710806,81454724.8706055,50578.6856233884
6349,99510,"99510 Apolda, Ilmtal-Weinstraße, Kapellendorf, Obertrebra, Wiegendorf",29831,144.274575,364366806.48584,145447.013513104
6350,89359,89359 Kötz,3253,20.555353,46635041.3764648,44287.7811327435
6351,89340,89340 Leipheim,6555,32.978977,74954262.2192383,60058.9446407652
6352,89364,89364 Rettenbach,1621,12.693409,28852336.0009766,34752.3256592465
6353,99310,99310 Arnstadt,29261,172.770632,432361977.08252,137610.428638928
6354,89407,89407 Dillingen a.d. Donau,18103,75.544506,172508804.32666,75242.3176612414
6355,99338,"99338 Plaue, Martinroda",2475,27.70717,69175920.5117188,42926.8390356718
6356,36460,"36460 Krayenberggemeinde, Frauensee",5536,32.107427,80425095.8833008,52447.9727355901
6357,99334,"99334 Elleben, Wachsenburg",9340,104.13533,261246808.820313,129593.423412058
6358,99330,99330 Geratal,4988,61.2477,152867447.686523,87620.746233984
6359,36457,36457 Weilar,886,14.457413,36100714.605957,34818.6936852562
6360,99326,"99326 Stadtilm, Ilmtal",8850,121.014288,302102502.168945,122428.521400831
6361,98634,98634 Wasungen,9105,145.081342,360249807.058105,221607.777466302
6362,99096,99096 Erfurt,15872,6.408005,16131514.6176758,21835.8231666287
6363,98667,98667 Schleusegrund,2454,51.523757,127488338.056641,89407.0616976103
6364,98673,"98673 Eisfeld, Auengrund",11529,130.616318,321820883.36084,117775.23978658
6365,98646,98646 Hildburghausen,15740,152.111977,374239602.140137,170475.239251512
6366,99092,99092 Erfurt,18050,35.84524,90323911.5151367,75487.7454705042
6367,99099,99099 Erfurt,21779,17.145319,43150551.0161133,47456.8387382691
6368,99192,"99192 Nesse-Apfelstädt, Nottleben",6486,47.999777,120718293.22168,77151.4420189275
6369,99085,99085 Erfurt,16748,11.388699,28719144.3618164,33711.5020396234
6370,99089,99089 Erfurt,22947,3.970439,10013295.6704102,16168.3820981098
6371,99097,99097 Erfurt,16505,23.741461,59694113.6992188,43211.603915499
6372,99094,99094 Erfurt,10022,39.211483,98624711.1342773,56847.2683997302
6373,99098,99098 Erfurt,8176,43.106273,108686545.223145,61774.1620450422
6374,99084,99084 Erfurt,21856,3.002635,7565691.05029297,14450.8617113699
6375,99631,99631 Weißensee,4525,68.000611,173057255.873535,66919.8410595977
6376,99638,99638 Kindelbrück,4679,76.189986,194361625.915039,89005.6849881729
6377,99625,99625 Kölleda,8107,116.398574,296189737.032715,129691.303178451
6378,99634,99634 Straußfurt,4568,61.713483,156742603.478027,75661.1946203752
6379,99195,"99195 Großrudestedt, Schloßvippach u.a.",7024,88.483503,224052447.458008,101162.48062361
6380,99628,"99628 Buttstädt, Großbrembach, Kleinbrembach",6985,105.05913,266456714.220703,111604.14824989
6381,99636,99636 Rastenberg,3296,54.230109,137902920.400391,73042.3093846343
6382,99610,99610 Sömmerda,21561,108.966482,276663662.597168,115829.488295717
6383,56424,"56424 Mogendorf, Ebernhahn, Staudt u.a.",4919,15.34425,37862585.6220703,59786.2180234744
6384,56477,"56477 Rennerod, Zehnhausen, Nister-Möhrendorf, Waigandshain",4980,27.813239,69073101.5869141,46169.1302275613
6385,10825,10825 Berlin,9739,0.69688,1873339.07421875,7122.04623898464
6386,56472,56472 Nisterau u.a.,6304,37.595112,93477797.1689453,85993.0470700052
6387,82287,82287 Jesenwang,1490,15.311004,34395262.059082,39750.4529120525
6388,56457,56457 Westerburg,6494,22.478938,55682253.7592773,49928.3928369324
6389,32429,32429 Minden,16549,24.559019,65526230.3056641,46978.192601768
6390,56414,"56414 Meudt, Molsberg, Hundsangen, Niederahr u.a.",13156,68.0622,167997383.04248,72259.6102763782
6391,56412,"56412 Nentershausen, Hübingen, Niederelbert u.a.",18774,95.393698,234756352.77002,142901.716137707
6392,56459,"56459 Bellingen, Kölbingen, Gemünden u.a.",13526,77.759786,192602128.811523,133945.483787599
6393,97084,97084 Würzburg,23475,20.239086,48440487.7236328,34349.1206477773
6394,97082,97082 Würzburg,17362,18.717824,44855928.1777344,45662.0944165934
6395,24250,24250 Nettelsee,1402,33.490109,97626633.7246094,67230.6630636503
6396,97080,97080 Würzburg,14291,18.391665,44156185.3105469,39708.7221435305
6397,81476,81476 München,15172,2.751227,6161226.96435547,12061.0047051464
6398,97078,97078 Würzburg,12275,10.242624,24599561.7485352,25302.262121192
6399,97076,97076 Würzburg,10979,8.158963,19579437.9042969,22302.4005343572
6400,58453,58453 Witten,22389,14.328014,36823446.5913086,41764.0875910549
6401,91282,91282 Betzenstein,2505,51.829903,123629067.626953,89789.3705126032
6402,91336,91336 Heroldsbach,4899,15.636213,37348869.1416016,43009.4395953574
6403,91362,91362 Pretzfeld,2491,24.172774,57830775.9277344,55483.8882378798
6404,91278,91278 Pottenstein,5359,81.984614,196325203.577148,101219.557369773
6405,91344,91344 Waischenfeld,3164,57.979915,139294528.763184,79974.3988693982
6406,91289,91289 Schnabelwaid,995,21.348928,51198472.9516602,44553.5861431767
6407,91359,91359 Leutenbach,1670,19.400241,46326043.0756836,38871.7499634152
6408,91338,91338 Igensdorf,4858,28.897668,68792670.387207,76086.577539288
6409,91099,91099 Poxdorf,1513,5.1487,12280925.6230469,21859.8867508943
6410,91281,91281 Kirchenthumbach,3292,71.638378,171457662.780273,94078.045218287
6411,91077,91077 Neunkirchen a. Brand,12589,50.237771,119602409.050781,72072.8186963342
6412,91301,91301 Forchheim,30330,44.558606,106512699.032715,64448.0737427274
6413,91355,91355 Hiltpoltstein,1611,25.536056,60890182.6342773,49843.7633054891
6414,91332,91332 Heiligenstadt i. OFr.,3610,76.849232,184864073.517578,104521.959641713
6415,91356,91356 Kirchehrenbach,2260,8.205986,19623984.0737305,22751.5448611706
6416,91367,91367 Weißenohe,1103,4.694773,11177978.2143555,28983.5170746736
6417,91353,91353 Hausen,3695,13.454241,32132145.2416992,44121.2169801222
6418,91275,91275 Auerbach i.d. OPf.,8861,78.100291,186428491.231934,97570.9331180073
6419,91330,91330 Eggolsheim,6407,48.81317,116992925.5625,71378.350580356
6420,91364,91364 Unterleinleiter,1253,12.408496,29790548.6010742,35299.6522530137
6421,91369,91369 Wiesenthau,1683,6.368713,15216847.6015625,19728.5089572127
6422,91349,91349 Egloffstein,1993,28.098262,67141654.8525391,56794.4202611635
6423,91286,91286 Obertrubach,2172,21.120293,50438416.8027344,57397.7854132994
6424,91322,91322 Gräfenberg,4040,37.779694,90086616.0458984,79010.7684826737
6425,91365,91365 Weilersbach,2057,8.55412,20473102.1538086,23927.4843404549
6426,91094,91094 Langensendelbach,2913,9.593143,22856120.1606445,34228.5314308331
6427,91347,91347 Aufseß,1338,29.417415,70817933.1171875,67169.6446048917
6428,91287,91287 Plech,1296,15.287254,36446959.8706055,36257.4837199525
6429,91361,91361 Pinzberg,1881,13.266037,31674190.5395508,31097.2738918029
6430,91090,91090 Effeltrich,2639,11.925582,28439659.6118164,31657.1365175398
6431,91320,91320 Ebermannstadt,6915,49.96468,119728743.900879,97253.1160136443
6432,91474,91474 Langenfeld,1018,7.279446,17327394.8203125,30201.77751315
6433,91489,91489 Wilhelmsdorf,1391,10.063876,23923479.2548828,27747.5945521543
6434,91471,91471 Illesheim,954,21.400211,50636633.8764648,46149.8921686179
6435,91460,91460 Baudenbach,1169,22.158035,52788807.6738281,49871.7576762713
6436,91605,91605 Gallmersgarten,784,15.617093,36960611.6982422,50104.5759891265
6437,91472,91472 Ipsheim,2116,42.217321,100138707.007324,71715.9426835137
6438,91807,91807 Solnhofen,1712,16.01585,37031827.0615234,31910.491724399
6439,91738,91738 Pfofeld,1484,23.913004,55780932.5668945,51765.7903995416
6440,86981,86981 Kinsau,1025,11.437485,25416334.1787109,32257.9916983028
6441,86854,86854 Amberg,1443,10.95613,24529926.2802734,26369.3229440094
6442,86869,86869 Oberostendorf,1315,21.047425,46901562.8759766,49825.1584550223
6443,86989,86989 Steingaden,2725,64.165047,141663177.657227,87581.4432107453
6444,86925,86925 Fuchstal,3547,39.79306,88617175.4335938,72700.8745471741
6445,86874,86874 Tussenhausen,2958,41.761573,93635656.340332,63002.0516430148
6446,86916,86916 Kaufering,10006,17.649246,39555095.3027344,36696.4966798103
6447,86938,86938 Schondorf a. Ammersee,3756,10.97269,24543438.5532227,25461.3982639966
6448,86972,86972 Altenstadt,3231,18.711353,41492254.4760742,58722.3525614571
6449,86833,86833 Ettringen,3217,41.386162,92860313.9873047,61537.7955242247
6450,86983,86983 Lechbruck,2586,17.184586,37918078.8154297,45930.4946482836
6451,86845,86845 Großaitingen,4908,39.151597,88202879.0205078,65275.7233601334
6452,86865,86865 Markt Wald,2176,30.82835,69230842.2358398,51965.6159519378
6453,86920,86920 Denklingen,2531,56.584565,125793727.657227,81600.1387322069
6454,86875,86875 Waal,2188,27.869717,62197983.6459961,52933.205850407
6455,86931,86931 Prittriching,2400,25.371759,57085283.9707031,42965.0965639243
6456,86946,86946 Vilgertshofen,2498,27.097066,60399816.996582,56128.5836265741
6457,86899,86899 Landsberg a. Lech,27351,57.870122,129377218.933105,75885.46673365
6458,86956,86956 Schongau,11645,21.301008,47215676.496582,40087.6728009049
6459,86940,86940 Schwifting,895,11.48335,25680376.6826172,29422.25446447
6460,86943,86943 Thaining,912,8.662904,19320185.1923828,27502.2085781888
6461,86807,86807 Buchloe,11983,36.17772,80866931.1791992,65342.5060522188
6462,86922,86922 Eresing,1273,8.496731,19032524.65625,25827.9074449515
6463,86856,86856 Hiltenfingen,1451,14.543027,32665386.6679688,34818.6564153862
6464,86871,86871 Rammingen,1436,19.248956,43087519.4243164,35384.3617528556
6465,86926,86926 Greifenberg,2464,11.060407,24767949.9555664,27333.5779621016
6466,86879,86879 Wiedergeltingen,1390,11.600908,25938201.6674805,27910.7621094452
6467,86949,86949 Windach,3700,24.800293,55493423.6230469,49103.6688817964
6468,86836,86836 Untermeitingen,13891,42.955666,96537181.9262695,44983.8917431583
6469,86984,86984 Prem,868,16.005616,35294324.4140625,33668.6399923948
6470,86857,86857 Hurlach,1641,17.164837,38501914.152832,30993.3673487121
6471,86860,86860 Jengen,2400,33.717341,75252536.015625,54037.3954209489
6472,86928,86928 Hofstetten,1769,16.942129,37827203.5009766,41646.9962045833
6473,86877,86877 Walkertshofen,1135,12.664304,28530166.1518555,24484.2204515819
6474,86932,86932 Pürgen,3334,22.003045,49135944.1948242,51311.0937168845
6475,86947,86947 Weil,3730,44.43201,99670771.5761719,64722.7100323153
6476,86675,86675 Buchdorf,1649,16.691003,38424411.4477539,32957.6506895435
6477,86694,86694 Niederschönenfeld,1346,14.353416,32961731.418457,47143.1286480974
6478,86688,86688 Marxheim,2562,46.538113,107033020.94873,88462.7038932143
6479,86679,86679 Ellgau,1014,13.914584,31818352.4848633,28418.5571508071
6480,86673,86673 Bergheim,1871,28.884447,66429651.8183594,61627.2156046324
6481,86697,86697 Oberhausen,2607,31.970712,73370581.9208984,66569.0872250301
6482,86695,86695 Nordendorf,3057,17.848663,40801987.4487305,39528.0921836782
6483,86684,86684 Holzheim,1131,20.246073,46300331.5219727,42673.9294273507
6484,86676,86676 Ehekirchen,3657,62.721099,143541526.939941,78971.3595189013
6485,86668,86668 Karlshuld,5146,29.169686,66853302.7998047,44236.4975998425
6486,86672,86672 Thierhaupten,3869,39.284042,89645309.5097656,59585.6011293814
6487,86669,86669 Königsmoos,4406,40.841805,93514102.4916992,70772.2431363484
6488,86678,86678 Ehingen,990,9.649997,22047018.0800781,29598.572128022
6489,86692,86692 Münster,1099,17.696393,40474351.7675781,40110.6537921794
6490,86738,86738 Deiningen,1946,15.301072,35343152.2563477,32046.5549735672
6491,86700,86700 Otting,754,13.356223,30861212.6791992,35052.9596186725
6492,86748,86748 Marktoffingen,1318,13.587468,31466161.265625,35233.4303539491
6493,86720,86720 Nördlingen,19063,68.028723,157092901.700195,121925.702609497
6494,86745,86745 Hohenaltheim,604,17.79109,40954948.0917969,38195.156695171
6495,86707,"86707 Westendorf, Kühlenthal",2345,13.397717,30583089.0493164,37537.6173587475
6496,86750,86750 Megesheim,858,12.508801,28976123.2607422,33070.7097423429
6497,86747,86747 Maihingen,1222,14.199894,32881304.1713867,28297.7509357752
6498,86709,86709 Wolferstadt,1087,30.613579,70837109.7910156,63433.4054744118
6499,86757,86757 Wallerstein,3281,19.457122,44991005.8256836,42594.2973156597
6500,86742,86742 Fremdingen,2077,50.027518,116082085.027832,78328.1467832996
6501,86704,86704 Tagmersheim,1051,16.001814,36893105.4643555,35527.4458851923
6502,86759,86759 Wechingen,1425,24.011325,55503006.0024414,42111.3730419383
6503,86739,86739 Ederheim,1086,16.571635,38174791.7382813,43012.4997058712
6504,86701,86701 Rohrenfels,1502,17.493582,40114287.5087891,37071.5980254827
6505,86744,86744 Hainsfarth,1466,17.55577,40703444.5283203,38851.5557675489
6506,86706,86706 Weichering,2286,24.520101,56267463.984375,59291.016182763
6507,86741,86741 Ehingen a. Ries,818,15.602817,36176607.3911133,32041.9682973149
6508,86703,86703 Rögling,644,10.691742,24674116.2416992,30229.9583107198
6509,86751,86751 Mönchsdeggingen,1402,32.026229,73681198.9726563,61601.530176088
6510,86733,86733 Alerheim,1651,23.417744,54048999.0620117,47777.8828537484
6511,86756,86756 Reimlingen,1340,9.492267,21894416.9677734,24483.3508902871
6512,86736,86736 Auhausen,1031,33.330947,77424848.4833984,75615.3815624919
6513,86753,86753 Möttingen,2443,31.815337,73327080.6918945,56235.9357936866
6514,25946,25946 Amrum,2316,28.698194,85616981.1728516,59398.7237637853
6515,25938,25938 Föhr,8572,82.690307,247493757.452637,68100.1730983209
6516,89547,89547 Gerstetten,11615,92.292215,211155076.264648,116107.947545053
6517,89555,89555 Steinheim am Albuch,8505,75.818287,173915263.464844,79138.321083521
6518,89518,89518 Heidenheim an der Brenz,13551,6.70485,15379514.6567383,24147.6884301364
6519,89564,89564 Nattheim,6172,44.997268,103326615.588867,82691.7752086331
6520,89567,89567 Sontheim an der Brenz,5480,28.915406,65980585.5805664,55769.3887142999
6521,89542,89542 Herbrechtingen,12804,57.555257,131648834.933105,100633.454960552
6522,89561,89561 Dischingen,4378,76.074309,174608405.644531,122645.062198509
6523,89522,89522 Heidenheim an der Brenz,19466,34.099957,78159102.5014648,63897.9472708286
6524,89168,89168 Niederstotzingen,4529,30.066937,68589621.7490234,58119.3870524018
6525,89537,89537 Giengen an der Brenz,18970,43.579571,99692393.0014648,87494.0545887713
6526,89551,89551 Königsbronn,7066,45.460694,104501504.505859,66983.5470291935
6527,89558,89558 Böhmenkirch,5469,51.904708,119079326.791504,72030.6050923018
6528,89520,89520 Heidenheim an der Brenz,13098,67.987055,156225711.73291,85894.897837053
6529,89568,89568 Hermaringen,2230,14.787997,33802485.753418,35603.3608532876
6530,89073,89073 Ulm,18135,3.238314,7346750.22753906,13173.9946544065
6531,89174,89174 Altheim (Alb),1738,25.721152,58764035.6435547,43309.3002482625
6532,89610,89610 Oberdischingen,2051,8.81436,19922451.875,25575.8359361639
6533,89134,89134 Blaustein,14883,55.554696,126177885.179199,95430.8465096738
6534,89183,"89183 Breitingen, Holzkirch",538,11.063148,25217573.972168,32790.0243319396
6535,89198,89198 Westerstetten,2195,13.082473,29809540.2148438,30065.8127203822
6536,89614,89614 Ö–pfingen,2260,8.862626,20017890.7602539,26498.7578940662
6537,89075,89075 Ulm,31748,9.54699,21670673.0610352,34213.6466337261
6538,89188,89188 Merklingen,1888,21.326235,48603157.6069336,49757.8573813748
6539,89607,89607 Emerkingen,857,7.403228,16668173.6210938,30415.1051042
6540,89081,89081 Ulm,16188,55.888722,126868868.649414,96522.7190348346
6541,89180,89180 Berghülen,1929,26.107198,59372482.3920898,43807.3169655199
6542,89616,89616 Rottenacker,2065,10.287358,23186684.3188477,25732.0630406757
6543,89584,"89584 Ehingen (Donau), Lauterach",25052,191.919411,433352048.879883,202823.79472847
6544,89160,89160 Dornstadt,8421,59.203739,134744013.220703,89187.4721184232
6545,89189,89189 Neenstetten,806,8.242572,18800873.5649414,26185.8675712335
6546,89173,89173 Lonsee,4724,43.200937,98549785.262207,71534.3445058212
6547,89194,89194 Schnürpflingen,1343,10.716558,24181689.472168,36769.9730364787
6548,89197,89197 Weidenstetten,1287,17.166261,39182119.6757813,42202.3438988467
6549,89613,89613 Oberstadion,1761,19.481363,43825338.2607422,55585.0187018039
6550,89150,89150 Laichingen,10882,69.821275,158921590.015137,105234.426583338
6551,89186,89186 Illerrieden,3310,18.387507,41501511.7890625,43721.1975688767
6552,89605,89605 Altheim,597,7.779351,17600220.0605469,27974.424573268
6553,89079,89079 Ulm,24895,44.481383,100701133.40918,83008.3013723709
6554,89179,89179 Beimerstetten,2533,14.315911,32582060.4370117,34809.8966116597
6555,89155,89155 Erbach,13040,63.234374,143018797.893555,93726.2715904642
6556,89171,89171 Illerkirchberg,4699,11.450357,25895791.5395508,39331.1858413695
6557,89619,89619 Unterstadion,750,8.816878,19850543.6025391,30887.1272943834
6558,89601,89601 Schelklingen,6880,75.762204,171756826.335938,96401.9413236754
6559,89192,89192 Rammingen,1263,14.037245,31985061.4370117,44283.2802763722
6560,89176,89176 Asselfingen,1006,12.861706,29311265.362793,45805.787853786
6561,89195,89195 Staig,3098,17.546536,39647954.1518555,41660.0428513466
6562,89611,89611 Obermarchtal,1518,30.281458,68219482.5087891,55667.9691986046
6563,89143,89143 Blaubeuren,11495,79.064821,179425727.879883,95975.9657384291
6564,89185,89185 Hüttisheim,1359,10.345204,23361684.137207,30277.185149036
6565,89604,89604 Allmendingen,4348,45.868447,103782744.56543,89120.3851855034
6566,89077,89077 Ulm,25867,5.615885,12734946.5004883,17217.5302789467
6567,89177,89177 Ballendorf,832,20.50492,46798999.215332,40594.7998253498
6568,89608,89608 Griesingen,1025,8.161996,18416629.4824219,23768.8507135251
6569,89182,89182 Bernstadt,2090,13.929404,31726928.5473633,32118.0179906372
6570,89617,89617 Untermarchtal,900,5.594781,12613894.565918,22921.2321821914
6571,89597,89597 Munderkingen,5437,19.181024,43217731.2280273,51256.1195781067
6572,89165,89165 Dietenheim,6565,18.758712,42259426.4106445,46813.3494669403
6573,27580,27580 Bremerhaven,12452,11.852745,33601494.2719727,38359.0938200164
6574,27576,27576 Bremerhaven,12324,5.659892,16022831.3549805,24389.9990024227
6575,27572,27572 Bremerhaven (Wulsdorf und Fischereihafen),10600,24.083972,67984945.2807617,47719.1158936555
6576,27568,27568 Bremerhaven,15910,10.309104,29197835.090332,38824.4988242834
6577,27578,27578 Bremerhaven,21252,8.65258,24531185.1694336,31147.0725897972
6578,27574,27574 Bremerhaven,15190,13.663454,38625006.0239258,33199.464615547
6579,27570,27570 Bremerhaven,20327,4.933944,13953455.1499023,28522.7048724067
6580,89264,89264 Weißenhorn,13120,53.646355,121229714.483398,73465.6875351101
6581,89281,89281 Altenstadt,4939,31.437333,70667003.2143555,45252.5308818647
6582,89233,89233 Neu-Ulm,21024,60.491281,137110819.621582,94493.9796659591
6583,89290,89290 Buch,3729,40.071516,90292179.3339844,64678.0573463955
6584,89269,89269 Vöhringen,12934,23.676624,53475065.1235352,43588.189700744
6585,89296,89296 Osterberg,845,13.814078,31018284.5478516,28860.4006165584
6586,89284,89284 Pfaffenhofen a.d. Roth,7056,42.650742,96595208.7285156,67313.8229027429
6587,89250,89250 Senden,21544,25.166862,56913506.8613281,49906.2283265257
6588,89291,89291 Holzheim,1765,7.613709,17255923.0205078,26053.1258051423
6589,89275,89275 Elchingen,9122,24.803987,56369996.1376953,46918.5356020441
6590,89297,89297 Roggenburg,2660,66.945349,151135855.453613,112473.998262588
6591,89287,89287 Bellenberg,4468,5.130934,11574346.4316406,17407.4262781204
6592,89293,89293 Kellmünz a.d. Iller,1360,8.537525,19162176.5571289,23502.5962533458
6593,89299,89299 Unterroth,999,15.345855,34532548.8320313,45416.4608590432
6594,89257,89257 Illertissen,16598,41.391799,93260621.3564453,69170.7341703867
6595,89294,89294 Oberroth,857,9.916747,22293472.7758789,30935.638924575
6596,89278,89278 Nersingen,9257,24.244583,55044986.6132813,39840.853445412
6597,89231,89231 Neu-Ulm,31705,20.458312,46369128.2954102,43846.4625919499
6598,89331,89331 Burgau,9323,26.001152,59038902.5405273,56149.7484599457
6599,89361,89361 Landensberg,681,7.899415,17939735.9438477,24667.0951399693
6600,89349,89349 Burtenbach,3311,37.579087,85052663.0112305,55316.4509253684
6601,89365,89365 Röfingen,1064,6.670566,15144427.4526367,27364.163309462
6602,89368,89368 Winterbach,795,14.840224,33744074.1948242,34733.4167678593
6603,89358,89358 Kammeltal,3335,41.596978,94247074.1879883,71662.2996855001
6604,89335,89335 Ichenhausen,8463,34.317091,77761279.2119141,65832.0860486487
6605,89362,89362 Offingen,4134,14.950308,34013030.3842773,44647.59784515
6606,89346,89346 Bibertal,4727,27.278898,61870654.6196289,57896.709973733
6607,89350,89350 Dürrlauingen,1588,12.238482,27830324.8208008,36874.2580566358
6608,89355,89355 Gundremmingen,1536,10.856728,24721159.5390625,30782.5957829599
6609,89312,89312 Günzburg,19457,55.406882,125996950.493164,72251.3155817026
6610,89343,89343 Jettingen-Scheppach,6791,54.09782,122653371.921387,75509.4427464875
6611,89347,89347 Bubesheim,1441,6.923757,15719874.8149414,27020.0798581705
6612,89367,89367 Waldstetten,1200,11.075717,25071500.7480469,31639.2542520032
6613,89352,89352 Ellzee,1151,14.76376,33391748.2163086,39826.5474266857
6614,89356,89356 Haldenwang,1857,18.00474,40911264.8974609,40510.8328251788
6615,89434,89434 Blindheim,1741,26.357957,60357111.9428711,58415.0303113817
6616,89353,89353 Glött,1115,10.977849,24996503.8642578,36686.8206467191
6617,89428,89428 Syrgenstein,3557,16.624931,38092868.8730469,45828.4463103943
6618,89344,89344 Aislingen,1349,19.21533,43765824.7680664,39720.1938177079
6619,89447,89447 Zöschingen,759,14.570567,33411594.5761719,43959.5969192712
6620,89441,89441 Medlingen,998,17.082253,39016341.8847656,40595.7883889597
6621,89437,89437 Haunsheim,1582,17.776427,40646486.1450195,47286.382469671
6622,89431,89431 Bächingen a.d. Brenz,1303,7.342319,16743197.847168,19392.2873437245
6623,89426,89426 Wittislingen,3636,40.427593,92522185.8251953,59591.3194116848
6624,89446,89446 Ziertheim,1004,20.860787,47801546.7705078,52954.0391613199
6625,89420,89420 Höchstädt a.d. Donau,6570,37.410801,85594088.8666992,69121.8042882919
6626,89440,89440 Lutzingen,970,24.937529,57159210.0200195,43111.8934904697
6627,89435,89435 Finningen,1656,27.868208,63833559.6567383,51391.9148711835
6628,89429,89429 Bachhagel,2245,19.804543,45334487.2504883,47008.2612160659
6629,89443,89443 Schwenningen,1413,25.068495,57400180.5444336,53316.3533626896
6630,89423,89423 Gundelfingen a.d. Donau,7733,53.933842,122930359.058594,84482.4865302017
6631,89415,89415 Lauingen (Donau),10546,44.404802,101355778.394531,75123.9844064075
6632,89438,89438 Holzheim,3782,40.844334,93030286.9331055,60209.6835547331
6633,36448,36448 Bad Liebenstein,8107,49.009905,122748030.675293,65965.1829202976
6634,36469,36469 Bad Salzungen,5360,58.331473,146264488.95166,110804.247388878
6635,36414,36414 Unterbreizbach,3699,30.18786,75510013.4233398,52962.4972764943
6636,36433,36433 Bad Salzungen,20926,102.154221,255884158.148438,121237.060180189
6637,36452,36452 Kaltennordheim,6770,99.673307,247469360.17041,138059.202754255
6638,36404,"36404 Vacha, Oechsen",6154,56.40068,141076261.314453,109188.989344832
6639,36466,"36466 Dermbach, Wiesenthal",8738,105.591645,263315782.206055,142262.50662627
6640,91126,91126 Schwabach,48048,90.875825,213678842.277832,127379.801698957
6641,98669,98669 Veilsdorf,2946,31.216869,76805595.5507813,51850.8675874824
6642,98547,98547 Schwarza u.a.,2914,55.045964,136702269.116211,81095.0813104365
6643,98574,98574 Schmalkalden,20172,105.39747,262672742.428223,126752.464054437
6644,98666,"98666 Biberau, Masserberg",3040,43.691055,107926333.605469,70891.3043020416
6645,98631,98631 Grabfeld,5938,121.076305,298489069.955566,129626.924601393
6646,98590,98590 Schwallungen,3983,66.594357,165852782.987793,115329.128980737
6647,98617,98617 Meiningen u.a.,34579,289.258294,715984064.536621,222719.690778778
6648,98660,98660 Themar,5137,74.858815,184826584.939941,91050.208755568
6649,98587,98587 Steinbach-Hallenberg,10480,76.648156,190855611.371094,87362.9251612274
6650,98553,98553 Schleusingen u.a.,11951,137.90778,341128997.966309,127185.135437077
6651,98663,98663 Bad Colberg-Heldburg,5123,158.129942,386835730.345215,121943.505912812
6652,98530,"98530 Marisfeld, Rohr u.a.",3138,62.586772,155010580.716797,84293.8703237892
6653,98527,98527 Suhl,17130,18.723262,46434439.1464844,47374.6150276153
6654,98528,98528 Suhl,9442,77.018205,191291065.143555,78562.0551830065
6655,98529,98529 Suhl,12753,47.010134,116607325.806641,63962.9755776565
6656,90596,90596 Schwanstetten,7285,33.624231,79025354.0039063,54458.7074088327
6657,91186,91186 Büchenbach,5141,33.985193,79761278.8237305,67004.2424675646
6658,90530,90530 Wendelstein,15676,63.575522,149664970.132813,108587.413927707
6659,91189,91189 Rohr,3568,48.211417,113492406.253418,83699.7303082634
6660,91183,91183 Abenberg,5425,51.532921,120786103.570801,78120.763445978
6661,48163,48163 Münster,23534,62.808356,164760095.782227,82564.7604896784
6662,90556,90556 Cadolzburg,13416,53.820794,127303150.149902,72008.0636840984
6663,90587,90587 Veitsbronn,10631,31.880848,75596199.9404297,52869.8690408743
6664,98716,98716 Elgersburg,1214,9.819385,24444987.9414063,37423.3049582979
6665,98746,98746 Katzhütte,2064,49.784796,123064911.318359,65940.0492865898
6666,98701,98701 Großbreitenbach,7062,80.034301,198361026.619629,90154.1969545819
6667,98559,98559 Oberhof,1561,23.496412,58529192.284668,55437.4450692223
6668,98744,98744 Oberweißbach u.a.,6415,70.966672,175822327.386719,82240.3250361378
6669,98724,"98724 Neuhaus am Rennweg, Lauscha",13309,127.260228,314083806.515625,118606.573868437
6670,98693,98693 Ilmenau,33512,126.804959,315607162.052734,115799.132241392
6671,91475,91475 Lonnerstadt,2011,25.925773,61950261.0693359,53596.7038532859
6672,91096,91096 Möhrendorf/Mark,4531,34.041253,81150596.9370117,68644.3078175633
6673,91080,"91080 Uttenreuth, Marloffstein",8468,15.721852,37412505.2602539,49354.7326542763
6674,07957,07957 Langenwetzendorf,4543,55.896736,139004162.341309,105756.402706642
6675,07554,07554 Brahmenau,9208,101.545574,255103277.141602,141379.522441745
6676,07952,07952 Pausa-Mühltroff,3590,36.220538,89708225.2373047,56132.2630941474
6677,07589,"07589 Münchenbernsdorf, Schwarzbach, Bocka",5143,48.994072,122607752.877441,78159.1337336333
6678,07586,07586 Bad Köstritz,8769,65.695699,164917653.809082,74401.7038243474
6679,07973,07973 Greiz,22698,85.010391,211055358.989258,139414.406932545
6680,07987,07987 Mohlsdorf-Teichwolframsdorf,5242,50.688303,126129561.568359,92351.9842816932
6681,07557,"07557 Gera, Zedlitz u.a.",1524,27.118364,67833331.2333984,50304.3190793375
6682,07958,07958 Hohenleuben,1694,9.648145,24019484.5083008,26484.3467830602
6683,07985,07985 Elsterberg,4459,25.475613,63139286.6826172,62797.3799875277
6684,07937,"07937 Zeulenroda-Triebes, Langenwolschendorf",14718,113.709531,282083042.046875,139532.359134005
6685,36037,36037 Fulda,12944,3.459459,8566287.26708984,18077.0098785135
6686,36043,36043 Fulda,17919,13.411961,33169094.4365234,44786.6252281294
6687,36041,36041 Fulda,17377,61.192298,151547889.607422,95030.2335002345
6688,07629,07629 Hermsdorf,10646,29.050073,72839076.9897461,60911.7129937038
6689,07607,"07607 Eisenberg, Gösen, Hainspitz",11550,32.595877,82044594.2333984,59599.8893642071
6690,07646,07646 Stadtroda u.a.,15622,225.109988,563781902.776367,175155.372687549
6691,07616,07616 Bürgel u.a.,4857,61.435395,154579946.642578,91428.1673253891
6692,07619,07619 Schkölen,2854,56.805221,143331401.946289,83713.3359695584
6693,07639,07639 Bad Klosterlausnitz,5808,35.622914,89493713.769043,55576.4218691035
6694,65551,65551 Limburg,3088,6.497351,15969003.4609375,22421.1029510854
6695,07768,07768 Kahla,13017,119.489077,298711390.811523,120540.176895881
6696,07613,"07613 Crossen, Heideland u.a.",5510,69.332523,174683440.162598,98013.6808344414
6697,65555,65555 Limburg,2430,5.142234,12657655.1630859,15724.5206286979
6698,07778,07778 Neuengönna u.a.,2064,42.193128,106328960.314453,84399.4378358288
6699,65553,65553 Limburg,1614,2.918027,7178939.42822266,12004.9648244524
6700,07774,07774 Dornburg-Camburg u.a.,6797,57.628228,145480928.747559,78268.5809999139
6701,07426,07426 Königsee-Rottenbach u.a.,8593,115.00665,286091958.310547,136294.813839163
6702,07318,07318 Saalfeld/Saale,30831,145.051781,359821156.828125,160559.67775392
6703,07407,07407 Rudolstadt,32431,257.448049,642392779.724121,181953.900721529
6704,07349,07349 Lehesten,1840,36.292466,89478081.5991211,53499.6086067034
6705,95469,95469 Speichersdorf,5967,53.003935,127417016.052246,78388.9235293925
6706,95511,95511 Mistelbach,1620,6.101933,14698000.8115234,25572.9349560695
6707,95473,95473 Creußen,6787,94.765251,227633743.021484,139445.914262322
6708,95519,95519 Vorbach,1933,33.89473,81254783.3623047,71042.6390968935
6709,95686,95686 Fichtelberg,1937,24.866961,60099739.2685547,61660.516726442
6710,95485,95485 Warmensteinach,2229,27.143458,65606656.9506836,51636.6867964766
6711,95448,95448 Bayreuth,23245,36.416425,87784689.7202148,74543.1418876441
6712,07422,07422 Bad Blankenburg,7002,35.450949,88196261.7827148,71691.535267451
6713,07338,07338 Kaulsdorf,6072,118.031975,292382823.968262,147148.333819983
6714,95494,95494 Gesees,1292,9.890131,23809087.7675781,32510.8945651665
6715,95694,95694 Mehlmeisel,1405,14.510252,35039772.8916016,37551.2679971607
6716,95460,95460 Bad Berneck im Fichtelgebirge,4304,38.281869,92710566.5512695,77905.850192292
6717,07427,07427 Schwarzburg,515,14.021435,34832840.6704102,43470.5150806504
6718,95490,95490 Mistelgau,3800,42.506896,102366635.004395,86804.1041818887
6719,95463,95463 Bindlach,7264,37.563353,90789259.7211914,55527.1556755849
6720,95500,95500 Heinersreuth,3720,14.699182,35505053.5107422,43571.1499401377
6721,07333,07333 Unterwellenborn,8997,63.386298,157558720.065918,87673.2370719429
6722,07330,07330 Probstzella,3314,74.099476,183332246.507813,117669.43435699
6723,95499,95499 Harsdorf,1008,11.295962,27344758.1982422,28540.252542173
6724,96197,96197 Wonsees,1182,36.86835,89093721.1489258,69975.7999139417
6725,95349,95349 Thurnau,4348,64.184932,155180626.474121,111252.139751045
6726,95356,95356 Grafengehaig,953,20.842788,50820243.3320313,49592.8860156504
6727,95362,95362 Kupferberg,1042,8.296784,20176108.0375977,33465.893396189
6728,95509,95509 Marktschorgast,1452,15.768047,38269107.253418,40276.8484130312
6729,95336,95336 Mainleus,6553,49.418324,120004043.399414,99880.1075442477
6730,95512,95512 Neudrossenfeld,3902,50.219871,121534231.981445,69745.5819927988
6731,07429,"07429 Döschnitz, Sitzendorf, Rohrbach",1357,12.888721,31976534.5361328,50389.0773146957
6732,96151,96151 Breitbrunn,1054,12.41036,30036826.25,28883.600081431
6733,96170,96170 Lisberg,3321,16.739701,40313007.1826172,38863.7063931082
6734,96193,96193 Wachenroth,2118,23.151063,55411546.0283203,56440.08954951
6735,96120,96120 Bischberg,6005,17.565139,42307121.237793,38722.1536003002
6736,96155,96155 Buttenheim,3442,30.114444,72291895.453125,56157.7539030918
6737,96175,96175 Pettstadt,1967,9.739162,23388291.7856445,34012.9289306608
6738,96132,96132 Schlüsselfeld,5626,70.127162,167995317.798828,78598.96562384
6739,96160,96160 Geiselwind,2391,48.768237,116871763.833008,73171.3635282642
6740,96181,96181 Rauhenebrach,3035,69.395034,167132471.544434,92268.5687013938
6741,96049,96049 Bamberg,20581,22.349407,53774957.5585938,47653.0049492552
6742,96164,96164 Kemmern,2560,8.236652,19883658.1601563,23479.1090678186
6743,96163,96163 Gundelsheim,3277,3.796288,9156577.89648438,16139.9694885164
6744,95355,95355 Presseck,1945,54.729981,133592241.597168,86114.1172725316
6745,95359,95359 Kasendorf,2537,38.976142,94391528.2993164,70201.7060619528
6746,95365,95365 Rugendorf,1032,17.320639,42224139.3549805,40844.1063952527
6747,95326,95326 Kulmbach,26709,92.811686,225514038.246582,111105.421624965
6748,95358,95358 Guttenberg,544,10.611732,25825791.3505859,37569.1637342159
6749,95364,95364 Ludwigschorgast,1004,5.919952,14384698.8134766,21440.5105453487
6750,95369,95369 Untersteinach,1856,11.462616,27867161.9902344,42413.9761283969
6751,95339,95339 Neuenmarkt,4890,36.185241,87855173.3569336,68227.3125033265
6752,95346,95346 Stadtsteinach,3234,39.787855,96898388.2099609,57944.9598133707
6753,95361,95361 Ködnitz,1610,19.643983,47685187.2929688,46137.9826467237
6754,95367,95367 Trebgast,1658,17.066728,41372508.3457031,50117.7202087184
6755,95502,95502 Himmelkron,3457,23.009042,55752272.2148438,47593.6522003141
6756,95352,95352 Marktleugast,3365,33.834525,82367559.9262695,73009.7008858599
6757,96052,96052 Bamberg,21664,13.226021,31868073.4326172,34643.1934905157
6758,96148,96148 Baunach,4008,32.135753,77702841.4633789,59637.8667397894
6759,96167,96167 Königsfeld,1349,42.85419,103363028.144043,71427.7264387405
6760,96188,96188 Stettfeld,1171,11.18843,27031003.5922852,28194.595115073
6761,96114,96114 Hirschaid,11620,41.01125,98405766.8051758,86145.0386215956
6762,96152,96152 Burghaslach,2465,43.989839,105221227.967773,68705.9675942327
6763,96172,96172 Mühlhausen,1666,16.614336,39780551.6069336,43263.1252629684
6764,96194,96194 Walsdorf,2554,16.200544,38979170.1650391,36369.9150352033
6765,96123,96123 Litzendorf,6021,25.865578,62327631.8969727,60328.1779502787
6766,96157,96157 Ebrach,1876,62.650121,150542449.633301,88388.7767610423
6767,96178,96178 Pommersfelden,2886,35.2736,84512446.3217773,54170.8113069948
6768,96199,96199 Zapfendorf,4948,30.574544,73979251.4477539,50232.8490534381
6769,96161,96161 Gerach,960,7.75535,18779933.8320313,22894.3629572109
6770,96182,96182 Reckendorf,2019,12.996286,31466159.4311523,33910.2489087092
6771,96050,96050 Bamberg,17628,16.222639,39038913.4311523,36785.3954507311
6772,96146,96146 Altendorf,1962,8.720339,20909730.9521484,29960.1589791739
6773,96187,96187 Stadelhofen,1272,41.083499,99297887.3574219,73738.3223933599
6774,96110,96110 Scheßlitz,7138,94.843314,229161579.150879,93354.1266450056
6775,96264,96264 Altenkunstadt,5451,32.826117,79753621.6928711,71157.4864335629
6776,96231,96231 Staffelstein,10302,99.386092,241333501.077148,120716.893855104
6777,96257,96257 Redwitz a.d. Rodach,4690,18.418107,44866389.3242188,42526.7336455696
6778,96215,96215 Lichtenfels,20239,122.159834,297092769.458008,156237.560507965
6779,96272,96272 Hochstadt a. Main,1678,13.840247,33657701.7929688,40637.2625949612
6780,96487,96487 Dörfles-Esbach,3685,3.782383,9256415.33398438,18717.13363084
6781,96126,96126 Maroldsweisach,4137,81.053648,197609128.741211,92365.4420691975
6782,96476,96476 Rodach b. Coburg,6348,83.671416,205185226.282715,98647.1534177355
6783,96279,96279 Weidhausen b. Coburg,3154,9.604409,23416890.9511719,40064.8999885368
6784,95138,95138 Bad Steben,3424,25.746491,63172310.2568359,65205.5969476171
6785,95236,95236 Stammbach,2435,34.731602,84468365.9746094,69013.0979169176
6786,95111,95111 Rehau,9438,80.360225,196197923.38916,116357.167445616
6787,95183,95183 Feilitzsch,5473,63.478137,155872817.842773,84049.9635793413
6788,95119,95119 Naila,7955,37.387787,91597866.7524414,73376.607348788
6789,95213,95213 Münchberg,10548,68.780425,167604549.92334,88455.4156066522
6790,96523,96523 Steinach,4192,25.868893,63692376.6181641,52764.2608887892
6791,96176,96176 Pfarrweisach,1514,28.438059,69199831.2158203,53504.8687856172
6792,96484,96484 Meeder,3826,73.494239,180219482.268066,89509.7768431011
6793,96472,96472 Rödental,13309,49.994,122457217.16748,88450.9743585653
6794,96271,96271 Grub a. Forst,2990,11.957138,29194468.4799805,29055.5450764958
6795,96237,96237 Ebersdorf b. Coburg,6032,26.348007,64341623.3769531,46551.051153361
6796,95191,95191 Leupoldsgrün,1263,10.229112,25029037.9907227,30908.2878455698
6797,95194,95194 Regnitzlosau,2463,39.884325,97602138.9257813,73783.8648260523
6798,95182,95182 Döhlau,3998,15.277652,37363718.3354492,34824.1170600226
6799,95145,95145 Oberkotzau,5523,21.484816,52479947.2626953,50877.8989933367
6800,95237,95237 Weißdorf,1229,21.906887,53351028.4765625,52751.8628193114
6801,95192,95192 Lichtenberg,1114,9.526446,23395157.0668945,32608.5291965743
6802,95197,95197 Schauenstein,2064,26.675767,65224355.90625,53214.5321737838
6803,95152,95152 Selbitz,4471,27.766488,68017892.3833008,57005.8028906349
6804,95239,95239 Zell,2098,31.292241,76053015.9233398,59323.5935448258
6805,95188,95188 Issigau,1069,18.713878,45949593.1162109,38565.3984328278
6806,95131,95131 Schwarzenbach a. Wald,4763,50.543845,123656342.220215,75712.4376586656
6807,95234,95234 Sparneck,1695,16.370827,39820088.8920898,34135.993371055
6808,95032,95032 Hof,11711,16.208136,39645642.3955078,34838.3515669224
6809,96489,96489 Niederfüllbach,1583,2.575413,6285303.09423828,16554.4010808185
6810,96145,96145 Seßlach,4073,72.514193,176816466.010742,90335.766681439
6811,96479,96479 Weitramsdorf,5004,33.730162,82416908.684082,59491.7864762331
6812,96450,96450 Coburg,41127,48.297662,118084987.030273,80533.7427601144
6813,96253,96253 Untersiemau,4130,20.468307,49907300.7041016,46797.5645805241
6814,96524,96524 Föritztal,9258,98.147017,240782203.682617,133351.620238828
6815,96184,96184 Rentweinsdorf,1554,24.645336,59737704.9619141,54373.6793791839
6816,96486,96486 Lautertal,4098,30.334821,74413400.9116211,57305.5984788681
6817,96106,96106 Ebern,7262,94.988417,230647021.386719,89565.3441725496
6818,96274,96274 Itzgrund,2300,33.079812,80447812.6411133,63180.8811872619
6819,96242,96242 Sonnefeld,4960,34.717556,84778766.7763672,63174.171435621
6820,96515,96515 Sonneberg,24264,84.981428,209020676.557617,135491.820836853
6821,96166,96166 Kirchlauter,1395,16.884794,40905884.4633789,36444.4432186061
6822,96482,96482 Ahorn,4282,19.88548,48536740.1357422,51743.9964523722
6823,96465,96465 Neustadt b. Coburg,15462,61.890319,151608751.604492,90755.8595980713
6824,95189,95189 Köditz,2571,31.4324,77076800.4384766,73126.7430149939
6825,56346,56346 Sankt Goarshausen u.a.,1942,15.785686,38470214.4941406,86066.9198975433
6826,65556,65556 Limburg,2358,4.277273,10518354.5527344,14738.9160468664
6827,65554,65554 Limburg,1221,5.50063,13550768.4003906,18221.3962299674
6828,92702,92702 Kohlberg,1216,33.425944,79461851.8896484,62645.3643039122
6829,92648,92648 Vohenstrauß,7503,75.190352,178850686.514648,104882.60347608
6830,92676,92676 Eschenbach i.d. OPf.,5167,70.032564,167677871.115723,133401.527077146
6831,92720,92720 Schwarzenbach,1214,12.00058,28668999.5712891,59808.6540809381
6832,92694,92694 Etzenricht,1627,13.637038,32446744.159668,36239.6717236592
6833,92717,92717 Reuth b. Erbendorf,1245,16.885293,40561943.6123047,32544.6975769446
6834,92727,92727 Waldthurn,2001,30.997843,73915218.0410156,67341.8266163321
6835,65549,65549 Limburg,17139,10.125167,24891662.1738281,27685.1486375358
6836,91054,91054 Erlangen,21327,9.08897,21622757.831543,36102.464514834
6837,92709,92709 Moosbach,2504,64.270371,152566738.119141,82428.6235507157
6838,92693,92693 Eslarn,2802,55.270407,131223263.28125,77912.1991789937
6839,92726,92726 Waidhaus,2302,37.320923,88870614.4091797,64349.980157623
6840,91052,91052 Erlangen,27451,6.441514,15315079.1469727,26789.5800526348
6841,92708,92708 Mantel,2990,47.41347,113072725.569336,86375.2999640058
6842,92670,92670 Windischeschenbach,5197,36.361743,87183029.3676758,68671.4781459814
6843,91058,91058 Erlangen,24706,17.994146,42731098.7524414,37922.9013002196
6844,91056,91056 Erlangen,33405,44.990041,106968794.408203,66248.2872355766
6845,95496,95496 Glashütten,1380,3.51432,8457523.88623047,21308.415643558
6846,95482,95482 Gefrees,4569,50.352099,122183815.765625,84521.3566659713
6847,95514,95514 Neustadt a. Kulm,1219,20.339586,48811224.0078125,44358.7548512068
6848,95488,95488 Eckersdorf,5122,51.641397,124600692.952148,90716.8913381728
6849,95444,95444 Bayreuth,11482,2.24159,5406031.51611328,18853.3758033833
6850,95497,95497 Goldkronach,3610,36.487552,88207173.4916992,55336.2951547867
6851,95466,"95466 Weidenberg, Kirchenpingarten",7450,102.594077,247351989.085938,123437.220761374
6852,95515,95515 Plankenfels,887,13.963227,33606442.9389648,42564.2010356473
6853,95517,95517 Emtmannsberg,2355,39.509971,95069792.1899414,81786.6268983288
6854,95491,95491 Ahorntal,2261,59.257593,142353696.046875,117295.986900929
6855,95447,95447 Bayreuth,16562,10.890631,26247288.7421875,33985.1575489624
6856,95503,95503 Hummeltal,2386,18.41167,44275025.6030273,63998.1848636151
6857,95445,95445 Bayreuth,19542,17.003355,41029274.7387695,44817.4310296814
6858,95493,95493 Bischofsgrün,1960,56.179073,136109883.29834,94465.5674092485
6859,95028,95028 Hof,20101,17.034653,41731248.4541016,36057.2820743248
6860,95185,95185 Gattendorf,1090,21.78482,53371316.7045898,48833.3154800875
6861,95176,95176 Konradsreuth,3326,43.28475,105735342.842773,60675.9560584693
6862,95126,95126 Schwarzenbach a.d. Saale,7425,58.42517,142442257.594238,92563.3075084104
6863,95233,95233 Helmbrechts,8892,58.705863,143325048.364258,104392.366053718
6864,95030,95030 Hof,12978,25.23364,61794845.2407227,69256.873003109
6865,95180,95180 Berg,2319,38.878759,95474254.4306641,73453.3804032652
6866,95179,95179 Geroldsgrün,3001,32.291683,79179449.0820313,61753.651589646
6867,56316,56316 Raubach,2944,11.650968,28868180.9907227,28340.7124329067
6868,56377,56377 Nassau,5409,29.259519,71696261.8452148,81113.7042295045
6869,56329,56329 Sankt Goar,2808,23.004636,55981533.6572266,36983.4913792666
6870,56341,56341 Kamp-Bornhofen-Filsen,2239,13.407597,32737946.6972656,51884.1241070983
6871,56349,56349 Kaub,888,13.028691,31637688.7314453,52070.7500616134
6872,56321,56321 Rhens,4493,18.35484,44903806.7773438,40607.4313220855
6873,56333,56333 Winningen,2475,6.738365,16518246.0483398,17791.4660361884
6874,56348,"56348 Bornich, Patersberg",4448,48.766033,118678396.418945,110908.438438621
6875,56357,56357 Miehlen u.a.,13782,164.891318,402207724.551758,226332.576669525
6876,56332,"56332 Lehmen, Niederfell, Oberfell, Wolken u.a.",11061,87.081899,212860254.037109,113477.0513969
6877,56337,56337 Eitelborn,7100,30.161485,74133673.456543,68809.0787770758
6878,56355,56355 Nastätten u.a.,6145,40.732444,99375261.5493164,107948.225411345
6879,56307,56307 Dürrholz,2679,14.440248,35770808.7446289,43252.3620002087
6880,56370,56370 Schönborn,5878,79.252798,193927631.603027,153049.513584671
6881,56340,56340 Osterspai,2296,23.634408,57757928.4755859,69037.8651022394
6882,56305,56305 Puderbach,3056,16.932768,42007117.6040039,41442.2949810092
6883,56368,56368 Katzenelnbogen,4207,32.292856,79002051.3681641,75005.007226666
6884,56317,56317 Urbach,2024,16.696055,41336670.5932617,38770.7872090221
6885,56379,56379 Singhofen,7618,67.340311,165094418.921387,181456.087314567
6886,92715,92715 Püchersreuth,1608,25.15432,60209278.1572266,59632.0528180396
6887,92714,92714 Pleystein,2473,42.372121,100895121.232422,73099.5183106269
6888,92690,92690 Pressath,4429,66.532977,159260337.8125,96482.2715753138
6889,92724,92724 Trabitz,1314,26.716949,63997061.2011719,53510.2417465629
6890,92705,92705 Leuchtenberg,1263,32.383983,76931932.1743164,56062.2258881388
6891,92706,92706 Luhe-Wildenau,3392,38.596315,91686887.3085938,78273.9993704981
6892,92685,92685 Floß,3549,54.375688,129901998.499023,72674.0442540174
6893,92723,92723 Tännesberg,2254,57.529086,136362785.418945,82597.2118077752
6894,92697,92697 Georgenberg,1385,36.832359,87905034.7285156,62777.6039293104
6895,92655,92655 Grafenwöhr,6457,217.754088,519511815.180176,190226.352212284
6896,92660,92660 Neustadt a.d. Waldnaab,5931,9.929448,23730569.1831055,34318.5071738934
6897,92696,92696 Flossenbürg,1624,23.321411,55748246.9902344,41989.4248472701
6898,92712,92712 Pirk,1769,26.14393,62182532.534668,54330.4951941196
6899,92729,92729 Weiherhammer,3008,25.902127,61668779.2275391,65627.4762246468
6900,92703,92703 Krummennaab,1535,17.67871,42447851.9506836,53156.9800310911
6901,92711,92711 Parkstein,2259,30.774178,73555773.1689453,76234.4524924376
6902,92681,92681 Erbendorf,5228,67.511776,162062951.270996,90974.2012046206
6903,92721,92721 Störnstein,1449,10.974628,26238251.6757813,34880.8476150509
6904,92700,92700 Kaltenbrunn,795,14.197896,33834409.7075195,31157.5053502549
6905,92718,92718 Schirmitz,2033,4.942877,11772732.3144531,19134.8283933896
6906,92699,92699 Bechtsried,2252,10.058831,23944551.4790039,34493.7191338399
6907,92665,92665 Altenstadt a.d. Waldnaab,5747,61.362041,146776084.191895,92947.9175078024
6908,79541,79541 Lörrach,12979,25.606757,56395303.1865234,48290.3566592667
6909,79539,79539 Lörrach,20385,9.116132,20060747.0410156,34635.6396990809
6910,95615,95615 Marktredwitz,17373,49.459207,119568441.223145,70481.1845105871
6911,95173,95173 Schönwald,3447,19.226016,46850382.2177734,42779.0852452202
6912,95659,95659 Arzberg,5468,43.263533,104738238.44043,65765.6662590067
6913,95100,95100 Selb,15467,102.126634,248510639.942871,131954.225187947
6914,95632,95632 Wunsiedel,9600,64.603332,156366434.721191,109409.145906641
6915,35037,35037 Marburg,22381,9.608408,24043546.1113281,27047.2145926339
6916,35392,35392 Gießen,9697,6.794084,16828331.3662109,25778.8258012797
6917,35396,35396 Gießen,17839,15.617352,38767774.6889648,31027.8800687225
6918,35043,35043 Marburg,13740,53.376581,133498057.716797,98383.3881333006
6919,35394,35394 Gießen,15968,24.897616,61710743.4785156,40741.9248729237
6920,35039,35039 Marburg,21584,10.707594,26803165.3911133,31687.095793398
6921,35390,35390 Gießen,14922,2.636183,6536512.94580078,14667.8229421275
6922,90763,90763 Fürth,27731,5.363139,12683232.4121094,18397.352634787
6923,90762,90762 Fürth,18429,2.367523,5602994.97949219,13878.4797577848
6924,90766,90766 Fürth,23382,7.059074,16714079.2089844,17514.5732323722
6925,90768,90768 Fürth,20625,31.161919,73805819.4780273,62413.4231930836
6926,92549,92549 Stadlern,507,10.609271,25108000.2832031,33401.7491411106
6927,92445,92445 Neukirchen-Balbini,1149,48.255648,113242406.900879,78911.0097270287
6928,92559,92559 Winklarn,1440,33.766342,79703837.296875,55048.5567793527
6929,92536,92536 Pfreimd,5426,51.462123,121824868.076172,86793.2630354413
6930,92269,92269 Fensterbach,2374,26.97508,63621375.0180664,60028.834539137
6931,35586,35586 Wetzlar,3309,4.652057,11534630.5332031,17582.3007347729
6932,35578,35578 Wetzlar,17813,18.44552,45652831.3461914,44481.1152715431
6933,35579,35579 Wetzlar,1624,3.499999,8662194.29541016,14314.2709329798
6934,35580,35580 Wetzlar,3509,6.729002,16640930.4326172,23772.837408127
6935,35585,35585 Wetzlar,946,10.420148,25867677.2978516,28093.8329900608
6936,35583,35583 Wetzlar Garbeinheim,2045,4.39439,10886868.9921875,16616.9080038706
6937,35582,35582 Wetzlar,3027,5.273453,13061689.4003906,19655.8998500852
6938,35581,35581 Wetzlar,2368,5.283958,13079446.4970703,19660.8890323795
6939,35576,35576 Wetzlar,12451,9.327732,23107841.5878906,28971.0528827715
6940,35584,35584 Wetzlar,3755,7.612869,18883014.6713867,31663.585063609
6941,93458,93458 Eschlkam,3438,60.5387,142041698.027344,69899.5060206221
6942,93167,93167 Falkenstein,3251,45.537235,106047461.494141,82986.4342650246
6943,93191,93191 Rettenbach,1775,27.136099,63100399.8544922,66333.4087316224
6944,93492,93492 Treffelstein,1007,20.909936,49315399.6826172,48538.8976579432
6945,93471,93471 Arnbruck,1998,37.878611,88291824.7880859,54173.3773793483
6946,93199,93199 Zell,1851,32.918517,76786239.324707,68868.6105995606
6947,93482,93482 Pemfling,2264,44.616808,104622420.703125,86489.3585953072
6948,93455,93455 Traitsching,4020,45.39009,105814887.977539,75595.7490605605
6949,93486,93486 Runding,2309,21.046546,49239219.2851563,48689.9573830031
6950,35687,35687 Dillenburg,1983,8.571381,21371813.9169922,26031.7905444909
6951,35690,35690 Dillenburg,1110,12.412881,31020395.8178711,33776.1901955975
6952,35686,35686 Dillenburg,1523,9.481031,23639782.3149414,23548.5015978229
6953,35684,35684 Dillenburg,3785,9.139266,22848615.8554688,23685.025312714
6954,35688,35688 Dillenburg,2193,15.02834,37506732.6030273,29118.9989301861
6955,35685,35685 Dillenburg,2625,7.759478,19388872.3178711,21916.0415570867
6956,35683,35683 Dillenburg,9506,15.234904,38020541.1098633,34369.6582998192
6957,35689,35689 Dillenburg,1168,6.074455,15165842.0820313,18599.874048621
6958,93161,93161 Sinzing,6789,44.147464,102375256.986328,76429.3479705915
6959,93057,93057 Regensburg,16883,10.720572,24924166.8823242,30763.4307268996
6960,93087,93087 Alteglofsheim,3169,13.14113,30385565.2075195,30473.360727233
6961,93095,93095 Hagelstadt,1974,20.784095,48014138.2333984,48555.9263596978
6962,93073,93073 Neutraubling,12578,9.800702,22720008.0288086,26325.2371705265
6963,93090,93090 Bach an der Donau,1822,14.692026,34113546.4487305,37688.3498954355
6964,93098,93098 Mintraching,4716,53.81754,124590451.485352,75137.746422114
6965,93158,93158 Teublitz,7357,38.271781,89635379.7094727,65857.5223213385
6966,93051,93051 Regensburg,23431,6.957398,16144707.3730469,23301.8129702285
6967,93096,93096 Köfering,2337,5.291567,12246699.8540039,22352.5711119846
6968,93104,93104 Sünching,2716,43.397486,100254059.301758,68059.3814747311
6969,93138,93138 Lappersdorf,12957,34.467769,80207607.7705078,54409.6626217337
6970,93173,93173 Wenzenbach,8204,29.854052,69470979,55494.6629769907
6971,93183,93183 Kallmünz,3788,58.768716,137225295.17041,91103.3790539856
6972,93055,93055 Regensburg,19750,29.601711,68690303.7568359,54674.796074171
6973,93086,93086 Wörth an der Donau,4454,52.315149,121366956.77832,84699.7631942426
6974,93197,93197 Zeitlarn,5796,16.07548,37429418.4423828,45119.6159429372
6975,93099,93099 Mötzing,1582,36.00696,83200603.0063477,53779.8186721308
6976,93107,93107 Thalmassing,3257,37.167805,85913135.1782227,73268.6994716398
6977,93149,93149 Nittenau,8386,98.754308,230995381.071289,133555.731127785
6978,93049,93049 Regensburg,24464,6.66223,15469664.9887695,19307.0030420192
6979,93177,93177 Altenthann,1578,45.717915,106355986.371582,73372.8660860701
6980,93188,93188 Pielenhofen,1407,14.618055,34024406.5493164,41146.3398866927
6981,93059,93059 Regensburg,15685,9.982167,23189233.6274414,37538.7735497877
6982,93089,93089 Aufhausen,1757,27.249936,62898083.1767578,52549.8797110846
6983,93102,93102 Pfatter,3031,48.156963,111526686.79248,72370.8967382562
6984,93133,93133 Burglengenfeld,12090,93.29445,218460820.039551,127970.360501044
6985,93155,93155 Hemau,8463,122.323599,284395069.899414,121361.948339596
6986,93053,93053 Regensburg,22650,15.084609,34985249.5400391,40569.5072534525
6987,93180,93180 Deuerling,2083,7.107971,16513541.4384766,27569.588045824
6988,93195,93195 Wolfsegg,1475,15.931829,37122986.9116211,36250.1863196594
6989,93080,93080 Pentling,5666,32.596511,75510196.9975586,79850.8324557125
6990,93092,93092 Barbing,5105,30.62636,71046747.5288086,48432.8459519256
6991,93356,93356 Teugn,1597,16.278204,37604560.84375,34545.5124178859
6992,79111,79111 Freiburg im Breisgau,21381,19.355108,43209809.6113281,47203.6743814937
6993,94566,94566 Riedlhütte,1653,4.087151,9435691.59667969,14764.3941851813
6994,94536,94536 Eppenschlag,1014,17.074924,39401269.5341797,39323.9230189535
6995,94513,94513 Schönberg,3916,32.831527,75588308.0996094,54700.827889637
6996,94169,94169 Thurmansbang,2320,32.988272,75748142.3115234,61245.3200359594
6997,94556,94556 Neuschönau,2266,39.05837,90170096.2685547,48694.8602223417
6998,94481,94481 Grafenau,8391,63.78399,146895457.725586,72302.4928584719
6999,94078,94078 Freyung,6900,48.7819,112207959.017578,90184.1791845173
7000,94547,94547 Iggensbach,2054,19.134423,43861535.1982422,46903.2195433754
7001,94563,94563 Otzing,1930,30.394318,69795198.6474609,49763.1091918993
7002,94526,94526 Metten,4151,12.080407,27846958.6376953,36798.7501957886
7003,94541,94541 Grattersdorf,1285,25.960489,59705045.6777344,63284.7866875783
7004,94533,94533 Buchhofen,893,15.799408,36196226.0498047,36738.3025984687
7005,94113,94113 Tiefenbach,6643,49.753424,113632844.805664,70723.8187973796
7006,94501,94501 Aldersbach,8321,83.399614,190107136.858398,125685.275654883
7007,94036,94036 Passau,19466,31.040891,70724782.7841797,64399.0476158161
7008,94094,94094 Rotthalmünster,6092,69.874014,157900240.926758,94476.2116736119
7009,94496,94496 Ortenburg,7079,60.922185,138720391.776367,88387.190717847
7010,94032,94032 Passau,14884,8.351987,19022319.2851563,27475.5040575262
7011,94148,94148 Kirchham,2086,17.979652,40603987.7353516,36525.5863508353
7012,94081,94081 Fürstenzell,7724,79.380783,180559892.84668,106073.857788309
7013,94164,94164 Sonnen,1397,16.496562,37716574.0195313,40195.1675443083
7014,86507,86507 Oberottmarshausen,2781,24.201236,54491515.1899414,45010.0964868667
7015,86500,86500 Kutzenhausen,2460,27.884333,63126610.9477539,61892.8225989997
7016,86517,86517 Wehringen,2920,14.041926,31655278.003418,29026.2225345083
7017,86505,86505 Münsterhausen,1979,18.496855,41809605.7143555,37759.2372541277
7018,86562,86562 Berg im Gau,1229,22.552061,51605403.8945313,44315.672334819
7019,86519,86519 Wiesenbach,975,11.486662,25944552.0722656,31160.5315300236
7020,86502,86502 Laugna,1539,27.573055,62802730.8808594,50724.0432719514
7021,94368,94368 Perkam,1558,14.266278,32911871.4248047,32156.5448576939
7022,94347,94347 Ascha,1569,19.545299,45306649.0927734,60095.0008898485
7023,94375,94375 Stallwang,1415,20.600999,47901226.0126953,50472.0416745903
7024,94354,94354 Haselbach,1718,18.484217,42865203.1171875,61897.5234524776
7025,94315,94315 Straubing,44503,68.16444,157335399.026855,87485.5634331178
7026,94327,94327 Bogen,9660,49.822683,115139882.889648,78513.2513845113
7027,94363,94363 Oberschneiding,2758,60.809857,139793692.955566,75077.40887406
7028,94342,94342 Straßkirchen,4403,54.314579,125130309.8125,66224.199773804
7029,94371,94371 Rattenberg,1773,30.231295,70322558.546875,53812.290334124
7030,94350,94350 Falkenfels,1014,11.515212,26709000.3828125,42580.1325017556
7031,94379,94379 Sankt Englmar,1528,36.943975,85672908.5488281,62867.8817972851
7032,86486,86486 Bonstetten,1217,6.801967,15450893.2958984,23556.281787818
7033,86424,86424 Dinkelscherben,6516,71.008968,160665860.318848,103245.360261695
7034,79114,79114 Freiburg im Breisgau,21091,3.60992,8061806.9765625,19535.1274067036
7035,79112,79112 Freiburg im Breisgau,12470,35.330939,78894399.9140625,52352.0398285824
7036,84489,84489 Burghausen,17504,19.877571,44596278.5605469,43683.6408890592
7037,84529,84529 Tittmoning,5870,72.124327,161087056.714844,77594.7613911691
7038,84567,84567 Erlbach,2382,42.304802,95391853.7099609,74124.4983714977
7039,84556,84556 Kastl,2672,27.661177,62122379.0869141,44115.959948591
7040,84533,84533 Marktl,6103,62.393717,140378599.650879,77454.6823589311
7041,84577,84577 Tüßling,3199,19.622653,44103926.7788086,41544.4893719218
7042,84576,84576 Teising,1847,5.373548,12088703.9023438,21321.4703989294
7043,84508,84508 Burgkirchen an der Alz,10028,46.258152,103733056.394531,75603.053985719
7044,84568,84568 Pleiskirchen,2388,52.579277,118686498.744629,85178.0174919841
7045,84543,84543 Winhöring,4662,24.554329,55322934.0244141,49838.6558086255
7046,56269,56269 Dierdorf,6325,37.401402,92581328.1503906,67988.397990945
7047,56220,56220 Urmitz,14320,32.042577,78744237.0585938,68631.7856609609
7048,56294,56294 Münstermaifeld,4941,48.237381,117860515.928711,74351.6278484099
7049,56253,56253 Treis-Karden,2310,34.287762,83488235.4746094,59766.0021836817
7050,56271,56271 Kleinmaischeid,3834,30.711712,76064897.1313477,87471.747860004
7051,56290,56290 Beltheim,6689,115.05136,279662312.351074,140246.051185424
7052,56295,56295 Lonnig,2539,16.398038,40168707.0717773,32392.8737273969
7053,56242,56242 Selters (Westerwald),5195,22.179855,54846571.6147461,65125.9620507728
7054,56283,"56283 Wildenbungert, Gondershausen, Nörtershausen u.a.",5533,66.739055,162624696.536133,105819.129053086
7055,56291,56291 Leiningen,5651,71.271014,173110743.017578,96490.0461095053
7056,56288,56288 Kastellaun,9952,94.308958,228691537.062012,121616.614719775
7057,56235,56235 Ransbach-Baumbach,7792,13.54615,33408179.1757813,32279.3408184923
7058,56237,56237 Nauort,6810,36.370352,89766881.8579102,63093.9176285537
7059,56276,56276 Großmaischeid,2659,17.957752,44357386.6088867,39882.6137607496
7060,56281,56281 Emmelshausen,6512,26.049502,63410923.6855469,55802.6347651093
7061,56206,56206 Hilgert,1780,5.890864,14523623.8920898,17964.7744708529
7062,86462,86462 Langweid a. Lech,7265,23.528147,53526365.1274414,44317.1664959873
7063,86405,86405 Meitingen,10787,29.795484,67949488.6987305,65323.7709157168
7064,86485,86485 Biberbach,3378,36.857541,83938440.3579102,76027.8930018373
7065,86456,86456 Gablingen,4485,26.656128,60580806.1479492,49952.9893959058
7066,86494,86494 Emersacker,1349,11.63621,26473022.6484375,27040.6560069608
7067,86441,86441 Zusmarshausen,6078,68.612282,155640922.414551,106490.295418826
7068,86465,86465 Welden,4518,35.255165,80132835.3261719,70622.7685336704
7069,86343,86343 Königsbrunn,26970,18.54696,41828543.84375,34404.9606376816
7070,86564,86564 Brunnen,1603,32.16782,73598280.2636719,50453.6696759424
7071,86558,86558 Hohenwart,4414,52.270827,119398550.839355,96679.3913177372
7072,86579,86579 Waidhofen,2208,27.310298,62345936.597168,68465.6240574672
7073,86571,86571 Langenmosen,1488,23.837925,54479347.5253906,42016.7897277639
7074,86561,86561 Aresing,2689,29.948064,68223055.1694336,61280.6034704913
7075,86529,86529 Schrobenhausen,15926,75.154948,171537973.652344,119409.798220055
7076,86565,86565 Gachenbach,2360,30.198841,68743330.3115234,64802.8536248493
7077,86167,86167 Augsburg,14720,4.64193,10523172.2524414,20763.3574547944
7078,86169,86169 Augsburg,15950,16.107679,36552338.2802734,38843.5149801451
7079,86156,86156 Augsburg,24305,9.816486,22251744.3769531,29119.8603889455
7080,86154,86154 Augsburg,19348,4.302138,9753219.61425781,17352.6005606556
7081,86153,86153 Augsburg,16336,5.113052,11583816.2280273,27875.5487178327
7082,83313,83313 Siegsdorf,8100,57.108928,126405218.060059,76090.7459373164
7083,83368,83368 St. Georgen,1436,6.766384,15075073.487793,18620.5743414908
7084,83339,83339 Chieming,4678,37.699509,83787537.6469727,64817.7089498447
7085,83376,83376 Seeon-Seebruck,1560,13.154885,29288017.4521484,31837.9987580218
7086,83242,83242 Reit im Winkl,2372,71.92547,158355370.004395,59172.641442056
7087,83355,83355 Grabenstätt,4183,37.779011,83742130.2319336,74482.1833265001
7088,83278,83278 Traunstein,18705,48.589091,107835662.959961,87876.8024431429
7089,83324,83324 Ruhpolding,6411,147.932105,326440896.773926,90756.8547248174
7090,83371,83371 Stein a.d. Traun,1370,3.277667,7305187.80273438,19318.1897766979
7091,83132,83132 Pittenhart,1647,27.897924,62157477.3237305,54254.4939622283
7092,83346,83346 Bergen,4786,36.95773,81758337.5073242,54623.2716088612
7093,83379,83379 Wonneberg,1472,18.101415,40204442.0419922,39285.1567568086
7094,83250,83250 Marquartstein,3172,13.41479,29638637.2397461,32453.9491270885
7095,83308,83308 Trostberg,11229,51.735039,115499421.549316,75096.1741701463
7096,83367,83367 Petting,2294,29.843503,66282261.1108398,67280.0392173566
7097,83334,83334 Inzell,4498,45.270359,100028917.218262,56607.1746621831
7098,83374,83374 Traunreut,2012,12.122943,26970407.9614258,31809.1155871856
7099,83236,83236 Übersee,4851,30.573492,67726343.265625,48921.4513001745
7100,83352,83352 Altenmarkt a.d. Alz,4231,26.127745,58268300.637207,55177.7761155115
7101,83417,83417 Kirchanschöring,3117,24.97193,55559937.2729492,50417.2810742221
7102,83259,83259 Schleching,1663,45.210448,99757429.9038086,46194.0427562379
7103,83362,83362 Surberg,3115,23.748528,52683086.1767578,45620.7430610698
7104,83370,83370 Seeon-Seebruck,1761,23.891035,53221228.6870117,49743.1083840908
7105,83119,83119 Obing,3975,43.851602,97850309.1303711,73648.4385817479
7106,83342,83342 Tacherting,5502,50.184325,112264925.652344,71302.7477816723
7107,83377,83377 Vachendorf,1843,9.961,22076091.3105469,31683.2539881325
7108,83364,83364 Neukirchen am Teisenberg,936,16.078857,35607752.6347656,28349.0909911866
7109,83435,83435 Bad Reichenhall,16853,42.03453,92734810.6201172,75896.9847335753
7110,83471,83471 Berchtesgaden & Schönau,12968,197.159071,432411141.152344,158133.195163865
7111,83404,83404 Ainring,9536,32.952861,72943903.0727539,44868.9030353848
7112,83454,83454 Anger,4307,46.031018,101812926.700684,62668.9509073609
7113,83112,83112 Frasdorf,2921,32.772539,72529730.1547852,59272.8995977489
7114,83254,83254 Breitbrunn a. Chiemsee,1553,8.069582,17923259.6054688,41601.1301122649
7115,83550,83550 Emmering,1451,17.297364,38577854.5087891,37709.8917106015
7116,83620,83620 Feldkirchen-Westerham,10283,53.276581,118466778.037109,67856.1253026122
7117,83071,83071 Stephanskirchen,9848,26.506163,58813354.3505859,53079.6049057334
7118,83123,83123 Amerang,3545,39.817314,88846416.8984375,63418.9233614833
7119,83527,83527 Haag i. OB,7636,41.465778,93120445.597168,72767.3535213629
7120,83555,83555 Gars a. Inn,834,4.690452,10519861.5390625,16127.9598766735
7121,83083,83083 Riedering,5446,38.105785,84471883.8452148,62226.1627443721
7122,83128,83128 Halfing,2627,22.817032,50798750.9213867,46982.388800103
7123,83536,83536 Gars a. Inn,2047,22.150657,49701141.8842773,47804.7132017562
7124,83559,83559 Gars a. Inn,420,7.390314,16581456.3227539,24223.8699499094
7125,83022,83022 Rosenheim,18749,4.489222,9958414.62158203,17122.7840230835
7126,83098,83098 Brannenburg,5626,33.733771,74474966.8632813,68720.4697380767
7127,83209,"83209 Prien a. Chiemsee, Herrenchiemssee",9894,40.188305,89117079.5712891,66088.8925651297
7128,83134,83134 Prutting,2554,16.212289,36007285.3168945,43572.4359272978
7129,83544,83544 Albaching,1654,18.143985,40642767.3793945,37994.8515037716
7130,83564,83564 Soyen,2707,28.920458,64769647.4169922,52633.8656679737
7131,83043,83043 Bad Aibling,17050,41.482046,92057913.2543945,75952.5045398944
7132,83109,83109 Großkarolinenfeld,6930,29.12434,64722504.9082031,54094.8381753779
7133,83253,83253 Rimsting,3729,19.965854,44316333.4960938,43932.485276259
7134,83549,83549 Eiselfing,2883,34.866793,77867604.0249023,59018.0507792047
7135,83569,83569 Vogtareuth,3042,34.290771,76288160.4550781,57401.5643633062
7136,83064,83064 Raubling,11053,40.787294,90239387.2163086,52866.8302135653
7137,83024,83024 Rosenheim,16249,9.466746,21011674.0517578,28604.4163313777
7138,83229,83229 Aschau i. Chiemgau,5449,79.581794,175753475.335449,73026.6757498004
7139,83135,83135 Schechen,4536,31.400327,69846937.3798828,51704.1828580018
7140,83546,83546 Gars am Inn,438,9.420509,21153523.0957031,27301.269106676
7141,83052,83052 Bruckmühl,15732,50.265417,111669989.688477,69634.7825724043
7142,84367,84367 Tann,7911,97.191502,219356842.960938,107719.434593576
7143,84337,84337 Schönau,1955,36.155683,82161536.0986328,55240.038692784
7144,84389,84389 Postmünster,2357,43.466983,98517455.5683594,65785.0716438368
7145,84326,84326 Falkenberg,4669,89.546287,203331593.830078,97842.4989249276
7146,84378,84378 Dietersburg,3163,55.162497,125365597.334961,86485.8846469982
7147,84359,84359 Simbach a. Inn,9643,47.360537,106748581.782227,66236.2589875944
7148,84333,84333 Malgersdorf,1233,11.47289,26107879.2993164,35701.8532422177
7149,84385,84385 Egglham,2388,36.832336,83770475.3369141,59117.4358118987
7150,84307,84307 Eggenfelden,12790,44.393778,100547685.700195,55879.7076824598
7151,84371,84371 Triftern,5255,62.442272,141292762.330078,91010.9283224576
7152,84339,84339 Unterdietfurt,2090,27.459247,62157159.7255859,59367.4521965557
7153,84552,84552 Geratskirchen,849,12.922317,29208666.3251953,47414.3486331298
7154,84329,84329 Wurmannsquick,3743,49.329188,111498720.524414,73100.1927297943
7155,84381,84381 Johanniskirchen,2437,40.565174,92355191.2626953,66389.0851445694
7156,84364,84364 Bad Birnbach,5517,68.91314,156273258.196289,90335.5566276383
7157,84555,84555 Jettenbach,705,9.14764,20529026.5654297,22652.9041988317
7158,84431,84431 Heldenstein,3390,39.77165,89525587.2749023,64073.2061055519
7159,84570,84570 Polling,3291,43.876632,98630932.8730469,81187.7839267533
7160,84494,84494 Neumarkt-Sankt Veit,9278,127.38957,287974209.728027,157677.119454128
7161,84544,84544 Aschau a. Inn,3087,20.781958,46706784.9467773,47384.6891543746
7162,84562,84562 Mettenheim,3420,27.142277,61170692.5771484,57784.4169097568
7163,84453,84453 Mühldorf a. Inn,16849,29.505695,66434752.7626953,62544.3531878244
7164,84109,84109 Wörth a.d. Isar,2440,4.843928,11070859.2207031,19229.5436105315
7165,84088,84088 Neufahrn i. NB,3820,39.195462,89982881.4272461,63476.7908968186
7166,84149,84149 Velden,6467,49.423618,111828437.586914,94086.0575289164
7167,84032,"84032 Landshut, Altdorf",20551,26.526798,60483062.5234375,38667.1060064838
7168,84178,84178 Kröning,1963,39.639738,90267493.234375,74374.1433623132
7169,84168,84168 Aham,1932,37.992493,86478835.5678711,69476.6293203597
7170,84051,84051 Essenbach,11118,83.547538,190932129.432129,86514.0143146196
7171,84184,84184 Tiefenbach,3625,24.71488,56195562.1801758,54021.4647509921
7172,84100,84100 Niederaichbach,3636,34.09674,77822907.7675781,68947.5244409953
7173,84172,84172 Buch a. Erlbach,3475,26.713904,60629817.3457031,56692.277560274
7174,84069,84069 Schierling,7339,77.520367,178602929.046875,97396.2939534198
7175,84189,84189 Wurmsham,1316,28.16351,63679675.4267578,57818.2354437416
7176,84107,84107 Weihmichl,2443,32.128273,73427835.5634766,54600.0551061142
7177,84082,84082 Laberweinting,3359,76.250759,175346566.635742,107790.851683862
7178,84144,84144 Geisenhausen,6476,62.278908,141471357.847656,97601.4923821659
7179,84175,84175 Gerzen,2602,39.750851,90339848.3505859,64384.7799652406
7180,84166,84166 Adlkofen,3830,47.884624,109057828.504395,73531.050641703
7181,84028,84028 Landshut,11866,3.991295,9092967.36962891,21322.5713877882
7182,84092,84092 Bayerbach bei Ergoldsbach,1737,25.430172,58315257.2124023,51227.7600256265
7183,84174,84174 Eching,3737,30.173614,68599705.9726563,45504.0135350386
7184,84155,84155 Bodenkirchen,5268,62.105132,140715682.149414,94132.7516568367
7185,84034,84034 Landshut,21661,21.19536,48265111.987793,44902.5787934212
7186,84181,84181 Neufraunhofen,1056,17.990259,40745192.3320313,52010.5816578041
7187,84095,84095 Furth,3407,20.985816,47903541.1323242,46888.7103919729
7188,84169,84169 Altfraunhofen,2065,24.24237,55021153.2827148,48098.9321522442
7189,84056,84056 Rottenburg a.d. Laaber,7653,90.199923,206938564.062012,105283.761195665
7190,84186,84186 Vilsheim,2395,21.734565,49336429.9711914,55772.7491516652
7191,84061,84061 Ergoldsbach,7399,56.527278,129536121.807617,66219.977621448
7192,84101,84101 Obersüßbach,1714,23.609183,53923372.9829102,50248.4415293754
7193,90459,90459 Nürnberg,27260,1.398911,3305627.91894531,13334.4402045293
7194,90443,90443 Nürnberg,23375,2.225871,5260243.94775391,17125.4491149085
7195,84094,84094 Elsendorf,1996,32.633362,74831335.3901367,59348.3239387082
7196,84048,84048 Mainburg,14027,61.612465,140966466.600586,84169.0259610703
7197,84106,84106 Volkenschwand,1678,29.234806,66796727.762207,54904.8562308108
7198,84089,84089 Aiglsbach,1662,39.765085,91167009.7724609,56784.8704759811
7199,84097,84097 Herrngiersdorf,1181,25.122806,57792395.3413086,57262.9516674854
7200,84072,84072 Au in der Hallertau,5588,55.002585,125393890.668457,81169.0135753097
7201,84091,84091 Attenhofen,1350,31.315404,71686806.6352539,57173.4314229311
7202,84104,84104 Rudelzhausen,3260,40.856622,93276474.4829102,71438.8575358582
7203,84085,84085 Langquaid,5254,56.638128,130526402.679688,106014.105651893
7204,57072,57072 Siegen,25016,22.809557,57264330.543457,45129.7666221047
7205,57076,57076 Siegen,14919,6.893599,17320037.449707,18484.1708897042
7206,81543,81543 München,19962,2.943451,6596837.54492188,13612.9202825859
7207,57074,57074 Siegen,20751,25.967126,65171338.5673828,47627.5745949301
7208,57078,57078 Siegen,18787,27.209429,68435713.4912109,54993.2442399894
7209,57080,57080 Siegen,19773,31.735916,79537765.2216797,57695.8687665188
7210,39261,39261 Zerbst/Anhalt,13626,39.2523,103229887.274414,54886.0553779334
7211,39264,"39264 Güterglück, Lindau, Deetz u.a.",9936,461.533636,1215062000.03711,270069.479412777
7212,06785,06785 Oranienbaum-Wörlitz,8641,116.243505,303739906.775391,118318.435800156
7213,06772,06772 Gräfenhainichen,4909,64.157933,166649783.780273,108573.169305415
7214,06842,06842 Dessau-Roßlau (Innenstadt-Süd und Mildensee),13405,36.198509,94418882.3759766,72509.3331619164
7215,86150,86150 Augsburg,11783,1.927837,4365407.60742188,11239.6301554001
7216,86152,86152 Augsburg,15591,1.868908,4233229.72607422,14674.01039006
7217,86163,86163 Augsburg,20144,5.039445,11403977.0800781,17389.8148950681
7218,86165,86165 Augsburg,14192,7.086841,16056784.4375,23896.7304392893
7219,86161,86161 Augsburg,16288,8.864985,20059546.3955078,24843.4270598436
7220,86159,86159 Augsburg,25819,6.050982,13690237.1748047,23036.6611953564
7221,86157,86157 Augsburg,20873,3.293938,7458043.00927734,11646.8724400656
7222,86199,86199 Augsburg,26077,41.294512,93355045.5820313,64612.4435775648
7223,86179,86179 Augsburg,26354,33.23313,75063996.5141602,46089.1349527731
7224,79110,79110 Freiburg im Breisgau,22065,6.382475,14264590.8959961,30209.8527771346
7225,79108,79108 Freiburg im Breisgau,15501,21.197664,47414515.8671875,41191.5903168083
7226,90453,90453 Nürnberg,16088,12.834317,30254564.3798828,33488.8900038663
7227,90451,90451 Nürnberg,15458,10.27145,24238876.112793,26984.9528813187
7228,83735,83735 Bayrischzell,1475,78.478073,172798279.838867,85063.6329411004
7229,83626,83626 Valley,2946,42.236406,93832067.5854492,71230.9337819479
7230,83700,83700 Rottach-Egern,6922,60.444429,133083218.066406,68257.2208607667
7231,83727,83727 Schliersee,6675,80.105615,176593271.624512,93765.9442071277
7232,83624,83624 Otterfing,4420,21.135996,47010109.4277344,40955.190887312
7233,83629,83629 Weyarn,3276,46.621695,103459550.216797,83087.8074065022
7234,83707,83707 Bad Wiessee,4593,33.052455,72913609.8515625,55469.9384187408
7235,90469,90469 Nürnberg,13530,7.865492,18560987.3066406,21744.7875532981
7236,83646,"83646 Bad Tölz, Wackersberg",20881,96.028429,212300025.16748,116034.640188371
7237,83676,83676 Jachenau,851,128.501132,282399081.108887,114138.183450361
7238,83670,83670 Bad Heilbrunn,3693,40.31137,89126131.7583008,59277.8130935968
7239,83679,83679 Sachsenkam,1284,15.927378,35282849.2646484,32540.3675349462
7240,83623,83623 Dietramszell,5268,96.787506,214913329.963867,107906.453133753
7241,83673,83673 Bichl,2080,13.917969,30730569.2109375,47226.774718566
7242,83674,83674 Gaißach,3000,38.347166,84651579.6367188,59140.5693638902
7243,90473,90473 Nürnberg,16909,2.531807,5973747.63867188,10127.6951166547
7244,56130,"56130 Bad Ems, Altes Forsthaus, Buchenberg, Grenzloch, Heinrichshof, Lindenbach, Schleuse Dausenau, Schleuse Ems",9057,27.747334,68035729.9165039,74308.416835594
7245,41464,41464 Neuss,23096,10.853816,27595330.15625,28969.735176248
7246,56179,56179 Vallendar,9583,16.259637,39998653.0776367,42308.6156010156
7247,56132,"56132 Becheln, Dausenau, Frücht, Kemmenau, Miellen, Nievern, Schöne Aussicht und Waldfrieden-Schweizertal",4308,29.706688,72833724.4145508,86915.070279536
7248,88524,88524 Uttenweiler,3540,50.074375,112530033.237305,88711.4129617701
7249,88529,88529 Zwiefalten,2149,45.351997,102195694.676758,67524.4451704366
7250,88171,88171 Weiler-Simmerberg,6034,31.314511,68816061.3037109,57280.1264296889
7251,88441,88441 Mittelbiberach,4129,23.670305,53026906.6088867,42354.4001095304
7252,88471,88471 Laupheim,19639,61.772293,139188002.616211,99065.501368514
7253,88718,88718 Daisendorf,1545,2.447173,5406139.58789063,11957.3469808008
7254,88284,88284 Wolpertswende,4061,26.289517,58482402.887207,49529.4693112586
7255,88373,88373 Fleischwangen,667,5.801265,12898772.6474609,26088.8734537454
7256,88444,88444 Ummendorf,4373,20.589071,46083313.6616211,51474.143310777
7257,88456,88456 Ingoldingen,2693,43.60437,97460258.3730469,65381.9217925901
7258,88483,88483 Burgrieden,3629,21.85181,49243240.0307617,41551.6908015812
7259,88085,88085 Langenargen,7621,15.276625,33624429.7333984,32758.980958122
7260,88214,88214 Ravensburg,17294,28.910288,63936268.4174805,59901.2055988327
7261,88255,88255 Baienfurt,12080,39.113005,86838852.6015625,59566.8145128068
7262,88317,88317 Aichstetten,2701,33.772127,75118983.3432617,56874.9794635068
7263,88410,88410 Bad Wurzach,14251,182.106752,405322572.308594,143147.481323486
7264,88437,88437 Maselheim,4422,46.939307,105388878.925293,79290.700831806
7265,88453,88453 Erolzheim,3165,26.332826,59016949.4868164,54998.793349662
7266,88690,88690 Uhldingen-Mühlhofen,7809,15.610653,34519345.5844727,36638.7737153771
7267,88046,88046 Friedrichshafen,17566,10.447229,23035681.1772461,27989.1935312564
7268,88149,88149 Nonnenhorn,1686,1.989203,4371720.75390625,12733.2844943872
7269,88719,88719 Stetten,989,4.29256,9476395.39648438,16512.2280717628
7270,88074,88074 Meckenbeuren,13132,31.430263,69398025.6206055,59982.9886785987
7271,88267,88267 Vogt,4506,22.268521,49323267.9243164,42341.4119752713
7272,88276,88276 Berg,4112,28.408493,63035412.8496094,53994.8734832295
7273,88374,88374 Hoßkirch,756,15.857368,35345685.3022461,38987.4314782324
7274,88379,88379 Unterwaldhausen,445,12.411176,27619368.9375,45072.1370245018
7275,88457,88457 Kirchdorf an der Iller,3444,22.812124,51067408.0400391,55083.2582447097
7276,88480,88480 Achstetten,4184,23.311738,52601324.3500977,44212.2044383476
7277,88633,88633 Heiligenberg,2932,40.733501,90433063.3222656,70323.6402032431
7278,88682,88682 Salem,10896,62.686047,138790207.99707,78766.0657568263
7279,88212,88212 Ravensburg,15373,14.961798,33138324.1088867,47417.4194902038
7280,88239,88239 Wangen im Allgäu,26243,101.273735,223545217.719727,132420.539450987
7281,88433,88433 Schemmerhofen,7728,50.208831,112909472.853027,76095.7469753614
7282,88450,88450 Berkheim,2646,25.001584,55938291.4726563,44784.3190926117
7283,88527,88527 Unlingen,2418,26.522016,59639959.7202148,55410.3432885723
7284,88145,88145 Hergatz,4722,35.341977,77865583.7524414,72059.3220199259
7285,88709,88709 Meersburg,6819,14.970704,33061179.5888672,55476.218109255
7286,88178,88178 Heimenkirch,3653,21.312253,46936545.234375,47578.2841890066
7287,88289,88289 Waldburg,3072,22.763806,50373055.4492188,51585.613646856
7288,88371,88371 Ebersbach-Musbach,1689,27.278479,60859883.6601563,57141.0124980052
7289,88376,88376 Königseggwald,654,6.283628,13996517.8857422,19882.3315880382
7290,88487,88487 Mietingen,4091,26.325513,59206500.1367188,58614.8279487458
7291,88138,88138 Sigmarszell,7192,35.930692,79033258.753418,77216.1654377509
7292,88250,88250 Weingarten,22574,12.141388,26919245.199707,31273.5676340176
7293,88339,88339 Bad Waldsee,19417,108.453379,241470877.288086,115474.697941161
7294,88368,88368 Bergatreute,3155,23.148989,51414590.9536133,40677.1830483598
7295,88447,88447 Warthausen,5023,25.641582,57571925.2441406,51378.830820719
7296,88451,88451 Dettingen an der Iller,2286,11.13009,24960839.8881836,31231.1677183716
7297,88521,88521 Ertingen,5394,40.456359,90699920.1308594,69453.8349497126
7298,88147,88147 Achberg,1683,12.896111,28390687.9003906,30207.5826126728
7299,88069,88069 Tettnang,18182,71.176222,156900127.327148,87734.3822828024
7300,88167,88167 Röthenbach (Allgäu),7772,102.172734,224941761.943848,99278.1087124946
7301,88299,88299 Leutkirch im Allgäu,21813,174.880621,387774560.351563,168737.537837431
7302,88319,88319 Aitrach,2495,30.175726,67228540.9233398,62376.7883838674
7303,88377,88377 Riedhausen,646,8.391504,18677780.7431641,25913.6451997353
7304,88489,88489 Wain,1532,20.120116,45249976.3149414,38908.0454095052
7305,88515,88515 Langenenslingen,3476,88.228146,198345947.503418,90095.8811560134
7306,88142,88142 Wasserburg (Bodensee),3510,6.320223,13890282.519043,23314.7777121913
7307,88271,88271 Wilhelmsdorf,4712,38.034032,84514937.4794922,61210.3094349695
7308,88361,88361 Altshausen,5159,43.670476,97305564.2617188,85275.300645682
7309,88448,88448 Attenweiler,1774,27.181025,61057026.5874023,49011.4866519346
7310,88459,88459 Tannheim,2340,27.673779,61805738.9296875,42728.3628154045
7311,63071,63071 Offenbach am Main,21159,6.521277,15834995.5595703,22090.1695075263
7312,81677,81677 München,13175,3.22414,7233622.66503906,17584.0754111803
7313,63739,63739 Aschaffenburg,19687,7.26963,17570549.3989258,25127.198285176
7314,63743,63743 Aschaffenburg,22604,28.602417,69043956.1425781,44501.2365739469
7315,63073,63073 Offenbach am Main,14253,8.88779,21577032.8325195,20618.7237453308
7316,63450,63450 Hanau,19378,5.99643,14584659.0136719,20390.8151075696
7317,63067,63067 Offenbach am Main,18560,2.705286,6574354.35498047,12339.6202593806
7318,63846,63846 Laufach,5215,41.529919,100517988.229004,52254.5042219727
7319,63825,"63825 Schöllkrippen, Blankenbach",8668,57.193058,138927940.21582,104153.861059926
7320,63820,63820 Elsenfeld,8983,28.436051,68328192.527832,54637.8538698516
7321,63457,63457 Hanau,13607,28.656486,69671250.4287109,50853.6981096788
7322,63924,"63924 Kleinheubach, Rüdenau",4398,13.491377,32265644.4926758,29343.0782516541
7323,63069,63069 Offenbach am Main,26223,14.536409,35275794.9858398,36762.3216738692
7324,63454,63454 Hanau,14746,15.130542,36854727.4345703,40878.5587609801
7325,63075,63075 Offenbach am Main,15878,10.664096,25928985.2749023,23747.9272428912
7326,63628,63628 Bad Soden-Salmünster,13446,106.656665,260929897.450684,106649.215032601
7327,63456,63456 Hanau,19475,17.309318,42052741.4277344,30399.1773505677
7328,52078,52078 Aachen,29698,12.572205,31367612.4448242,39735.2476048097
7329,52072,52072 Aachen,21262,19.483701,48742146.5039063,45265.881454435
7330,52064,52064 Aachen,23014,2.205013,5503687.57519531,21120.0138865068
7331,90471,90471 Nürnberg,18579,9.190364,21699248.2827148,25071.2971559328
7332,52074,52074 Aachen,30180,32.526933,81205104.9887695,67176.8521551356
7333,52066,"52066 Aachen (Beverau, Teile von Forst und Kalverbenden)",32021,7.38468,18424669.9975586,27159.4053050407
7334,90478,90478 Nürnberg,17061,2.187854,5170314.12695313,15157.257159449
7335,23843,23843 Bad Oldesloe,27693,99.220673,284219152.454102,124612.866388781
7336,23619,23619 Zarpen,5654,56.798339,163197025.391113,95157.0789712799
7337,23858,23858 Reinfeld (Holstein),11988,59.935018,171858472.791992,80466.9215639395
7338,23863,23863 Bargfeld-Stegen,4460,32.517365,92957733.40625,53990.513611112
7339,41462,41462 Neuss,33890,10.973653,27933680.487793,29149.8462481483
7340,23812,23812 Wahlstedt,9402,52.213916,150516393.047852,76158.4516533765
7341,23815,"23815 Geschendorf, Westerrade und Strukdorf",1289,18.491788,53245624.3017578,38196.4241061052
7342,23829,23829 Wittenborn,1293,13.697847,39419097.2592773,36879.8164197704
7343,23845,"23845 Itzstedt, Seth, Oering, Grabau, Wakendorf I, Bühnsdorf, Bahrenhof, Dreggers und Borstel",8236,64.763455,185769280.071777,116706.508395262
7344,23795,23795 Bad Segeberg,25776,113.939232,328388196.784668,119853.053748463
7345,23826,23826 Bark,2407,47.417241,136395634.65332,64446.4232420585
7346,23623,23623 Ahrensbök,8449,94.431199,272937127.830566,101930.914754161
7347,23827,23827 Wensin,1496,39.963324,115496937.919922,69364.0942884232
7348,23824,23824 Tensfeld,963,15.453405,44781937.8964844,39081.6395346723
7349,23813,23813 Nehms,1214,25.965834,75109800.8803711,48904.3561242029
7350,52222,52222 Stolberg (Rhld.),20927,14.199952,35471059.1079102,38370.8846679176
7351,23714,"23714 Malente, Kirchnüchel",10717,78.451472,228815692.454102,110696.438585309
7352,23730,23730 Neustadt,19855,116.705491,339272214.716309,118911.794360264
7353,23738,23738 Lensahn,8772,104.301343,304650161.363281,115821.514814056
7354,23701,"23701 Eutin, Süsel",21624,116.304978,337925124.46582,122812.501361902
7355,52080,52080 Aachen,26253,15.122926,37781242.4775391,39052.2480804282
7356,52068,52068 Aachen,15319,5.392674,13467413.5981445,19645.3334044357
7357,24340,24340 Eckernförde,24562,60.492051,178785006.777832,108792.929512355
7358,81667,81667 München,17082,1.205527,2703923.13867188,8656.05972707384
7359,24364,24364 Holzdorf,898,15.873563,47132779.5942383,42377.0585747234
7360,24366,24366 Loose,783,13.14263,38960894.1196289,40861.2933812277
7361,24360,24360 Barkelsby,1476,19.709778,58359593.3061523,45134.7278075277
7362,24354,"24354 Rieseby, Kosel, Bösby, Bösbyfeld und Pukholt",4044,70.10109,207941670.391602,89427.200981307
7363,24398,"24398 Dörphof, Brodersby, Karby und Winnemark",2560,36.418322,108447392.347656,62639.0655833925
7364,24351,24351 Damp,1928,41.078228,122131792.308105,85411.3454731196
7365,24357,24357 Fleckeby u.a.,3145,32.525072,96190275.4101563,57791.3074447865
7366,24369,24369 Waabs,1429,33.152347,98313239.8217773,53681.369676399
7367,17459,17459 Koserow,4736,29.635649,85552451.4199219,79895.0093266565
7368,17406,17406 Usedom u.a.,2916,86.575097,248430362.276367,136226.924104825
7369,17454,17454 Zinnowitz,3936,9.085953,26289071.8046875,29514.830845074
7370,17424,17424 Ostseebad Heringsdorf,3355,15.327615,44062458.1191406,31556.9895727543
7371,17419,17419 Seebad Ahlbeck,5376,65.272766,187249820.303711,83915.8654902587
7372,17440,"17440 Kröslin, Krummin, Lassan u.a.",5407,142.485619,410841665.823242,291961.407015414
7373,17429,"17429 Benz, Heringsdorf u.a.",4540,79.429052,228357698.907227,101757.186977246
7374,17438,17438 Wolgast,12632,61.708383,178229418.685547,109933.138423385
7375,17449,17449 Karlshagen,5122,54.324695,157529591.918945,91726.183773904
7376,82515,82515 Wolfratshausen,17173,9.336276,20765029.3139648,25856.024869506
7377,82031,82031 Grünwald,10663,7.682591,17175625.7895508,29033.8084748064
7378,82041,82041 Oberhaching,12364,32.256203,71995492.9487305,54015.156320066
7379,82541,82541 Münsing,4117,71.425936,158666909.950684,88883.9103275082
7380,82064,82064 Straßlach-Dingharting,3213,61.916856,138257936.383789,99496.9089678903
7381,82544,82544 Egling,5289,77.926279,173425439.691406,90184.8730442268
7382,82065,82065 Baierbrunn,2811,7.173146,16018285.0092773,27485.9281922416
7383,82067,82067 Schäftlarn,2097,5.054567,11270136.8623047,20739.436433183
7384,82549,82549 Königsdorf,2973,45.469062,100751378.410156,65101.7331472896
7385,82008,82008 Unterhaching,22088,9.938813,22236339.0961914,25659.6798268889
7386,82069,82069 Schäftlarn,3156,11.646201,25989318.3466797,23298.6628798027
7387,82024,82024 Taufkirchen,17501,21.970232,49090936.0859375,45773.6694987216
7388,82057,82057 Icking,3563,16.741701,37290654.4677734,38579.2487789905
7389,82538,82538 Geretsried,23040,28.925317,64235718.9394531,50030.3713892432
7390,82061,82061 Neuried,8336,45.567678,101914527.30127,59036.0652946868
7391,82467,82467 Garmisch-Partenkirchen,25552,282.576107,618845534.865234,227616.736834566
7392,82449,82449 Uffing a. Staffelsee,2937,42.603566,94049020.546875,58281.5668770134
7393,82441,82441 Ohlstadt,3170,41.139346,90543623.2573242,58605.2152125488
7394,82432,82432 Walchensee,505,36.34663,79873828.4130859,53092.4712717728
7395,82488,82488 Ettal,745,14.850068,32613902.6347656,62308.8899065875
7396,82439,82439 Großweil,1448,22.844129,50377296.355957,49485.3656648675
7397,82497,82497 Unterammergau,1495,30.038551,66077399.3066406,46543.3773686314
7398,82487,82487 Oberammergau,5156,30.019398,65987177.2075195,49287.0653843164
7399,82496,82496 Oberau,3041,17.874854,39235863.8735352,39398.1883568361
7400,82447,82447 Spatzenhausen,417,3.473107,7670511.47119141,16368.5636410916
7401,56068,56068 Koblenz,14762,2.948804,7238326.44189453,17700.5725534045
7402,56070,56070 Koblenz,21317,16.792593,41272784.043457,32611.4379294117
7403,56075,56075 Koblenz,13026,23.555897,57722556.6938477,52859.3628854725
7404,56072,56072 Koblenz,19707,25.653507,62973302.3046875,49419.5607912333
7405,56076,56076 Koblenz,10760,10.863122,26646091.9467773,31114.4736690735
7406,56073,56073 Koblenz,14434,7.053998,17305584.1674805,41282.737562807
7407,56077,56077 Koblenz,13862,18.740241,46017042.9111328,37539.231566284
7408,41460,41460 Neuss,14961,12.592948,32042578.409668,27896.1205998915
7409,24361,"24361 Groß Wittensee, Haby, Damendorf. Holzbunge, Klein , ittensee, Lehmsiek, Profit und Sande",2759,46.951527,138371551.674805,78431.0119153674
7410,24811,"24811 Owschlag, Brekendorf und Stenten",4572,56.222283,165701669.780273,70414.8967757071
7411,24358,"24358 Ascheffel, Ahlefeld-Bistensee und Hütten",1684,26.866394,79257578.3959961,61615.2497450922
7412,24791,24791 Alt Duvenstedt,1922,21.729392,63899927.2392578,53477.6545857193
7413,24214,"24214 Gettorf, Lindau, Tüttendorf, Neuwittenbek, Neudorf-Bornstein, Schinkel, Noer, Altwittenbek, Großkönigsförde u.a.",13442,102.936044,303286988.894043,109986.114041146
7414,24768,24768 Rendsburg,27651,23.882695,70047105.4321289,71715.3125506282
7415,24229,24229 Dänischenhagen,8395,57.560281,170037083.919922,60440.8274500651
7416,24787,24787 Fockbek,6351,27.472075,80600692.612793,48332.1173992646
7417,24800,24800 Elsdorf-Westermühlen,1633,27.49141,80474730.9882813,56621.3450791865
7418,24790,24790 Schacht-Audorf,6167,42.287547,124029610.067383,59264.315665344
7419,25488,25488 Holm,3094,15.987281,45395149.8652344,34305.4778917761
7420,24244,24244 Felm,1061,12.887488,37985390.0073242,37093.8379038251
7421,73345,73345 Hohenstadt/Drackenstein,1153,17.326987,39526381.7670898,42196.3969144023
7422,24796,"24796 Bredenbek, Bovenau, und Krummwisch",3175,51.753465,152008675.389648,75118.1548779729
7423,73430,73430 Aalen,11700,5.529647,12763396.3686523,14700.6958158369
7424,18299,"18299 Laage, Wardow u.a.",8971,240.06516,690462492.032227,186947.089576533
7425,17166,"17166 Dahmen, Groß Wokern, Teterow",12718,226.052985,644790557.950195,169404.18599353
7426,17179,17179 Gnoien u.a.,6289,245.068914,706018444.731445,186584.408641859
7427,18276,"18276 Reimershagen, Lohmen, Zehna, Hägerfelde u.a.",9892,335.137871,957296547.394531,326248.963716222
7428,17168,"17168 Jördenstorf, Prebberede u.a.",4915,206.124046,591286504.898438,161340.762144508
7429,18292,"18292 Krakow, Dobbin-Linstow u.a.",5537,219.05664,622276436.75,168970.438873012
7430,18279,"18279 Lalendorf, Langhagen",3741,139.188331,397186843.017578,133765.352185568
7431,24814,24814 Sehestedt,839,15.444672,45444669.7368164,41640.3257072652
7432,24251,24251 Osdorf,2367,19.671516,58057610.7729492,42970.5774275017
7433,24161,24161 Altenholz,9920,22.74255,66986231.1303711,44167.4849358272
7434,80933,80933 München,18237,1.901156,4278466.75195313,11042.7062368242
7435,24806,24806 Hohn,3466,55.121849,161705492.126953,80911.5671626031
7436,24794,"24794 Borgstedt, Neu Duvenstedt und Bünsdorf",2114,28.566558,83993791.0634766,48883.1878450096
7437,80937,80937 München,20995,6.272729,14113271.7636719,21288.4711269697
7438,24363,24363 Holtsee,1237,21.41303,63102826.4736328,44088.1524409862
7439,24805,24805 Hamdorf und Prinzenmoor,1471,36.170836,105698871.254883,53404.4282972381
7440,24631,24631 Langwedel,1507,24.369799,71184897.4873047,48977.6790124007
7441,24239,24239 Achterwehr,986,13.81677,40522848.637207,32836.2802341333
7442,24802,24802 Emkendorf,3071,63.902975,186889913.214844,75991.6100441761
7443,24242,24242 Felde,2078,16.264052,47709889.9907227,38887.3250992272
7444,24254,24254 Rumohr,803,8.879643,25981817.4868164,26913.8654999851
7445,24247,24247 Mielkendorf,1945,14.763298,43256986.3847656,32422.7002785998
7446,24589,24589 Nortorf,9242,55.819898,162732664.452637,87590.6142416043
7447,24783,24783 Osterrönfeld,5195,17.887539,52393760.824707,38582.7925343382
7448,24793,"24793 Bargstedt, Brammer, Oldenbüttel",1299,43.383007,126466804.466797,57035.4020245011
7449,24259,24259 Westensee,1536,36.535606,107008135.962891,66980.3281128663
7450,24819,"24819 Todenbüttel, Nienborstel, Embühren, Haale und Grotenknöll",2417,48.79388,142095815.166992,77182.4779270393
7451,24816,"24816 Hamweddel, Brinjahe, Stafstedt, Luhnvie, Luhnstedt und Freudenberg",1404,42.381655,123554115.722168,66047.4427243329
7452,24808,24808 Jevenstedt und Plirup,3314,46.615815,136217646.592285,64416.1933213157
7453,24625,24625 Großharrie,908,25.328396,73668149.1479492,41749.3149440394
7454,24616,24616 Brokstedt,4067,60.215414,174029556.992676,76158.7790759128
7455,24644,24644 Timmaspe,1746,35.486097,103214340.421387,58690.752080073
7456,24613,"24613 Aukrug, Wiedenborstel",3761,54.413997,157856886.345215,63398.6314419763
7457,24582,24582 Bordesholm,12831,60.33353,175849006.336426,102670.880609478
7458,24622,24622 Gnutz,1201,22.911699,66641020.1889648,46373.9096091216
7459,79106,79106 Freiburg im Breisgau,20831,2.819153,6297209.55859375,24205.3759581157
7460,79115,79115 Freiburg im Breisgau,15956,3.010951,6721230.33056641,17274.1046828969
7461,24628,24628 Hartenholm,1777,16.243861,46718148.2685547,34060.9836999289
7462,24629,24629 Kisdorf,3775,24.459557,70074266.9819336,52756.0819506074
7463,24632,24632 Lentföhrden,2671,39.32902,112953168.731934,70964.9002356069
7464,24641,24641 Sievershütten,2410,18.339642,52628166.9047852,40112.3455418792
7465,24623,24623 Großenaspe,2812,45.793014,132222994.774902,78386.2598411771
7466,24598,24598 Boostedt,5863,60.633518,175186145.11084,89850.2365583459
7467,24558,24558 Henstedt-Ulzburg,27988,51.873357,148391013.575195,79505.6882164707
7468,24568,"24568 Kaltenkirchen, Nützen, Oersdorf, Kattendorf und Winsen",22980,64.743631,185729893.463379,84695.1773083036
7469,24643,24643 Struvenhütten,1061,12.929888,37135735.6245117,31348.7519749091
7470,24576,24576 Bad Bramstedt,17598,84.985406,244656842.084961,126643.092464852
7471,79104,79104 Freiburg im Breisgau,17746,12.877567,28767424.4438477,37029.4457011799
7472,82395,82395 Obersöchering,1486,24.309668,53737297.6000977,42665.1113452843
7473,82347,82347 Bernried am Starnberger See,2122,24.322913,54013576.1064453,39940.195060618
7474,82404,82404 Sindelsdorf,1069,17.547,38745595.1191406,35688.680711953
7475,90425,90425 Nürnberg,15508,6.172427,14608831.0878906,23080.4203757342
7476,90427,90427 Nürnberg,16105,27.232653,64534786.7246094,78406.6855056861
7477,06886,06886 Wittenberg,36835,66.582009,174328829.972656,95946.6820868423
7478,90403,90403 Nürnberg,10250,1.047001,2475834.20996094,8050.55646179427
7479,90449,90449 Nürnberg,17617,4.670492,11031845.4741211,21952.6052569378
7480,90431,90431 Nürnberg,17861,8.007011,18927203.3085938,23276.263467241
7481,90441,90441 Nürnberg,18123,5.16756,12205618.1816406,22152.0085390614
7482,90439,90439 Nürnberg,17878,1.87127,4422431.86132813,10716.0054632004
7483,90429,90429 Nürnberg,23375,3.574697,8453681.94873047,19936.6728245788
7484,90419,90419 Nürnberg,22775,2.581291,6105623.91015625,12734.576992869
7485,90408,90408 Nürnberg,14165,1.343235,3177742.28027344,9330.41536669869
7486,73733,73733 Esslingen am Neckar,15204,8.538414,19640957.6474609,31412.3240390072
7487,73773,73773 Aichwald,7451,14.641494,33693286.6362305,31209.5037885595
7488,73732,73732 Esslingen am Neckar,18269,9.835822,22629296.574707,27441.4716578732
7489,73730,73730 Esslingen am Neckar,18366,16.859112,38753621.6689453,50947.6022138479
7490,73734,73734 Esslingen am Neckar,18538,7.908771,18171418.7265625,26280.3993039043
7491,12349,12349 Berlin Buckow,21692,6.508985,17449582.8984375,28302.5773666046
7492,12109,12109 Berlin Mariendorf,14955,2.995072,8037221.58007813,17459.0539261315
7493,07907,07907 Schleiz,12574,189.641279,469854067.670898,188101.160208085
7494,07919,"07919 Kirschkau, Pausa-Mühltroff",1851,29.143409,72085358.3203125,64014.6942402708
7495,07343,07343 Wurzbach,3294,72.955665,179696680.989258,93867.3372657171
7496,07368,07368 Remptendorf,3766,97.800074,241782224.438965,107042.874697322
7497,07929,07929 Saalburg-Ebersdorf,3675,72.275729,178351651.025391,90187.4093623595
7498,07806,"07806 Neustadt an der Orla, Weira, u.a",11088,115.791813,288301133.930664,136824.696635428
7499,07926,07926 Gefell,2665,45.057342,110941224.32373,99496.03525782
7500,07924,07924 Ziegenrück,1835,41.021973,101720306.762695,82948.4229918707
7501,07356,07356 Lobenstein,6322,48.676477,119898026.280762,92466.6803817781
7502,07366,07366 Rosenthal am Rennsteig,4535,56.478869,138920488.825684,102227.056124402
7503,07922,07922 Tanna,3813,87.852635,216731143.674316,110281.332185217
7504,07927,07927 Hirschberg,2300,24.188819,59497775.8652344,67320.0724070337
7505,07819,07819 Triptis,6266,87.949554,219333500.461914,96734.7017019148
7506,12105,12105 Berlin Mariendorf,22534,3.419807,9178332.75585938,20377.4587163873
7507,12103,12103 Berlin Tempelhof,18712,2.1755,5842698.09082031,15504.4344631131
7508,12099,12099 Berlin Tempelhof,14009,6.344044,17037958.3330078,22822.2092603656
7509,10829,10829 Berlin Schöneberg,13001,2.625611,7055613.65722656,18094.7570043376
7510,10827,10827 Berlin,13930,0.867405,2331717.57910156,12001.5237851785
7511,14195,14195 Berlin Dahlem,14667,8.084847,21710242.5742188,30922.4477858827
7512,82275,82275 Emmering,6137,10.407469,23394195.4667969,30635.3151231336
7513,82294,82294 Oberschweinbach,1586,7.265796,16371179.7294922,27422.0823878807
7514,82239,82239 Alling,3530,21.035375,47213878.7558594,42973.4431774006
7515,82299,82299 Türkenfeld,3579,15.928797,35708093.5351563,37760.9454484515
7516,82269,82269 Geltendorf,5442,34.800445,78098557.6279297,57861.0464303382
7517,82110,82110 Germering,37700,21.596106,48443483.3569336,44639.7529634137
7518,82178,82178 Puchheim,19707,13.230735,29717778.6884766,28119.3063650532
7519,82291,82291 Mammendorf,4570,21.195421,47695661.0551758,43275.0994709992
7520,82276,82276 Adelshofen,1571,13.291206,29892475.1005859,40353.1087699608
7521,82296,82296 Schöngeising,1844,12.930788,29014509.8793945,38289.8053810569
7522,82166,82166 Gräfelfing,12708,9.563596,21446361.3706055,22340.0529104231
7523,82281,82281 Egenhofen,3212,33.431017,75383774.0292969,58788.957147091
7524,82216,82216 Maisach,12716,50.153148,112959227.238281,67454.0799030121
7525,82284,82284 Grafrath,3624,14.399381,32296426.5478516,43539.6998407793
7526,82256,82256 Fürstenfeldbruck,33366,35.845215,80573422.7602539,59849.0341485001
7527,82272,82272 Moorenweis,3841,45.355552,101886457.176758,67275.9819107682
7528,82140,82140 Olching,24797,28.852833,64926571.2983398,50482.8410538072
7529,82278,82278 Althegnenberg,1796,16.070731,36191351.2314453,51946.685275458
7530,82288,82288 Kottgeisering,1587,8.263293,18533795.6557617,20956.888928662
7531,82194,82194 Gröbenzell,18994,6.390766,14371317.637207,19670.3554189111
7532,82293,82293 Mittelstetten,1651,18.619096,41976663.6791992,43602.9463808122
7533,82223,82223 Eichenau,11521,7.426968,16684512.7578125,24105.8890218624
7534,82285,82285 Hattenhofen,1381,7.175174,16156448.9692383,23386.9864597548
7535,82290,82290 Landsberied,1431,10.476149,23530725.3876953,27550.6460137662
7536,82237,82237 Wörthsee,4770,20.461811,45817291.3642578,37482.2155513877
7537,82340,82340 Feldafing,4248,13.70029,30510743.972168,32639.4850401282
7538,82152,82152 Planegg/Krailling,16755,22.350668,50080379.3969727,53966.9635263729
7539,82319,82319 Starnberg,22163,63.723721,142287095.410156,89227.1293681396
7540,82346,82346 Andechs,3286,41.153144,91751594.7338867,74203.7211290572
7541,82327,82327 Tutzing,9179,40.677375,90482867.0488281,62595.202413198
7542,82266,82266 Inning a. Ammersee,4294,27.778313,62178964.0288086,48414.6522945078
7543,82131,82131 Gauting,19296,56.183904,125696206.249023,70679.3666078874
7544,82229,82229 Seefeld,7065,34.87591,77959248.578125,73583.3818958262
7545,82234,82234 Weßling,5123,23.001187,51488747.2553711,46891.6197954364
7546,82211,82211 Herrsching a. Ammersee,10008,39.901312,89081539.5610352,56310.8418876233
7547,82335,82335 Berg,7971,44.006374,98067465.9707031,57210.5219943536
7548,82349,82349 Pentenried,816,4.378407,9803499.82080078,17251.6759819681
7549,82279,82279 Eching a. Ammersee,1648,7.612542,17046804.1191406,22485.9262611023
7550,82205,82205 Gilching,17062,31.49468,70603080.6210938,52584.3628107032
7551,82343,82343 Pöcking,5402,24.341519,54272903.5263672,53776.2560567256
7552,32425,32425 Minden,22544,30.341176,81179797.9951172,53194.4998779185
7553,32427,32427 Minden,19071,14.745368,39391852.3422852,44552.7835326549
7554,32423,32423 Minden,22065,31.392147,83850946.2602539,58448.7561449666
7555,32545,32545 Bad Oeynhausen,10393,10.323251,27437920.0605469,43681.7819417585
7556,32549,32549 Bad Oeynhausen,24103,40.786525,108681721.631348,59393.451568748
7557,32547,32547 Bad Oeynhausen,14230,13.664248,36340609.6479492,36202.786797863
7558,10715,10715 Berlin Wilmersdorf,15464,1.182576,3178825.07519531,9005.80495598502
7559,24637,24637 Schillsdorf,894,26.798718,77882953.8115234,49098.1647860788
7560,24635,24635 Rickling,3927,53.902058,155837111.97168,72926.571137618
7561,24220,24220 Flintbek,8611,36.26846,106023724.400391,55677.4839082956
7562,14197,14197 Berlin Wilmersdorf,17889,1.587432,4265404.72851563,11443.8546142457
7563,12159,12159 Berlin Friedenau,14565,1.006113,2703384.8828125,7932.95222106692
7564,12161,12161 Berlin Friedenau,16654,0.967523,2599329.59667969,9679.11569035909
7565,24610,24610 Trappenkamp,5562,18.308012,53035851.097168,38952.0429033448
7566,24619,24619 Börnhöved,4377,43.800815,126994897.333496,97029.0095353112
7567,24245,24245 Kirchbarkau,1339,14.082636,41125813.3823242,39411.6632086324
7568,24601,24601 Wankendorf,5532,64.87437,188618052.268066,88268.7166289933
7569,12157,12157 Berlin Schöneberg,18385,2.08057,5588212.86816406,15242.7582520099
7570,12163,12163 Berlin Steglitz,17576,1.348528,3621691.43066406,13146.9659326122
7571,24226,24226 Heikendorf,8188,14.766079,43440822.7304688,35493.2501760563
7572,24232,24232 Schönkirchen und Dobersdorf,7361,37.896448,111223120.888184,67699.8638205704
7573,24235,24235 Laboe,7548,20.654709,60868432.3554688,41372.811843155
7574,24638,24638 Schmalensee,451,8.695401,25230072.9863281,25418.1658593981
7575,24248,24248 Mönkeberg,3832,2.766004,8129745.90283203,15592.6737788737
7576,24211,24211 Preetz,21825,149.579296,437128974.486816,179624.650522283
7577,24253,24253 Probsteierhagen,2989,27.678172,81407391.4682617,62525.1725439679
7578,24256,"24256 Fargau-Pratjau, Schlesen und Stoltenberg",1580,39.207457,115116785.948242,53877.3451611664
7579,24306,24306 Plön,11356,94.038716,273901723.069336,142840.092920771
7580,24223,24223 Schwentinetal,7708,13.695938,40109577.59375,41822.6869884411
7581,24326,"24326 Ascheberg, Dersau, Kalübbe, Stocksee, Nehmten, Dörnick und Stadtbek",5588,77.654782,225758347.24707,97939.8022442173
7582,24329,24329 Grebin,1944,49.999291,146068622.417969,82558.0852086208
7583,24327,"24327 Blekendorf, Kaköhl, Futterkamp, Högsdorf und Kletkamp",2312,60.3422,176625614.135742,78358.4568275248
7584,24321,24321 Lütjenburg,11048,124.860042,366349274.640625,113121.090270306
7585,24257,"24257 Hohenfelde, Schwartbuck, Köhn, Pülsen (mit Köhnerbrücke, Gde. Giekau)",2703,38.665775,113715409.054199,63867.5775795341
7586,24217,"24217 Schönberg, Wisch, Fiefbergen, Barsbek, Stakendorf, Krummbek, Bendfeld und Rögen",9880,66.076522,194637750.717285,66896.6229439899
7587,20095,20095 Hamburg,3172,0.77031,2179674.08398438,9433.10558410481
7588,80799,80799 München,13557,0.672546,1509776.02148438,6933.09105778528
7589,20099,20099 Hamburg,9050,1.575485,4459233.33740234,12422.8504312318
7590,80993,80993 München,16207,2.401043,5397375.38330078,12752.8533876734
7591,21723,21723 Hollern-Twielenfleth,3326,18.430122,52259728.9599609,43119.4362040663
7592,21635,21635 Jork,11716,62.35205,176263044.349121,72284.0356584963
7593,21720,"21720 Grünendeich, Guderhandviertel, Mittelnkirchen, Steinkirchen",5585,25.607439,72476852.1352539,52833.4162582587
7594,32760,32760 Detmold,20634,64.147581,168425217.002441,89645.1253279504
7595,32758,32758 Detmold,26553,55.587026,146259532.152344,106716.86750932
7596,32756,32756 Detmold,26692,9.600077,25237737.5048828,33890.9707600206
7597,79117,79117 Freiburg im Breisgau,18151,28.241432,62993443.918457,61391.2155747739
7598,79102,79102 Freiburg im Breisgau,16863,1.860336,4152706.91015625,19454.1689676515
7599,79100,79100 Freiburg im Breisgau,19365,18.449087,41121901.1333008,49820.1069388292
7600,81249,81249 München,17519,24.899701,55938628.5717773,58465.7858914438
7601,81927,81927 München,22877,3.554265,7980572.76464844,16103.2988244256
7602,81377,81377 München,24272,6.76985,15173466.8647461,23494.7295219092
7603,81669,81669 München,16903,1.660407,3722679.32958984,14905.7355837233
7604,81739,81739 München,23019,6.902256,15455582.0175781,20414.381513243
7605,81549,81549 München,24582,5.001028,11202753.8759766,18318.6356692241
7606,81245,81245 München,25445,8.886998,19958319.9111328,23478.9325070917
7607,81675,81675 München,11770,1.618002,3630293.54492188,13848.5259683286
7608,81373,81373 München,24275,2.390052,5359390.52685547,12152.0884580949
7609,81735,81735 München,23739,3.689091,8267537.22119141,15771.1145064299
7610,81379,81379 München,23784,6.207256,13906316.8896484,31033.9770095695
7611,81829,81829 München,20707,10.291376,23084253.6108398,25735.1169015206
7612,81539,81539 München,25433,1.899346,4256863.56298828,12062.0642715037
7613,81369,81369 München,23294,2.038406,4568716.48291016,14469.9441208379
7614,81929,81929 München,14780,12.777325,28690786.6826172,29576.6039507272
7615,81545,81545 München,12596,3.316705,7426890.21044922,15951.6566019488
7616,81671,81671 München,17950,2.293257,5141819.98632813,13585.5968902744
7617,81477,81477 München,14152,3.184975,7131016.17919922,16632.7283122877
7618,81241,81241 München,20877,4.530186,10165937.1254883,18066.9214648304
7619,81825,81825 München,26239,4.969818,11141342.144043,17984.7696874132
7620,81247,81247 München,16330,4.938245,11092770.9331055,17744.8936467679
7621,81925,81925 München,16377,4.332202,9728528.30322266,15529.3095892773
7622,81375,81375 München,22853,3.099704,6949851.97314453,14021.2116278411
7623,81737,81737 München,28379,5.325262,11929217.9052734,19974.0765042808
7624,80798,80798 München,12747,0.487418,1094321.45458984,6245.05116296667
7625,81475,81475 München,15079,2.571481,5758969.72021484,16756.9243358015
7626,80935,80935 München,12804,3.697491,8315439.46923828,15704.1803805562
7627,81541,81541 München,25035,2.25431,5054323.86181641,12621.0804770418
7628,85123,85123 Karlskron,4728,38.510838,88225265.3852539,62175.9301930924
7629,81547,81547 München,17735,2.302272,5157927.24609375,11367.1964547978
7630,85599,85599 Parsdorf/Hergolding,1110,9.22752,20700972.3486328,25008.6078308275
7631,85664,85664 Hohenlinden,2878,28.94545,64944697.4091797,47002.4701055155
7632,81673,81673 München,22612,2.830201,6347202.39160156,14307.4944085725
7633,81371,81371 München,23058,2.167561,4858798.87695313,12576.3649695587
7634,81679,81679 München,9142,1.569627,3522945.50146484,11935.5727584007
7635,85560,85560 Ebersberg,11091,77.968874,174666422.102051,100624.781958554
7636,85652,85652 Pliening,5087,22.819855,51310608.9404297,44287.6950536715
7637,81243,81243 München,19098,3.920264,8798889.34130859,15931.1423991079
7638,85665,85665 Moosach,1449,18.194685,40654805.9594727,42263.0280021239
7639,85567,85567 Grafing b. München,13948,51.192338,114350090.005859,67329.3466037246
7640,85604,85604 Zorneding,8661,23.865863,53421288.3452148,38646.9775179953
7641,85667,85667 Oberpframmern,2207,18.525573,41387275.0200195,28519.0914081921
7642,85625,85625 Glonn,6048,50.110573,111709719.205566,70434.8638456398
7643,81827,81827 München,22488,6.742075,15107563.8417969,17743.46065015
7644,85435,85435 Erding,33535,54.538266,123135759.842285,75070.959659631
7645,85457,85457 Wörth,4363,21.037588,47378390.7016602,39565.7119172309
7646,85669,85669 Pastetten,2538,22.086026,49672033.8378906,43096.1427544936
7647,85459,85459 Berglern,2556,19.905846,45093210.8066406,37439.3203440413
7648,85656,85656 Buch a. Buchrain,1421,22.787116,51265475.6289063,41116.8380072966
7649,81479,81479 München,15183,4.896482,10960531.2802734,18080.394435195
7650,85467,85467 Neuching,2393,19.675092,44316884.4023438,42138.6959366833
7651,85469,85469 Walpertskirchen,2033,18.458822,41596727.0927734,36310.2044904527
7652,85452,85452 Moosinning,5393,40.009909,90239335.1533203,68247.7671453773
7653,25482,25482 Appen,4914,20.390455,57975438.7407227,41568.2521078076
7654,85456,85456 Wartenberg,4747,17.746204,40203612.1054688,40025.8819180616
7655,85464,85464 Finsing,4157,23.143476,52104996.8823242,51585.867944322
7656,25491,25491 Hetlingen,1316,18.578367,52729765.2089844,64660.3740910706
7657,85764,85764 Oberschleißheim,10757,32.694055,73672898.9814453,60916.2428034829
7658,07387,07387 Krölpa,2823,42.456699,105676277.255371,72004.3918903358
7659,07381,07381 Pößneck,17291,98.520859,245256013.17041,142381.966409471
7660,07389,07389 Ranis u.a.,3590,65.623513,162983914.738281,119079.377243836
7661,85114,85114 Buxheim,3486,22.492648,51831279.5400391,48288.7040498449
7662,21218,21218 Seevetal,9674,29.568672,83025588.2626953,55227.288792224
7663,87781,87781 Ungerhausen,1006,10.244221,22878554.8666992,34665.4105296356
7664,87749,87749 Hawangen,1281,14.531844,32418934.3256836,37877.5803421465
7665,87742,87742 Apfeltrach,2982,38.174189,85232023.9770508,54350.9435989279
7666,87662,87662 Kaltental,2314,32.892291,73140030.6230469,70512.0557800057
7667,87675,87675 Stötten am Auerberg,2632,53.611209,118521412.348633,85164.1158690569
7668,87648,87648 Aitrang,1990,31.055915,68884076.1220703,59315.193632316
7669,87647,87647 Unterthingau,3495,61.615711,136351105.583984,100987.798138636
7670,87634,87634 Obergünzburg,7747,70.100761,155643321.202148,94062.8136675677
7671,87637,87637 Seeg,3988,63.511805,139901646.843262,98076.6796543264
7672,87616,87616 Marktoberdorf,19224,112.954078,249802994.371582,127270.816586826
7673,52062,52062 Aachen,15989,1.639112,4092850.34326172,11901.8579222584
7674,52070,52070 Aachen,22608,9.188268,22959560.4882813,28719.4079384398
7675,21079,21079 Hamburg,22838,32.119669,90527610.8862305,75233.4727624616
7676,21073,21073 Hamburg,27665,3.402982,9586602.98193359,17722.8676574453
7677,21077,21077 Hamburg,23700,14.976563,42148722.4882813,42751.7346050698
7678,21629,21629 Neu Wulmstorf,19888,56.446106,158830312.471191,97082.9354077485
7679,73525,73525 Stadt Schwäbisch Gmünd,20533,6.799521,15666487.9257813,28304.7730767989
7680,73529,73529 Stadt Schwäbisch Gmünd,18759,69.871634,160809285.344238,147619.054714171
7681,32105,32105 Bad Salzuflen,18638,8.484443,22454172.4130859,23716.1203492852
7682,32107,32107 Bad Salzuflen,16407,35.368449,93476444.3959961,53864.3403929564
7683,32108,32108 Bad Salzuflen,17243,56.136488,148493171.814941,82975.7221500098
7684,74427,74427 Fichtenberg,2853,24.189168,56156468.918457,50301.8825470375
7685,71540,71540 Murrhardt,13614,70.810067,164326310.428711,87031.3008811976
7686,85254,85254 Sulzemoos,1654,17.141775,38689962.0395508,46240.6562662613
7687,85232,85232 Bergkirchen,7171,60.042405,135347948.905762,81951.7758765629
7688,79098,79098 Freiburg im Breisgau,8288,1.346262,3006010.54833984,10965.2257840668
7689,18246,18246 Bützow Baumgarten Friedrichshof Glambeck Groß Belitz Göllin Jabelitz Jürgenshagen Klein Belitz Krugland Kurzen Trechow Käterhagen Langen Trechow Moisall Neu Käterhagen Neuendorf Neukirchen Oettelin Reinstorf Rühn Selow Steinhagen Zepelin,13228,249.982366,717604587,261508.384391381
7690,18249,18249 Bernitt Boitin Buchenhof Dreetz Eickelberg Eickhof Klein Raden Lübzin-Rosenow Penzin Schlemmin Schlockow Tarnow Viezen Warnow Zernin,3327,133.384546,381739883.439453,171129.749842564
7691,73432,73432 Aalen,10698,70.506371,162566248.217773,92100.0453221321
7692,73433,73433 Aalen,13654,24.289696,56124100.7617188,41683.3040731641
7693,73434,73434 Aalen,15794,31.001926,71610310.2421875,67081.956566662
7694,73431,73431 Aalen,14512,15.224625,35116354.2041016,40556.8876232692
7695,73072,73072 Donzdorf,10832,40.346132,92581799.1118164,80148.3418117753
7696,90402,90402 Nürnberg,6310,1.856388,4388874.47070313,14551.8353844506
7697,85259,85259 Sulzemoos,899,1.883226,4252624.67041016,9141.73914684293
7698,85250,85250 Altomünster,7345,75.692342,171534436.612305,96042.7680547574
7699,85235,85235 Odelzhausen,6225,51.274318,115841845.655762,83366.9521995298
7700,85778,85778 Haimhausen,4919,26.89007,60751491.1704102,43863.3964063567
7701,85244,85244 Röhrmoos,6070,31.753722,71787826.7900391,59337.9242488484
7702,85238,85238 Petershausen,6081,32.803771,74380996.1220703,51897.6164360676
7703,85247,85247 Schwabhausen,6105,30.284029,68406009.7202148,66901.1051097106
7704,90489,90489 Nürnberg,20602,1.722435,4073465.7265625,11229.4925615688
7705,85258,85258 Weichs,3164,18.851923,42713049.0649414,42223.17821561
7706,85256,85256 Vierkirchen,4226,19.372761,43854596.5493164,42587.8427391633
7707,85229,85229 Markt Indersdorf,9439,68.338478,154736982.552246,97217.5636714126
7708,85253,85253 Erdweg,5497,36.100407,81626897.2636719,62647.7451522258
7709,90409,90409 Nürnberg,16251,1.565496,3703661.48095703,11291.9890940466
7710,90411,90411 Nürnberg,13619,13.299218,31496781.2133789,35039.7176911923
7711,12169,12169 Berlin Steglitz,16524,2.132771,5725727.39160156,14463.6465586715
7712,12209,12209 Berlin Lichterfelde,14892,3.007316,8060031.95214844,13794.9517250396
7713,12165,12165 Berlin Steglitz,4803,0.941939,2528941.54882813,10691.3466087457
7714,18233,"18233 Altbukow, Am Salzhaff, Carinerland, Neubukow",6327,108.542745,313627858.344727,119476.995972774
7715,18258,18258 Schwaan u.a.,7657,122.439231,352430371.142578,119103.160553996
7716,85309,85309 Pörnbach,2028,22.690666,51868120.9824219,45975.2456494021
7717,85301,85301 Schweitenkirchen,4842,53.053331,120790592.072266,80818.6150315996
7718,85276,85276 Pfaffenhofen a.d. Ilm,25140,98.724462,225097840.307129,113468.643610565
7719,85088,85088 Vohburg a.d. Donau,7269,45.10331,103727892.055664,77537.0803076368
7720,85290,85290 Geisenfeld,9940,88.331537,202455053.213379,94826.7256846148
7721,85077,85077 Manching,11251,35.351135,81132148.9296875,71358.7101859302
7722,85354,85354 Freising,24763,55.484918,125719525.651367,69549.598870714
7723,85405,85405 Nandlstadt,4912,34.346255,78237000.6923828,58296.1417568676
7724,85406,85406 Zolling,4456,34.516211,78434623.503418,77781.1131551264
7725,85417,85417 Marzling,2937,20.394384,46228784.8955078,50695.6088592364
7726,85410,85410 Haag a.d. Amper,2777,21.714988,49345901.2143555,44088.4080131564
7727,90491,90491 Nürnberg,20304,7.179245,16988146.2587891,30226.5300092424
7728,85356,85356 Freising,19852,46.739332,105839217.194336,74600.125046066
7729,85416,85416 Langenbach,3870,26.918807,61084546.1992188,47548.943412837
7730,85399,85399 Hallbergmoos,9219,31.337936,70775004.1967773,47885.9245605066
7731,85411,85411 Hohenkammer,2310,25.737945,58398908.3852539,47655.1077207438
7732,12203,12203 Berlin Lichterfelde,19299,3.162245,8485703.08691406,19797.6542422321
7733,85307,85307 Paunzhausen,1718,16.020981,36420033.3183594,38007.0498233081
7734,85402,85402 Kranzberg,3969,39.541687,89639934.7573242,79258.6008579237
7735,85391,85391 Allershausen,5094,26.51244,60173043.2011719,52191.1158853461
7736,90480,90480 Nürnberg,18393,5.879023,13896658.1748047,28492.7027412041
7737,57589,57589 Pracht,2038,13.260696,33106833.9379883,28832.8803132075
7738,57520,"57520 Emmerzhausen, Niederdreisbach, Steinebach",10769,60.963893,152001963.245605,137973.006252669
7739,12205,12205 Berlin Lichterfelde,13881,3.069275,8232566.21875,18151.3275202577
7740,57584,57584 Scheuerfeld,3277,6.289892,15730824.9760742,21599.7703481873
7741,90482,90482 Nürnberg,15283,5.063937,11978418.6865234,25991.1346603461
7742,12167,12167 Berlin Steglitz,18852,1.649792,4427899.73925781,14774.9746116431
7743,80687,80687 München,21577,2.311476,5186975.03515625,14806.3706614996
7744,80992,80992 München,20834,4.260131,9572169.8203125,20818.1598973895
7745,80634,80634 München,18599,1.273151,2857809.18994141,10663.4553196384
7746,12279,12279 Berlin,16381,1.721817,4613190.68359375,11259.2567487445
7747,80797,80797 München,17184,1.823391,4094964.890625,12009.3651058477
7748,86415,86415 Mering,13276,26.774296,60393530.7182617,48708.3322801285
7749,86511,86511 Schmiechen,1233,13.554104,30527393.5454102,40677.0813740577
7750,80939,80939 München,25640,16.041944,36086172.9829102,35842.1624892426
7751,80638,80638 München,9589,3.992636,8966629.05322266,16836.9910831847
7752,28239,28239 Bremen Oslebshausen und Ohlenhof,17789,5.712564,15853788.6118164,19918.7344176614
7753,80805,80805 München,17606,5.607253,12597921.8740234,16838.2472900355
7754,28207,28207 Bremen,10071,2.842038,7862574.07324219,13157.3344406485
7755,80331,80331 München,4741,0.78277,1756101.17480469,10342.5264930315
7756,80637,80637 München,20448,2.193278,4925885.02783203,17499.8591792364
7757,80339,80339 München,26482,1.998925,4484606.97705078,9505.77094721408
7758,28201,28201 Bremen,23643,4.998089,13823450.5883789,20275.8985536615
7759,80686,80686 München,19915,2.790459,6259558.73779297,15217.3760153698
7760,80809,80809 München,21134,4.693812,10548184.3759766,15554.9802780872
7761,28203,28203 Bremen,22790,1.788524,4949962.765625,9041.2501785913
7762,80539,80539 München,3210,0.833153,1869788.95263672,10589.3400673378
7763,80801,80801 München,9242,0.46985,1055006.12353516,7983.76034808951
7764,28209,28209 Bremen,10964,2.306465,6387266.18603516,11280.5367858683
7765,80999,80999 München,14831,8.413683,18917484.3217773,20983.3864280603
7766,80538,80538 München,11009,2.142386,4807916.84326172,14339.0172726366
7767,80804,80804 München,14468,1.666769,3744580.90527344,9892.78072294721
7768,80997,80997 München,22698,10.930837,24577497.9399414,24410.2151460025
7769,80636,80636 München,22680,1.669394,3747448.18164063,13809.119434162
7770,80803,80803 München,9404,0.526172,1181738.68847656,6000.38751059669
7771,80337,80337 München,15280,1.046991,2348017.93945313,10173.4250633422
7772,80796,80796 München,15424,0.804977,1807813.36914063,8958.84219075614
7773,28359,28359 Bremen,13045,7.033329,19491167.7211914,27392.469630264
7774,80807,80807 München,25489,3.871744,8702294.00634766,14316.4874977153
7775,28211,28211 Bremen,13437,2.442549,6762614.37255859,17720.6003342732
7776,80336,80336 München,8103,1.568529,3518503.59277344,11373.5776663842
7777,80469,80469 München,23960,1.223598,2744234.41015625,10407.6788086607
7778,28195,28195 Bremen Altstadt und Bahnhofsvorstadt,9007,2.237952,6195608.03857422,11952.4996577981
7779,28357,28357 Bremen (Borgfeld und Lehesterdeich),20688,42.665191,118398121.141113,76060.8317994509
7780,80995,80995 München,24081,24.21145,54490709.293457,38273.8980703268
7781,57632,57632 Flammersfeld,5130,49.956386,124139887.977539,88016.8554453993
7782,57648,57648 Unnau,2164,9.778458,24313247.9091797,27515.3812362813
7783,57629,"57629 Malberg, Norken, Höchstenbach u.a.",10186,81.856632,203599064.080566,168716.529013736
7784,80639,80639 München,19417,3.924203,8809219.14453125,20101.7941947517
7785,44328,44328 Dortmund,20236,7.540595,19480898.2900391,19205.352889298
7786,80802,80802 München,9333,1.491727,3349617.68798828,10349.4492966206
7787,18211,"18211 Retschow, Admannshagen-Bargeshagen u.a.",7428,59.681644,173262333.930664,120325.43761202
7788,80333,80333 München,11265,1.615148,3624800.9453125,11775.9858499873
7789,86508,86508 Rehling,2427,26.283893,59797132.4370117,40981.3075735506
7790,86674,86674 Baar,1125,16.879573,38551014.5009766,40864.6320199566
7791,86574,86574 Petersdorf,1671,19.574254,44598467.6274414,41833.7241678592
7792,86570,86570 Inchenhofen,2490,27.509048,62672853.0527344,44599.9312666829
7793,86556,86556 Kühbach,4032,37.510345,85397063.7236328,63292.8716498801
7794,86554,86554 Pöttmes,6280,82.665129,188706518.680664,108416.398412322
7795,86573,86573 Obergriesbach,1993,10.307737,23393727.2915039,32975.3509425118
7796,86551,86551 Aichach,20253,92.893489,210989022.997559,107928.579300705
7797,80689,80689 München,28077,3.652286,8192560.50488281,15219.0602882648
7798,80335,80335 München,9042,1.697719,3810205.81103516,14922.5872231079
7799,20144,20144 Hamburg,10733,0.914383,2590212.22314453,11827.2543963882
7800,25489,25489 Haseldorf,2729,29.519494,83904959.3798828,44050.099199104
7801,25436,25436 Uetersen,37921,62.279682,177400631.551758,74748.119754617
7802,25492,25492 Heist,2835,10.067904,28618767.0683594,27672.7536100373
7803,85591,85591 Vaterstetten,9050,6.367484,14269910.9926758,20467.7507724084
7804,85617,85617 Aßling,4266,31.306348,69820261.1748047,51030.0716797129
7805,85643,85643 Steinhöring,3893,36.317803,81330727.0478516,59878.595945002
7806,85598,85598 Baldham,9231,8.280781,18556651.2128906,28823.9339695932
7807,85661,85661 Forstinning,3437,12.329274,27694848.7260742,38332.0794178608
7808,85646,85646 Anzing,4706,21.306588,47822328.3012695,39590.9290169047
7809,85586,85586 Poing,13182,12.904716,28982446.5263672,32520.8223144658
7810,85614,85614 Kirchseeon,9656,44.689556,100042650.564941,56267.1828917926
7811,85658,85658 Egmating,2175,19.237028,42915115.2167969,41234.1405792391
7812,73728,73728 Esslingen am Neckar,16412,3.23373,7435057.05761719,21137.5829264564
7813,85570,85570 Markt Schwaben,13988,21.194828,47659615.1538086,47874.2358050693
7814,85445,85445 Oberding,5351,54.977679,124243406.72168,71109.714589035
7815,85465,85465 Langenpreising,2608,27.437828,62236818.0917969,48728.119156279
7816,85447,85447 Fraunberg,3385,42.5376,96237177.4018555,58745.1701194343
7817,85461,85461 Bockhorn,3537,47.244668,106667433.270508,57602.6795153181
7818,85462,85462 Eitting,2376,35.674066,80774058.8916016,55824.8302004149
7819,85659,85659 Forstern,3241,15.409966,34620000.3481445,44409.0486551148
7820,85748,85748 Garching b. München,15690,28.098991,63310605.9824219,43357.4133604579
7821,85609,85609 Aschheim,7574,28.013927,62961737.6113281,53264.8258436304
7822,85774,85774 Unterföhring,9827,12.846583,28880121.8120117,27607.2693126749
7823,85579,85579 Neubiberg,13480,6.122098,13703313.5327148,25042.1858871564
7824,85521,85521 Ottobrunn/Riemerling,25320,9.134126,20430836.6098633,28916.6371490907
7825,85640,85640 Putzbrunn,6143,11.123155,24900469.4291992,24845.0482941968
7826,85649,85649 Brunnthal,4739,37.998085,84761213.1220703,64938.7338467041
7827,85716,85716 Unterschleißheim,25871,15.046374,33940771.4736328,34346.5251695968
7828,85737,85737 Ismaning,15504,40.242507,90640768.4228516,44758.2184042908
7829,85622,85622 Feldkirchen,6899,11.428084,25641220.6533203,29707.5685525699
7830,85653,85653 Aying,4637,56.547782,125969330.867676,70903.8509283314
7831,85635,85635 Höhenkirchen-Siegertsbrunn,9850,23.72159,52974039.0209961,35022.4462443552
7832,85630,85630 Grasbrunn,6384,26.358108,58980647.4960938,42568.7529895388
7833,85551,85551 Kirchheim b. München,12384,15.599377,35054797.0146484,38473.6887770231
7834,85662,85662 Hohenbrunn,2957,14.80016,33087662.8969727,28544.5441044966
7835,85540,85540 Haar,19238,12.888868,28892075.2148438,29831.8633530349
7836,73035,73035 Göppingen,19594,28.528163,65480600.7431641,80653.5026803382
7837,21075,21075 Hamburg,24780,8.300639,23388928.3427734,24067.7613792419
7838,73037,73037 Göppingen,15185,27.107424,62272604.5507813,80416.6943319607
7839,73033,73033 Göppingen,20272,4.874724,11193120.2827148,17246.4163444381
7840,85104,85104 Pförring,3556,43.402693,100010507.286133,81900.7756443887
7841,85135,85135 Titting,2679,71.072526,165004829.697754,80934.0505693634
7842,85116,85116 Egweil,1104,9.400154,21638873.5917969,27197.5926591581
7843,85072,85072 Eichstätt,13166,48.373104,111807990.007813,71201.2481087725
7844,85095,85095 Denkendorf,4388,47.775536,110576591.87207,61966.2639889046
7845,85137,85137 Walting,2289,39.780806,92055913.4389648,79055.8064454374
7846,85111,85111 Adelschlag,2802,51.865902,119665833.972656,81191.8298855689
7847,85132,85132 Schernfeld,3026,51.731155,119750832.39209,75785.5255506096
7848,85113,85113 Böhmfeld,1616,16.273653,37581395.2285156,34604.240105222
7849,85055,85055 Ingolstadt,32559,26.76041,61592474.3564453,47236.8392119037
7850,85122,85122 Hitzhofen,2805,33.68583,77809271.5068359,53806.5088272816
7851,85117,85117 Eitensheim,2769,15.698225,36190981.1499023,41366.0051917982
7852,85139,85139 Wettstetten,4709,12.427761,28658053.6220703,32176.5993358381
7853,85080,85080 Gaimersheim,11076,28.212933,65008024.7299805,45789.7059138752
7854,85128,85128 Nassenfels,1966,18.493886,42603278.0942383,52852.9498527737
7855,85049,85049 Ingolstadt,24603,46.326671,106533127.557129,56878.071807341
7856,85098,85098 Großmehring,6365,46.311662,106561921.57666,71113.7093891295
7857,85125,85125 Kinding,2531,57.067546,132483204.131836,97885.7295992846
7858,85134,85134 Stammham,3674,43.277032,99932575.6386719,58822.7739772011
7859,85120,85120 Hepberg,2462,4.174139,9622874.59912109,16281.7002446323
7860,85057,85057 Ingolstadt,20627,6.769537,15577212.2001953,19477.4824974262
7861,85092,85092 Kösching,8956,51.83433,119530964.894043,61299.5596994493
7862,85129,85129 Oberdolling,1188,19.307679,44521684.7895508,37392.606613115
7863,85110,85110 Kipfenberg,5530,81.382867,188456372.787109,137373.841985535
7864,85051,85051 Ingolstadt,31592,38.78506,89044677.9643555,65814.6283413922
7865,85131,85131 Pollenfeld,2751,45.684939,105826066.967285,73650.8654789068
7866,85101,85101 Lenting,4565,8.151237,18778106.0761719,28790.9237165381
7867,85053,85053 Ingolstadt,15592,16.240651,37318922.8608398,26082.4014839808
7868,73527,"73527 Schwäbisch Gmünd, Täferrot",19935,49.415161,113990332.699707,102232.341539061
7869,85757,85757 Karlsfeld,18045,15.537215,34986472.9648438,31928.898620098
7870,85221,85221 Dachau,43425,34.972661,78870005.3779297,61509.9422905692
7871,85241,85241 Hebertshausen,5236,27.280536,61596001.800293,57485.5998501522
7872,12247,12247 Berlin Lankwitz,19441,3.453867,9265919.45800781,20172.2958374967
7873,12207,12207 Berlin Lichterfelde,21499,5.534108,14834079.9658203,24833.3432875743
7874,21614,21614 Buxtehude,39558,76.415288,215339991.81543,74902.6797161106
7875,21640,"21640 Horneburg, Bliedersdorf, Neuenkirchen, Nottensdorf",9577,44.213577,124813393.089844,69168.5154715818
7876,85119,85119 Ernsgaden,1490,7.467944,17144433.3442383,29367.4892552809
7877,85293,85293 Reichertshausen,4910,23.64478,53712120.0229492,44728.0463479599
7878,85283,85283 Wolnzach,10756,91.507124,209060367.22168,94520.1481604526
7879,85302,85302 Gerolsbach,3290,58.900028,133992569.858887,77499.8435507758
7880,85304,85304 Ilmmünster,2356,23.080025,52500905.3735352,50369.9160943835
7881,85298,85298 Scheyern,4636,38.322928,87217517.7783203,61993.8683807687
7882,85084,85084 Reichertshofen,7485,36.658909,83936826.4750977,63553.9398019386
7883,85126,85126 Münchsmünster,2812,16.182576,37208432.4521484,45013.7703747555
7884,85305,85305 Jetzendorf,2923,21.669642,49196418.3427734,59804.3829178838
7885,85107,85107 Baar-Ebenhausen,4990,14.790934,33899513.0639648,35834.2720612325
7886,85296,85296 Rohrbach,5615,29.696688,67881778.7407227,55458.6957509402
7887,85375,85375 Neufahrn b. Freising,16355,24.416176,55168424.0043945,33839.0184481372
7888,85376,85376 Neufahrn b. Freising,2051,21.09953,47730215.5092773,40208.5811567429
7889,85413,85413 Hörgertshausen,1844,21.428561,48860636.1586914,49693.4104622524
7890,85395,85395 Attenkirchen,4936,42.178685,95957405.2255859,69742.0878119908
7891,85386,85386 Eching,12786,37.228542,84041466.4770508,56111.5259106637
7892,85368,85368 Moosburg a.d. Isar,19096,75.05759,170594137.280273,116913.628299542
7893,85408,85408 Gammelsdorf,1382,21.635577,49326567.5097656,44363.9723056888
7894,85414,85414 Kirchdorf a.d. Amper,2740,32.947454,74847980.5419922,62855.2672733978
7895,85419,85419 Mauern,2787,24.187432,55078211.2373047,61015.0640869478
7896,85777,85777 Fahrenzhausen,4501,37.632158,85175773.1386719,60546.1647795651
7897,06847,"06847 Dessau-Roßlau (Südwest, incl. Kochstedt, Alten, Mosigkau)",14659,44.361507,115751334.504883,59309.9491944708
7898,06849,06849 Dessau-Roßlau (Süd),9887,7.951548,20748879.6289063,24366.1610002268
7899,06846,06846 Dessau-Roßlau,13169,34.677357,90689489.7011719,44096.9561597587
7900,06861,06861 Dessau-Roßlau,1459,20.601848,54021671.8466797,41733.7301794104
7901,06862,06862 Dessau-Roßlau,13561,76.358758,200267536.964844,110622.841436212
7902,87538,87538 Fischen im Allgäu,5226,100.680883,220114013.243652,108474.300568212
7903,06844,06844 Dessau-Roßlau,19944,25.602226,66962863.5234375,47949.1168738936
7904,87527,87527 Sonthofen,22997,65.147837,142748305.241699,85670.9178013595
7905,87488,87488 Betzigau,2747,41.250293,91154992.5571289,67909.2573134739
7906,20149,20149 Hamburg,7777,1.311007,3714330.53027344,10150.4127592847
7907,18195,"18195 Tessin, Grammow u.a.",6773,173.973581,502930328.390625,158800.803807188
7908,18182,"18182 Rostock, Gelbensande, Rövershagen u.a.",9592,136.757498,398161014.273438,148157.109446953
7909,18146,18146 Rostock,15419,45.987149,133896773.527344,90958.5843919139
7910,18181,"18181 Rostock, Graal-Müritz",4254,19.224653,56163006.59375,39641.5645044396
7911,18184,"18184 Roggentin, Broderstorf u.a.",7538,68.612499,199058243.588867,100622.81537673
7912,18147,18147 Rostock,17159,28.218542,81999759.6845703,52147.9347611646
7913,21129,21129 Hamburg,17415,61.915526,174959502.33252,65694.5521726737
7914,57555,57555 Mudersbach,8290,16.432678,41154901.6816406,34212.9837869151
7915,57518,57518 Betzdorf,12210,18.46767,46150090.1430664,44062.9648983878
7916,57583,57583 Nauroth,1683,10.128865,25226226.4550781,26515.6303556488
7917,57572,57572 Niederfischbach,5018,19.650958,49280871.5957031,45014.9974257709
7918,57567,57567 Daaden,4315,19.331075,48241347.0053711,43507.1910834114
7919,33098,33098 Paderborn,23622,5.932519,15439414.175293,22361.2098440263
7920,57537,"57537 Wissen, Hövels u.a.",11345,62.700138,156730037.646973,73627.8520525145
7921,57577,57577 Hamm (Sieg),3518,7.348525,18347619.0996094,25348.1078477612
7922,33790,33790 Halle (Westfalen),21162,69.643659,183923236.79834,79029.9094966545
7923,57548,57548 Kirchen (Sieg),8745,39.435066,98742208.9345703,75793.9118785706
7924,33689,33689 Bielefeld,20957,25.123151,66060013.2231445,50663.8621390824
7925,57539,57539 Fürthen,6341,17.527104,43778184.9404297,59257.804823953
7926,33428,33428 Harsewinkel,23875,100.564357,264738497.808105,84633.5088249961
7927,33165,33165 Lichtenau,10494,192.457733,498660479.61084,126544.274095343
7928,33142,33142 Büren,21749,170.860624,441646441.290039,127116.003225259
7929,33415,33415 Verl,24843,71.304855,186941178.196777,77606.6350038853
7930,57580,57580 Gebhardshain,2691,10.537516,26300685.659668,31604.4368104613
7931,33739,33739 Bielefeld,23203,34.98208,92563619.7568359,54220.9882130929
7932,33014,33014 Bad Driburg,18675,115.209412,299990170.606445,140525.600770592
7933,57562,57562 Herdorf,6858,17.970124,44912075.1791992,47119.1250274282
7934,12107,12107 Berlin Mariendorf,19741,4.393815,11782642.4726563,27695.9520963434
7935,12277,12277 Berlin,13304,6.673373,17881651.9990234,30032.1415264884
7936,12249,12249 Berlin Lankwitz,22069,3.892021,10435155.5351563,20000.0081418187
7937,18109,18109 Rostock,26253,8.877257,25825984.0136719,27435.4486187294
7938,18055,18055 Rostock,24933,12.014377,34833262.7832031,29327.3686746594
7939,18057,18057 Rostock,25461,4.826376,13997348.0058594,23408.8985230272
7940,18059,"18059 Rostock, Papendorf u.a.",26760,76.386925,220895380.588867,99118.0233211089
7941,18119,18119 Rostock,8893,15.720997,45777492.4892578,41052.8284154233
7942,12305,12305 Berlin,20742,4.026846,10784836.203125,22864.4387970277
7943,76773,76773 Kuhardt,1925,4.886695,11416592.4511719,20403.1779142196
7944,12309,12309 Berlin,15900,2.954059,7906945.52050781,17856.642268114
7945,18236,18236 Kröpelin,4847,67.558899,195726252.418945,84170.3630347522
7946,18230,"18230 Rerik, Bastorf, Biendorf",4450,98.626143,286021095.016602,147142.937326341
7947,86316,86316 Friedberg,28658,81.253287,183964322.974121,110985.856878245
7948,86495,86495 Eurasburg,1634,23.902479,54049598.7998047,55555.0755726009
7949,82297,82297 Steindorf,892,16.158038,36370860.0922852,37937.801560453
7950,86438,86438 Kissing,11053,23.082913,52144670.9345703,42185.7474105194
7951,86559,86559 Adelzhausen,1574,16.918874,38294625.4023438,45842.0813063653
7952,86510,86510 Ried,2921,29.219426,65965955.0200195,61316.7387924966
7953,86504,86504 Merching,3056,24.799765,55891196.762207,67521.4859617563
7954,86577,86577 Sielenbach,1575,17.860717,40480271.3720703,45561.6119724217
7955,20146,20146 Hamburg,10420,0.931521,2637882.21728516,10144.1834926887
7956,20148,20148 Hamburg,5236,1.166056,3302149.34033203,10076.9894605915
7957,28259,28259 Bremen,28992,13.722219,37945520.7456055,27634.7930798957
7958,28277,28277 Bremen,17528,5.743773,15870396.7568359,20508.0073005219
7959,76776,76776 Neuburg am Rhein,2570,8.540477,19827445.6601563,25565.8465880272
7960,76891,76891 Bruchweiler-Bärenbach u.a.,5592,85.982604,200425277.458984,94442.8099135229
7961,76275,76275 Ettlingen,38652,56.607961,131116755.220703,63522.774192201
7962,28217,"28217 Bremen Westend, Utbremen, Steffensweg, Überseehafen",14252,5.513327,15273479.9941406,19225.0831803037
7963,28205,28205 Bremen,15457,2.376749,6576407.22314453,10346.9032281595
7964,28757,"28757 Bremen, d. i. Vegesack und Schönebeck",12130,4.518648,12565938.2636719,20685.2394432909
7965,76756,76756 Bellheim,8389,20.237037,47375069.7924805,32442.8937597465
7966,28219,28219 Bremen Walle,13533,7.964036,22079148.8359375,24649.6702509859
7967,28759,"28759 Bremen, d. i. Grohn und St. Magnus",11004,4.652448,12931762.2197266,20715.9583288183
7968,28213,"28213 Bremen, Neu-Schwachhausen und Riensberg",12077,4.044656,11206076.0883789,17207.3307148602
7969,28719,"28719 Bremen, das ist Burg-Grambke und Burgdamm (Ostteil) Mittelsbüren gehört auch dazu",14499,30.919119,85879434.0532227,72262.7335381727
7970,28327,28327 Bremen,16987,3.657002,10120348.7167969,18594.7437021371
7971,28215,28215 Bremen,25442,2.702165,7485930.93554688,11995.1717642177
7972,28755,"28755 Bremen d. i. Aumund, Hammersbeck, Fähr und Lobbendorf",15036,5.477492,15236907.7866211,26987.934906482
7973,28329,28329 Bremen,22427,5.085637,14077876.5566406,28118.9084442383
7974,28197,28197 Bremen,15158,31.546532,87399242.4667969,47617.4886001522
7975,28777,"28777 Bremen, das ist Rönnebeck, Farge und Rekum",13251,14.335769,39919232.8349609,33181.5278795407
7976,28309,28309 Bremen,17460,13.40185,37043825.0996094,33788.4381938909
7977,28199,28199 Bremen,19837,8.351775,23096999.5756836,31511.9529274087
7978,28779,"28779 Bremen, das ist Blumenthal und Lüssum-Bockhorn",17695,8.199387,22820895.9326172,31326.76862998
7979,28717,28717 Bremen,12890,4.602112,12794415.3344727,21782.9845406727
7980,76199,76199 Karlsruhe,16611,12.24135,28410226.8276367,22667.167145277
7981,28325,28325 Bremen,23043,5.161011,14280145.543457,17596.9919948789
7982,28355,28355 Bremen,11788,18.051647,50015402.3564453,33384.1290825749
7983,28279,28279 Bremen,17607,10.165913,28091055.671875,33239.2671143301
7984,28307,28307 Bremen,16440,17.603832,48638567.2617188,36622.5376951489
7985,76139,76139 Karlsruhe,19678,9.057031,21065134.7426758,25342.4284553169
7986,76661,76661 Philippsburg,12216,50.535789,118439190.898926,65072.8135082057
7987,28237,"28237 Bremen, Gröpelingen und Lindenhof (Häfen, I d Wischen)",16668,18.617005,51654437.2919922,50041.748958889
7988,57642,57642 Alpenrod,1297,10.986556,27293615.3984375,30883.9353905384
7989,57610,57610 Altenkirchen (Westerwald),8658,28.557099,71080711.7753906,59593.1530762239
7990,57641,57641 Oberlahr,1016,4.20332,10433821.2475586,17302.3796597053
7991,57647,"57647 Nistertal, Enspel",1872,6.46561,16056190.0214844,23568.8568203176
7992,76149,76149 Karlsruhe,23940,14.846564,34556773.6420898,30797.4491369054
7993,57639,57639 Oberdreis,1562,15.58658,38713743.8974609,32695.027430573
7994,57638,57638 Neitersen,1354,10.313851,25655319.4272461,29272.6807751205
7995,57627,57627 Hachenburg,7120,34.17608,84980466.4750977,66330.6623667766
7996,57645,57645 Nister,959,5.171574,12870540.8535156,17914.013548398
7997,57614,57614 Steimel,6546,48.357785,120156664.318848,103243.134044645
7998,57644,57644 Hattert,2140,15.162541,37692311.9746094,50734.9475760036
7999,57636,57636 Mammelzen,1256,6.101435,15199421.8393555,18002.3884786307
8000,57635,57635 Weyerbusch,5395,56.272497,140210446.58252,64806.4332609095
8001,57612,57612 Birnbach,5593,48.129609,119965019.199707,110095.464336907
8002,18106,18106 Rostock,22925,6.85101,19907281.2841797,28503.9625469027
8003,18069,"18069 Rostock, Lambrechtshagen",22903,27.066534,78550732.5214844,54796.5383483777
8004,44139,44139 Dortmund,20035,4.957505,12778630.6601563,25293.3239304853
8005,44229,44229 Dortmund,16315,9.119922,23464962.121582,20076.2361685254
8006,44267,"44267 Dortmund (Holzen, Höchsten, Loh)",15781,11.009361,28330331.2539063,28987.2619868936
8007,44269,"44269 Dortmund (Schüren, Benninghofen",21539,7.401962,19071338.25,30271.2993374772
8008,44329,44329 Dortmund,16368,18.617548,48141848.0693359,38244.1105241731
8009,44309,44309 Dortmund,22257,10.893252,28116403.1347656,25147.7537388146
8010,44147,44147 Dortmund,22692,8.157124,21054288.2124023,30665.8247466716
8011,44263,44263 Dortmund,22920,6.038995,15560530.2890625,25264.5004189397
8012,44357,44357 Dortmund (Westerfilde Bodelschwingh Oestrich),18393,9.035124,23344469.4057617,26325.210554115
8013,44379,44379 Dortmund,21446,9.175813,23666576.003418,30148.1487972484
8014,44388,44388 Dortmund,29095,11.578219,29855473.8105469,35259.7058047786
8015,44143,44143 Dortmund,24568,8.207591,21175601.7993164,28700.6370747816
8016,44135,44135 Dortmund,11853,1.456833,3757841.66748047,10524.6381742108
8017,44319,44319 Dortmund,30714,21.755399,56178279.7470703,38142.2380938919
8018,44287,44287 Dortmund,22719,9.147761,23574015.1015625,23502.0093539232
8019,44359,44359 Dortmund,18816,20.336075,52588032.940918,43278.6544924408
8020,44265,44265 Dortmund,12842,13.926577,35812373.3461914,40554.7915588078
8021,44339,44339 Dortmund,34662,20.824767,53840523.5698242,35717.8184809385
8022,44141,44141 Dortmund,17622,4.508317,11624441.5654297,21961.5584564355
8023,44289,44289 Dortmund,11714,7.41334,19100741.6386719,21308.9306375805
8024,44137,44137 Dortmund,21449,3.283723,8468283.51660156,18912.5801317487
8025,44227,44227 Dortmund,17922,19.053143,49043564.0668945,49017.7083289036
8026,44225,44225 Dortmund,21989,7.216678,18586092.0546875,23605.0740724957
8027,44145,44145 Dortmund,30076,8.735364,22551721.605957,23206.8901091062
8028,44149,44149 Dortmund,22844,11.24421,28985948.2094727,37308.9164394433
8029,44369,44369 Dortmund,24506,10.043313,25929805.0595703,29242.4610556261
8030,18198,"18198 Stäbelow, Kritzmow",4671,30.032943,86970314.4873047,53995.2512622541
8031,18209,"18209 Bad Doberan, Bartenshagen-Parkentin u.a.",15637,81.908729,237774011.513672,102814.002766061
8032,18107,"18107 Elmenhorst/Lichtenhagen, Rostock",20869,15.513407,45122918.9072266,37862.779670699
8033,06869,06869 Coswig (Anhalt),10698,211.80685,555911010.512695,137508.352454037
8034,06868,06868 Coswig (Anhalt),2129,85.049409,223775633.914063,87128.9847802402
8035,87435,87435 Kempten (Allgäu),17517,7.689374,16982093.4726563,24883.1623198792
8036,87439,87439 Kempten (Allgäu),24377,28.472637,62961294.0224609,65805.5653954306
8037,87437,87437 Kempten (Allgäu),22293,27.060987,59833505.3320313,52867.351023884
8038,49324,49324 Melle,22599,66.160354,176051466.113281,78124.1585474188
8039,49326,49326 Melle,12686,98.436946,261378747.652832,124854.054820512
8040,49328,49328 Melle,10757,89.136218,237289049.23291,90632.5193694668
8041,32051,32051 Herford,17891,28.948106,76673546.3081055,57845.4766161735
8042,32049,32049 Herford,26689,31.838202,84435351.9672852,50337.7595493856
8043,32052,32052 Herford,20781,19.013089,50319647.7436523,45360.0156884409
8044,86447,86447 Aindling,5631,51.576493,117462714.406738,92035.5387015548
8045,86576,86576 Schiltberg,1861,29.788925,67682669.2119141,55809.1371534221
8046,86444,86444 Affing,5248,44.333446,100719041.251465,62241.9065663077
8047,86568,86568 Hollenbach,2322,26.14106,59472552.6899414,47474.308450303
8048,12307,12307 Berlin,11924,4.165531,11149110.1328125,22490.1848059089
8049,91097,91097 Oberreichenbach,1221,4.827941,11483061.6904297,17422.5361527694
8050,23758,23758 Oldenburg in Holstein,14663,174.51777,511518140.032227,150632.117868134
8051,21147,21147 Hamburg,19794,15.482834,43671738.8339844,35746.3566035913
8052,21149,21149 Hamburg,22947,18.231435,51369434.597168,41013.1113859235
8053,33605,33605 Bielefeld,18678,8.604316,22679294.5693359,31247.2088104583
8054,33607,33607 Bielefeld,17310,4.082128,10771083.890625,29131.2945200281
8055,33100,33100 Paderborn,30722,67.131751,174789070.37793,85117.0519822022
8056,33719,33719 Bielefeld,18292,16.220969,42803707.6821289,41361.1621940649
8057,33758,33758 Schloß Holte-Stukenbrock,26473,67.534513,177158184.027832,74660.345123708
8058,33104,33104 Paderborn,26191,36.717057,95801321.3139648,56629.9129666652
8059,33181,33181 Wünnenberg,12119,161.094924,415839804.289063,124237.983910661
8060,33129,33129 Delbrück,30532,157.125407,409911465.392578,117432.006072083
8061,33178,33178 Borchen,13190,77.194718,200384818.456055,76581.0878744584
8062,33039,33039 Nieheim,6585,80.542117,210503933.376465,109383.741248653
8063,33102,33102 Paderborn,33477,10.7862,28099815.2211914,34867.4406607065
8064,33829,33829 Borgholzhausen,8834,56.06406,148405819.57666,78944.0674346211
8065,33609,33609 Bielefeld,21170,10.492459,27712008.2451172,42497.3386070931
8066,33611,33611 Bielefeld,17276,4.829907,12759994.9438477,29020.534498801
8067,33617,33617 Bielefeld,9744,6.084456,16043353.4941406,25118.0410057463
8068,33619,33619 Bielefeld,15520,24.175726,63846688.3857422,53231.0037969549
8069,33613,33613 Bielefeld,24221,5.164448,13642174.4667969,28550.8171480729
8070,33803,33803 Steinhagen,20177,56.360219,148561810.731445,66933.0120307912
8071,33824,33824 Werther (Westf.),11387,35.380143,93610113.7988281,58920.601960976
8072,33334,33334 Gütersloh,22416,67.517765,177342866.093262,160325.538086787
8073,33335,33335 Gütersloh,18379,22.596157,59359151.9526367,41590.3837803998
8074,33378,33378 Rheda-Wiedenbrück,46611,86.652591,226786670.062012,85568.9687609505
8075,33602,33602 Bielefeld,16490,2.711607,7155131.74511719,20908.7800506018
8076,33659,33659 Bielefeld,20010,28.949469,76159903.6279297,51640.7225906284
8077,33615,33615 Bielefeld,18112,4.858989,12827162.9628906,27986.3633684583
8078,33332,33332 Gütersloh,27636,12.585426,33022822.6352539,38524.2218999047
8079,33034,33034 Brakel,16885,173.760927,452206739.270996,144960.807229311
8080,33604,33604 Bielefeld,16056,4.213166,11109047.3881836,35078.4588618937
8081,33729,33729 Bielefeld,18324,17.056039,45082405.3823242,47407.6343588272
8082,33184,33184 Altenbeken,9315,76.171435,198487028.176758,89259.0251031131
8083,33813,33813 Oerlinghausen,16670,32.678551,85944123.4614258,59420.0129033414
8084,33818,33818 Leopoldshöhe,15970,36.901756,97313961.1479492,61944.2913763151
8085,33161,33161 Hövelhof,15736,70.889078,185481216.611328,72858.0909540489
8086,33330,33330 Gütersloh,25837,8.951761,23511021.0678711,36199.7691660455
8087,33189,33189 Schlangen,8906,75.926863,198706247.681641,65836.251216096
8088,33649,33649 Bielefeld,20101,29.448621,77553235.8618164,59727.137161401
8089,33699,33699 Bielefeld,12462,20.137539,53050497.5986328,50267.8703744922
8090,33397,33397 Rietberg,28652,110.230201,288031803.069336,105600.542627407
8091,33647,33647 Bielefeld,19175,11.495964,30274109.2519531,50378.3400710162
8092,33154,33154 Salzkotten,24511,110.575933,287320200.516602,127295.255127383
8093,33775,33775 Versmold,20998,85.483586,225724411.479492,75493.5394769529
8094,33442,33442 Herzebrock-Clarholz,15945,79.080428,207528640.211914,77852.2170895023
8095,33106,33106 Paderborn,28375,57.841731,150599051.99707,81912.9662442164
8096,33449,33449 Langenberg,8171,38.287806,99890058.3461914,60206.4940463361
8097,76889,76889 Klingenmünster u.a.,15115,144.394563,336540595.325684,200836.365342059
8098,76229,76229 Karlsruhe,9607,15.033624,34959672.7963867,32588.417911123
8099,76706,76706 Dettenheim,6453,30.88349,72237113.6689453,54236.9657383554
8100,76297,76297 Stutensee,23070,45.69149,106528958.07373,53800.7499474231
8101,76831,"76831 Billigheim-Ingenheim, Birkweiler",9070,54.152937,126543429.068848,93252.3300020247
8102,76133,76133 Karlsruhe,22021,3.128429,7270692.28955078,22749.4604062635
8103,76751,76751 Jockgrim,6937,12.613546,29401581.0258789,40578.2033343371
8104,76337,76337 Waldbronn,11786,11.341531,26266238.4291992,24915.9746428865
8105,76764,76764 Rheinzabern,4835,12.797602,29860423.3549805,33179.9678307499
8106,76865,76865 Insheim,3653,17.330203,40493697.1123047,37317.5091259477
8107,76351,76351 Linkenheim-Hochstetten,11558,23.583887,55065241.4736328,35878.6814124146
8108,76676,76676 Graben-Neudorf,11556,28.704927,67096000.0615234,41786.046728162
8109,76189,76189 Karlsruhe,25461,18.355282,42636929.184082,42513.5861997787
8110,76707,76707 Hambrücken,5491,10.977709,25699807.7680664,27364.7214802655
8111,76307,76307 Karlsbad,15639,37.870738,87640783.0991211,57201.9028638399
8112,76833,76833 Frankweiler,3760,17.681103,41454759.5283203,57199.5134930421
8113,76848,76848 Wilgartswiesen,3307,78.96508,185074115.480469,115639.718760209
8114,76135,76135 Karlsruhe,19896,5.171333,12008641.1079102,25183.5460751231
8115,76344,76344 Eggenstein-Leopoldshafen,15602,26.150415,60967059.6757813,44343.6433597569
8116,76771,76771 Hördt,2435,18.749517,43844143.9394531,33046.1636607635
8117,76767,76767 Hagenbach,5295,15.816682,36760155.5073242,35102.4557663131
8118,76870,76870 Kandel,8489,27.455733,64001633.5214844,40712.625267589
8119,76356,76356 Weingarten,9881,29.370054,68377367.0786133,37432.5308008669
8120,76684,76684 Ö–stringen,12518,53.241661,124626770.039063,65339.0197479851
8121,76774,76774 Leimersheim,2629,12.866218,30038956.3623047,30942.2399080138
8122,76777,76777 Neupotz,1808,7.737703,18049107.1606445,23622.3953049088
8123,76709,76709 Kronau,5529,10.898609,25548372.7177734,21717.3072100422
8124,76316,76316 Malsch,14214,50.535567,116849865.723145,59734.5522954264
8125,76835,76835 Rhodt u.a.,5079,43.280195,101637338.73291,92535.6622521941
8126,76530,76530 Baden-Baden,15956,25.992995,59816432.171875,47786.8473825034
8127,76855,76855 Annweiler am Trifels,7043,39.535115,92680463.453125,81112.9614746693
8128,76137,76137 Karlsruhe,31758,5.033987,11693532.1757813,24874.1681856241
8129,76646,76646 Bruchsal,42131,92.862885,216692835.182617,106429.466216928
8130,76534,76534 Baden-Baden,14465,76.941754,176734126.062012,85235.1502787731
8131,76768,76768 Berg,2043,6.732977,15628675.7866211,27781.8376569608
8132,76872,76872 Steinweiler,6960,41.297677,96283864.6855469,66491.8027214149
8133,76359,76359 Marxzell,4999,35.000923,80830469.4472656,47264.7208296318
8134,76689,76689 Karlsdorf-Neuthard,9906,14.008629,32726012.6269531,35131.2844304451
8135,76879,76879 Hochstadt,8893,44.680531,104708856.918457,62170.4852762813
8136,76227,76227 Karlsruhe,29194,18.493114,42944914.753418,36683.1072469504
8137,76726,76726 Germersheim,19792,21.612319,50635988.2724609,41479.9614581439
8138,76327,76327 Pfinztal,17633,31.076078,72165901.9555664,47267.8930338936
8139,76846,76846 Hauenstein,4028,13.940096,32618564.6713867,33424.4092952639
8140,76532,76532 Baden-Baden,21942,37.429325,86255952.0053711,60787.4339797173
8141,76857,"76857 Albersweiler, Silz u.a.",9715,123.314961,289069624.357422,171705.097670412
8142,76770,76770 Hatzenbühl,2884,7.714345,18002691.7104492,20795.1271308157
8143,76185,76185 Karlsruhe,29857,6.368065,14799066.9970703,30162.7118847644
8144,76877,76877 Offenbach an der Queich,6026,15.211102,35603699.6655273,29191.620968922
8145,76694,76694 Forst,7717,11.485763,26853701.3779297,27145.8710034279
8146,76597,76597 Loffenau,2529,16.995958,39130351.0649414,29532.5047404932
8147,76887,76887 Bad Bergzabern u.a.,8110,19.65858,45848640.3081055,82486.2670831497
8148,76228,76228 Karlsruhe,15932,21.121245,48985235.1972656,39650.166515962
8149,76703,76703 Kraichtal,14424,80.548595,188119330.184082,70777.6085178821
8150,76287,76287 Rheinstetten,19850,32.291286,74905262.9272461,42103.197795809
8151,76829,76829 Landau in der Pfalz,44445,67.861334,158875118.750977,109886.940261041
8152,76131,76131 Karlsruhe,27382,22.226178,51711984.6015625,47226.8198792654
8153,76744,76744 Wörth,17507,133.406442,310311291.137695,125066.636158359
8154,76332,76332 Bad Herrenalb,7158,33.028164,76104910.3291016,67849.8775783224
8155,76761,76761 Rülzheim,7788,16.634776,38877357.9775391,31121.3846277998
8156,76863,76863 Herxheim,10848,32.657987,76301761.5908203,50254.6915872114
8157,76669,76669 Bad Schönborn,12168,24.0704,56396285.3081055,50915.5259983084
8158,76187,76187 Karlsruhe,18005,22.162537,51568280.3979492,47522.3660922461
8159,76698,76698 Ubstadt-Weiher,12777,36.492651,85377942.4174805,51696.9427664867
8160,63872,63872 Heimbuchenthal,2174,17.090678,41152521.5644531,38192.8274541955
8161,63808,63808 Haibach,8437,7.36284,17785582.8041992,29885.0005619408
8162,63762,63762 Großostheim,16293,44.304874,106819690.077148,53618.1298611609
8163,63773,63773 Goldbach,9852,10.962875,26530834.1313477,28293.1198121214
8164,63864,63864 Glattbach,3350,3.569213,8638816.04931641,14720.9374247531
8165,63826,63826 Geiselbach,2129,12.434878,30234609.6162109,31747.2213270977
8166,63874,63874 Dammbach,1819,32.86815,79078660.4155273,47663.1339990637
8167,63856,63856 Bessenbach,5844,29.855783,72128539.6367188,56111.6075033419
8168,63869,63869 Heigenbrücken,2208,8.415089,20389747.6665039,42724.0450845588
8169,75339,75339 Höfen an der Enz,1619,9.081549,20930173.4423828,21367.7516944166
8170,53881,53881 Euskirchen,27237,127.737338,317183170.943848,170493.197681316
