bundesland,year_month,solar_organisation,solar_privat,netto_kw_organisation,netto_kw_privat,solar_total,netto_kw_total,mandate_commercial,mandate_private,mandate_score,completions_wohngebaeude,completions_nichtwohn,completions_gesamt
Baden-Württemberg,2015-01,70,434,1948.376,4073.079,504,6021.455,0,0,0,15367.0,3433.0,18800.0
Baden-Württemberg,2015-02,61,300,1733.848,2740.456,361,4474.304,0,0,0,15367.0,3433.0,18800.0
Baden-Württemberg,2015-03,119,558,6344.77,5442.839,677,11787.609,0,0,0,15367.0,3433.0,18800.0
Baden-Württemberg,2015-04,92,666,4789.356,5780.702,758,10570.058,0,0,0,15367.0,3433.0,18800.0
Baden-Württemberg,2015-05,84,663,4052.605,5107.194,747,9159.799,0,0,0,15367.0,3433.0,18800.0
Baden-Württemberg,2015-06,88,700,3831.116,5896.243,788,9727.359,0,0,0,15367.0,3433.0,18800.0
Baden-Württemberg,2015-07,129,857,5827.784,6385.592,986,12213.376,0,0,0,15367.0,3433.0,18800.0
Baden-Württemberg,2015-08,118,588,6638.492,4525.533,706,11164.025000000001,0,0,0,15367.0,3433.0,18800.0
Baden-Württemberg,2015-09,121,681,5550.593,5384.8,802,10935.393,0,0,0,15367.0,3433.0,18800.0
Baden-Württemberg,2015-10,102,662,4888.134,4571.915,764,9460.048999999999,0,0,0,15367.0,3433.0,18800.0
Baden-Württemberg,2015-11,104,601,5316.87,4869.517,705,10186.386999999999,0,0,0,15367.0,3433.0,18800.0
Baden-Württemberg,2015-12,131,475,15011.909,6735.043,606,21746.951999999997,0,0,0,15367.0,3433.0,18800.0
Baden-Württemberg,2016-01,95,483,3656.521,4344.45,578,8000.971,0,0,0,14454.0,3172.0,17626.0
Baden-Württemberg,2016-02,89,495,2206.675,3391.428,584,5598.103,0,0,0,14454.0,3172.0,17626.0
Baden-Württemberg,2016-03,87,599,2574.946,4748.879,686,7323.825,0,0,0,14454.0,3172.0,17626.0
Baden-Württemberg,2016-04,114,680,3215.21,5133.748,794,8348.957999999999,0,0,0,14454.0,3172.0,17626.0
Baden-Württemberg,2016-05,112,725,3776.084,5899.696,837,9675.779999999999,0,0,0,14454.0,3172.0,17626.0
Baden-Württemberg,2016-06,142,878,6049.89,6520.878,1020,12570.768,0,0,0,14454.0,3172.0,17626.0
Baden-Württemberg,2016-07,139,883,4881.375,6873.79,1022,11755.165,0,0,0,14454.0,3172.0,17626.0
Baden-Württemberg,2016-08,128,722,4296.661,5738.633,850,10035.294,0,0,0,14454.0,3172.0,17626.0
Baden-Württemberg,2016-09,140,803,4353.275,5798.471,943,10151.746,0,0,0,14454.0,3172.0,17626.0
Baden-Württemberg,2016-10,119,801,4638.328,6404.523,920,11042.851,0,0,0,14454.0,3172.0,17626.0
Baden-Württemberg,2016-11,120,700,4498.939,5329.463,820,9828.402,0,0,0,14454.0,3172.0,17626.0
Baden-Württemberg,2016-12,101,477,5864.655,3991.742,578,9856.397,0,0,0,14454.0,3172.0,17626.0
Baden-Württemberg,2017-01,64,466,2023.866,3741.629,530,5765.495,0,0,0,14173.0,3093.0,17266.0
Baden-Württemberg,2017-02,145,729,7043.769,9058.109,874,16101.878,0,0,0,14173.0,3093.0,17266.0
Baden-Württemberg,2017-03,132,900,3276.907,9104.975,1032,12381.882000000001,0,0,0,14173.0,3093.0,17266.0
Baden-Württemberg,2017-04,153,884,7414.081,9213.056,1037,16627.137000000002,0,0,0,14173.0,3093.0,17266.0
Baden-Württemberg,2017-05,176,1070,7909.504,9604.145,1246,17513.649,0,0,0,14173.0,3093.0,17266.0
Baden-Württemberg,2017-06,162,1084,5184.099,9389.668,1246,14573.767,0,0,0,14173.0,3093.0,17266.0
Baden-Württemberg,2017-07,140,1146,5974.679,10205.232,1286,16179.911,0,0,0,14173.0,3093.0,17266.0
Baden-Württemberg,2017-08,146,937,6155.57,8065.818,1083,14221.387999999999,0,0,0,14173.0,3093.0,17266.0
Baden-Württemberg,2017-09,157,984,5167.588,7968.309,1141,13135.897,0,0,0,14173.0,3093.0,17266.0
Baden-Württemberg,2017-10,139,1034,6334.799,9456.974,1173,15791.773000000001,0,0,0,14173.0,3093.0,17266.0
Baden-Württemberg,2017-11,136,827,5475.231,6743.275,963,12218.506,0,0,0,14173.0,3093.0,17266.0
Baden-Württemberg,2017-12,80,531,3704.323,4252.105,611,7956.428,0,0,0,14173.0,3093.0,17266.0
Baden-Württemberg,2018-01,178,1045,9782.263,11284.9,1223,21067.163,0,0,0,14241.0,3898.0,18139.0
Baden-Württemberg,2018-02,110,702,5076.183,6382.294,812,11458.476999999999,0,0,0,14241.0,3898.0,18139.0
Baden-Württemberg,2018-03,142,878,5587.853,8260.913,1020,13848.766,0,0,0,14241.0,3898.0,18139.0
Baden-Württemberg,2018-04,172,1043,10625.426,11639.245,1215,22264.671000000002,0,0,0,14241.0,3898.0,18139.0
Baden-Württemberg,2018-05,143,1033,8485.295,9537.074,1176,18022.369,0,0,0,14241.0,3898.0,18139.0
Baden-Württemberg,2018-06,181,1157,8488.618,13441.046,1338,21929.664,0,0,0,14241.0,3898.0,18139.0
Baden-Württemberg,2018-07,234,1309,12643.373,15153.681,1543,27797.054,0,0,0,14241.0,3898.0,18139.0
Baden-Württemberg,2018-08,204,1114,10359.096,14746.274,1318,25105.37,0,0,0,14241.0,3898.0,18139.0
Baden-Württemberg,2018-09,156,1099,7276.536,13029.314,1255,20305.85,0,0,0,14241.0,3898.0,18139.0
Baden-Württemberg,2018-10,197,1174,10039.069,11936.308,1371,21975.377,0,0,0,14241.0,3898.0,18139.0
Baden-Württemberg,2018-11,179,1061,9989.883,13154.962,1240,23144.845,0,0,0,14241.0,3898.0,18139.0
Baden-Württemberg,2018-12,168,646,12851.994999999999,9935.929,814,22787.924,0,0,0,14241.0,3898.0,18139.0
Baden-Württemberg,2019-01,355,1234,32856.001,26349.818,1589,59205.818999999996,0,0,0,13730.0,3243.0,16973.0
Baden-Württemberg,2019-02,188,1068,14024.057,16144.912,1256,30168.969,0,0,0,13730.0,3243.0,16973.0
Baden-Württemberg,2019-03,206,1239,14184.159,16557.068,1445,30741.227,0,0,0,13730.0,3243.0,16973.0
Baden-Württemberg,2019-04,195,1440,8503.337,16544.221,1635,25047.558,0,0,0,13730.0,3243.0,16973.0
Baden-Württemberg,2019-05,210,1573,9549.299,18261.384,1783,27810.682999999997,0,0,0,13730.0,3243.0,16973.0
Baden-Württemberg,2019-06,151,1435,8935.941,15535.582,1586,24471.523,0,0,0,13730.0,3243.0,16973.0
Baden-Württemberg,2019-07,229,1927,13260.524,20532.281,2156,33792.805,0,0,0,13730.0,3243.0,16973.0
Baden-Württemberg,2019-08,171,1428,11184.667,16504.529,1599,27689.195999999996,0,0,0,13730.0,3243.0,16973.0
Baden-Württemberg,2019-09,215,1742,11978.684,18685.618,1957,30664.301999999996,0,0,0,13730.0,3243.0,16973.0
Baden-Württemberg,2019-10,266,1962,13200.665,20688.416,2228,33889.081000000006,0,0,0,13730.0,3243.0,16973.0
Baden-Württemberg,2019-11,186,1652,7375.749,14725.706,1838,22101.455,0,0,0,13730.0,3243.0,16973.0
Baden-Württemberg,2019-12,154,1071,8454.709,9793.394,1225,18248.103000000003,0,0,0,13730.0,3243.0,16973.0
Baden-Württemberg,2020-01,344,2110,26506.436,24955.623,2454,51462.059,0,0,0,14919.0,3262.0,18181.0
Baden-Württemberg,2020-02,193,1520,11008.417,15752.154,1713,26760.571,0,0,0,14919.0,3262.0,18181.0
Baden-Württemberg,2020-03,267,2207,14849.713,22839.663,2474,37689.376000000004,0,0,0,14919.0,3262.0,18181.0
Baden-Württemberg,2020-04,299,2460,17180.651,25612.489,2759,42793.14,0,0,0,14919.0,3262.0,18181.0
Baden-Württemberg,2020-05,260,2461,15213.455,26354.613,2721,41568.068,0,0,0,14919.0,3262.0,18181.0
Baden-Württemberg,2020-06,262,2557,15840.673,26635.448,2819,42476.121,0,0,0,14919.0,3262.0,18181.0
Baden-Württemberg,2020-07,326,3090,18340.178,29252.82,3416,47592.998,0,0,0,14919.0,3262.0,18181.0
Baden-Württemberg,2020-08,205,2300,11912.969,24213.795000000002,2505,36126.764,0,0,0,14919.0,3262.0,18181.0
Baden-Württemberg,2020-09,261,2751,14368.171,28783.43,3012,43151.601,0,0,0,14919.0,3262.0,18181.0
Baden-Württemberg,2020-10,290,2857,16481.897,27896.54,3147,44378.437000000005,0,0,0,14919.0,3262.0,18181.0
Baden-Württemberg,2020-11,283,2847,23238.463,24559.122,3130,47797.585,0,0,0,14919.0,3262.0,18181.0
Baden-Württemberg,2020-12,243,1797,16468.549,17998.533,2040,34467.081999999995,0,0,0,14919.0,3262.0,18181.0
Baden-Württemberg,2021-01,240,2061,15123.165,20433.809,2301,35556.974,0,0,0,13675.0,3049.0,16724.0
Baden-Württemberg,2021-02,200,1944,9666.59,19957.974,2144,29624.564,0,0,0,13675.0,3049.0,16724.0
Baden-Württemberg,2021-03,299,2866,25236.34,30935.542,3165,56171.882,0,0,0,13675.0,3049.0,16724.0
Baden-Württemberg,2021-04,273,3050,13612.585,29256.624,3323,42869.209,0,0,0,13675.0,3049.0,16724.0
Baden-Württemberg,2021-05,283,2829,14348.008,27621.049,3112,41969.057,0,0,0,13675.0,3049.0,16724.0
Baden-Württemberg,2021-06,280,3307,13611.35,31732.77,3587,45344.12,0,0,0,13675.0,3049.0,16724.0
Baden-Württemberg,2021-07,288,3645,13780.384,35412.877,3933,49193.261,0,0,0,13675.0,3049.0,16724.0
Baden-Württemberg,2021-08,235,2675,12811.31,25425.197,2910,38236.507,0,0,0,13675.0,3049.0,16724.0
Baden-Württemberg,2021-09,234,3411,14144.103,31573.693,3645,45717.796,0,0,0,13675.0,3049.0,16724.0
Baden-Württemberg,2021-10,280,3562,18749.976,33137.32,3842,51887.296,0,0,0,13675.0,3049.0,16724.0
Baden-Württemberg,2021-11,278,3290,22599.441,31196.349,3568,53795.78999999999,0,0,0,13675.0,3049.0,16724.0
Baden-Württemberg,2021-12,231,2385,12009.005,21801.033,2616,33810.038,0,0,0,13675.0,3049.0,16724.0
Baden-Württemberg,2022-01,262,2798,15985.977,26928.745,3060,42914.722,1,0,1,13794.0,2806.0,16600.0
Baden-Württemberg,2022-02,260,3044,16463.498,26943.293,3304,43406.791,1,0,1,13794.0,2806.0,16600.0
Baden-Württemberg,2022-03,286,4293,15590.42,38937.557,4579,54527.977,1,0,1,13794.0,2806.0,16600.0
Baden-Württemberg,2022-04,228,3877,11194.417,34838.891,4105,46033.308000000005,1,0,1,13794.0,2806.0,16600.0
Baden-Württemberg,2022-05,287,4513,15229.43,39688.732,4800,54918.162000000004,1,1,2,13794.0,2806.0,16600.0
Baden-Württemberg,2022-06,240,3939,19695.159,34477.788,4179,54172.947,1,1,2,13794.0,2806.0,16600.0
Baden-Württemberg,2022-07,236,4212,13736.655,36760.992,4448,50497.647,1,1,2,13794.0,2806.0,16600.0
Baden-Württemberg,2022-08,346,5219,21002.699,48022.128,5565,69024.82699999999,1,1,2,13794.0,2806.0,16600.0
Baden-Württemberg,2022-09,312,5050,19200.167,44476.558,5362,63676.725,1,1,2,13794.0,2806.0,16600.0
Baden-Württemberg,2022-10,293,4624,19594.133,40006.957,4917,59601.090000000004,1,1,2,13794.0,2806.0,16600.0
Baden-Württemberg,2022-11,303,3850,19879.101,32459.72,4153,52338.820999999996,1,1,2,13794.0,2806.0,16600.0
Baden-Württemberg,2022-12,192,2059,18636.04,17302.854,2251,35938.894,1,1,2,13794.0,2806.0,16600.0
Baden-Württemberg,2023-01,390,8647,19245.005,81975.472,9037,101220.477,1,1,2,13523.0,2700.0,16223.0
Baden-Württemberg,2023-02,394,7424,25134.781,67438.271,7818,92573.052,1,1,2,13523.0,2700.0,16223.0
Baden-Württemberg,2023-03,495,9368,43482.041,87832.068,9863,131314.109,1,1,2,13523.0,2700.0,16223.0
Baden-Württemberg,2023-04,404,8107,29155.925,77177.24,8511,106333.16500000001,1,1,2,13523.0,2700.0,16223.0
Baden-Württemberg,2023-05,520,10032,42843.825,95229.998,10552,138073.823,1,1,2,13523.0,2700.0,16223.0
Baden-Württemberg,2023-06,578,10981,40179.879,104628.957,11559,144808.836,1,1,2,13523.0,2700.0,16223.0
Baden-Württemberg,2023-07,606,11478,49914.312,110721.228,12084,160635.54,1,1,2,13523.0,2700.0,16223.0
Baden-Württemberg,2023-08,562,9658,39345.217,93895.655,10220,133240.872,1,1,2,13523.0,2700.0,16223.0
Baden-Württemberg,2023-09,513,10163,38863.353,97311.765,10676,136175.11800000002,1,1,2,13523.0,2700.0,16223.0
Baden-Württemberg,2023-10,556,10306,31729.61,98328.062,10862,130057.672,1,1,2,13523.0,2700.0,16223.0
Baden-Württemberg,2023-11,555,9563,37707.698,92804.15,10118,130511.848,1,1,2,13523.0,2700.0,16223.0
Baden-Württemberg,2023-12,516,6970,38298.047,70217.807,7486,108515.85399999999,1,1,2,13523.0,2700.0,16223.0
Baden-Württemberg,2024-01,787,9179,56447.147,104877.405,9966,161324.552,1,1,2,10820.0,2859.0,13679.0
Baden-Württemberg,2024-02,412,7053,22103.248,67195.527,7465,89298.775,1,1,2,10820.0,2859.0,13679.0
Baden-Württemberg,2024-03,534,7997,28399.186,78026.558,8531,106425.744,1,1,2,10820.0,2859.0,13679.0
Baden-Württemberg,2024-04,526,8732,36190.046,84761.924,9258,120951.97,1,1,2,10820.0,2859.0,13679.0
Baden-Württemberg,2024-05,554,7946,34615.826,78623.341,8500,113239.167,1,1,2,10820.0,2859.0,13679.0
Baden-Württemberg,2024-06,604,8910,44533.216,90446.962,9514,134980.178,1,1,2,10820.0,2859.0,13679.0
Baden-Württemberg,2024-07,861,10256,58214.041,107202.31,11117,165416.351,1,1,2,10820.0,2859.0,13679.0
Baden-Württemberg,2024-08,455,6551,24074.738,66198.389,7006,90273.127,1,1,2,10820.0,2859.0,13679.0
Baden-Württemberg,2024-09,538,7427,33249.812,76731.224,7965,109981.036,1,1,2,10820.0,2859.0,13679.0
Baden-Württemberg,2024-10,624,7420,44282.747,77968.088,8044,122250.835,1,1,2,10820.0,2859.0,13679.0
Baden-Württemberg,2024-11,663,7286,38485.352,78014.684,7949,116500.036,1,1,2,10820.0,2859.0,13679.0
Baden-Württemberg,2024-12,679,6955,50306.685,88073.535,7634,138380.22,1,1,2,10820.0,2859.0,13679.0
Baden-Württemberg,2025-01,958,7386,71641.606,101684.639,8344,173326.245,1,1,2,7970.0,2529.0,10499.0
Baden-Württemberg,2025-02,603,5448,35073.181,63208.772,6051,98281.953,1,1,2,7970.0,2529.0,10499.0
Baden-Württemberg,2025-03,371,4733,22381.149,47864.222,5104,70245.371,1,1,2,7970.0,2529.0,10499.0
Baden-Württemberg,2025-04,453,5765,47889.335,60188.344,6218,108077.679,1,1,2,7970.0,2529.0,10499.0
Baden-Württemberg,2025-05,458,6018,34505.62,62405.296,6476,96910.916,1,1,2,7970.0,2529.0,10499.0
Baden-Württemberg,2025-06,464,5780,25950.735,61587.823,6244,87538.55799999999,1,1,2,7970.0,2529.0,10499.0
Baden-Württemberg,2025-07,735,7501,46208.25,83862.412,8236,130070.662,1,1,2,7970.0,2529.0,10499.0
Baden-Württemberg,2025-08,385,4839,24832.772,50460.489,5224,75293.261,1,1,2,7970.0,2529.0,10499.0
Baden-Württemberg,2025-09,478,5841,34335.494,61658.462,6319,95993.956,1,1,2,7970.0,2529.0,10499.0
Baden-Württemberg,2025-10,506,5867,29676.174,63290.769,6373,92966.943,1,1,2,7970.0,2529.0,10499.0
Baden-Württemberg,2025-11,497,5528,37052.36,59706.52,6025,96758.88,1,1,2,7970.0,2529.0,10499.0
Baden-Württemberg,2025-12,494,4956,39839.053,54239.483,5450,94078.536,1,1,2,7970.0,2529.0,10499.0
Bayern,2015-01,108,735,6952.645,7323.5740000000005,843,14276.219000000001,0,0,0,23074.0,7695.0,30769.0
Bayern,2015-02,47,435,1817.03,3355.571,482,5172.601,0,0,0,23074.0,7695.0,30769.0
Bayern,2015-03,86,931,2720.55,7942.139,1017,10662.689,0,0,0,23074.0,7695.0,30769.0
Bayern,2015-04,104,1059,4378.329,8477.412,1163,12855.741,0,0,0,23074.0,7695.0,30769.0
Bayern,2015-05,116,1025,4278.729,8668.698,1141,12947.427,0,0,0,23074.0,7695.0,30769.0
Bayern,2015-06,124,1171,6619.26,9405.514,1295,16024.774,0,0,0,23074.0,7695.0,30769.0
Bayern,2015-07,152,1211,7186.298,9371.472,1363,16557.77,0,0,0,23074.0,7695.0,30769.0
Bayern,2015-08,130,995,5020.855,7915.433,1125,12936.288,0,0,0,23074.0,7695.0,30769.0
Bayern,2015-09,128,1090,7518.805,9169.738,1218,16688.542999999998,0,0,0,23074.0,7695.0,30769.0
Bayern,2015-10,118,1038,5258.04,8186.812,1156,13444.851999999999,0,0,0,23074.0,7695.0,30769.0
Bayern,2015-11,139,857,6127.716,7492.639,996,13620.355,0,0,0,23074.0,7695.0,30769.0
Bayern,2015-12,160,659,17873.028,6345.167,819,24218.195,0,0,0,23074.0,7695.0,30769.0
Bayern,2016-01,97,788,3779.0099999999998,6480.702,885,10259.712,0,0,0,21583.0,6904.0,28487.0
Bayern,2016-02,72,647,1824.545,5016.304,719,6840.849,0,0,0,21583.0,6904.0,28487.0
Bayern,2016-03,120,951,3997.06,7452.771,1071,11449.831,0,0,0,21583.0,6904.0,28487.0
Bayern,2016-04,144,1066,5327.805,8220.046,1210,13547.851,0,0,0,21583.0,6904.0,28487.0
Bayern,2016-05,135,1024,5185.365,8218.991,1159,13404.356,0,0,0,21583.0,6904.0,28487.0
Bayern,2016-06,162,1318,6000.11,11406.7,1480,17406.81,0,0,0,21583.0,6904.0,28487.0
Bayern,2016-07,112,1243,3843.381,9304.717,1355,13148.098,0,0,0,21583.0,6904.0,28487.0
Bayern,2016-08,121,1135,4942.119,8983.416,1256,13925.535,0,0,0,21583.0,6904.0,28487.0
Bayern,2016-09,134,1111,6081.08,8705.289999999999,1245,14786.369999999999,0,0,0,21583.0,6904.0,28487.0
Bayern,2016-10,121,1018,4038.995,7815.568,1139,11854.563,0,0,0,21583.0,6904.0,28487.0
Bayern,2016-11,108,851,6294.39,6987.142,959,13281.532,0,0,0,21583.0,6904.0,28487.0
Bayern,2016-12,71,560,5991.14,4825.557,631,10816.697,0,0,0,21583.0,6904.0,28487.0
Bayern,2017-01,92,700,3391.36,6651.101,792,10042.461,0,0,0,25166.0,7240.0,32406.0
Bayern,2017-02,132,1056,7515.176,10315.265,1188,17830.441,0,0,0,25166.0,7240.0,32406.0
Bayern,2017-03,156,1345,8361.195,13293.125,1501,21654.32,0,0,0,25166.0,7240.0,32406.0
Bayern,2017-04,186,1347,8610.935,14642.229,1533,23253.163999999997,0,0,0,25166.0,7240.0,32406.0
Bayern,2017-05,164,1740,6445.332,18215.292,1904,24660.624000000003,0,0,0,25166.0,7240.0,32406.0
Bayern,2017-06,160,1576,8803.193,17095.311,1736,25898.504,0,0,0,25166.0,7240.0,32406.0
Bayern,2017-07,190,1705,11044.875,18315.665,1895,29360.54,0,0,0,25166.0,7240.0,32406.0
Bayern,2017-08,156,1516,7261.41,14608.65,1672,21870.059999999998,0,0,0,25166.0,7240.0,32406.0
Bayern,2017-09,163,1560,5736.794,14815.304,1723,20552.097999999998,0,0,0,25166.0,7240.0,32406.0
Bayern,2017-10,150,1504,5870.464,14692.279,1654,20562.743000000002,0,0,0,25166.0,7240.0,32406.0
Bayern,2017-11,110,1203,3470.175,10271.274,1313,13741.449,0,0,0,25166.0,7240.0,32406.0
Bayern,2017-12,56,626,2152.32,5709.647,682,7861.967000000001,0,0,0,25166.0,7240.0,32406.0
Bayern,2018-01,275,1706,20126.688,25706.669,1981,45833.357,0,0,0,24012.0,7044.0,31056.0
Bayern,2018-02,108,812,8860.690999999999,10339.122,920,19199.813,0,0,0,24012.0,7044.0,31056.0
Bayern,2018-03,137,1144,8062.612,12538.779,1281,20601.391,0,0,0,24012.0,7044.0,31056.0
Bayern,2018-04,204,1592,9816.495,18778.662,1796,28595.157,0,0,0,24012.0,7044.0,31056.0
Bayern,2018-05,168,1653,8468.49,18181.031,1821,26649.521,0,0,0,24012.0,7044.0,31056.0
Bayern,2018-06,232,1734,12595.84,22203.232,1966,34799.072,0,0,0,24012.0,7044.0,31056.0
Bayern,2018-07,263,1985,15497.52,25645.579,2248,41143.099,0,0,0,24012.0,7044.0,31056.0
Bayern,2018-08,204,1612,12669.425,20382.803,1816,33052.228,0,0,0,24012.0,7044.0,31056.0
Bayern,2018-09,200,1616,12912.26,20507.065,1816,33419.325,0,0,0,24012.0,7044.0,31056.0
Bayern,2018-10,194,1570,11424.32,16673.406,1764,28097.726,0,0,0,24012.0,7044.0,31056.0
Bayern,2018-11,204,1317,13650.585,16496.602,1521,30147.186999999998,0,0,0,24012.0,7044.0,31056.0
Bayern,2018-12,128,792,9558.645,13754.613,920,23313.258,0,0,0,24012.0,7044.0,31056.0
Bayern,2019-01,483,2049,50932.742,55660.293,2532,106593.035,0,0,0,23875.0,6575.0,30450.0
Bayern,2019-02,180,1178,14665.035,20820.043,1358,35485.078,0,0,0,23875.0,6575.0,30450.0
Bayern,2019-03,241,1853,14348.697,28706.672,2094,43055.369,0,0,0,23875.0,6575.0,30450.0
Bayern,2019-04,244,2226,12035.747,24423.789,2470,36459.536,0,0,0,23875.0,6575.0,30450.0
Bayern,2019-05,228,2319,12475.381,27462.653,2547,39938.034,0,0,0,23875.0,6575.0,30450.0
Bayern,2019-06,236,2158,15023.362,26959.094,2394,41982.456,0,0,0,23875.0,6575.0,30450.0
Bayern,2019-07,299,2659,14792.348,29470.185,2958,44262.533,0,0,0,23875.0,6575.0,30450.0
Bayern,2019-08,241,2083,12910.045,23789.789,2324,36699.834,0,0,0,23875.0,6575.0,30450.0
Bayern,2019-09,255,2457,15920.282,29220.426,2712,45140.708,0,0,0,23875.0,6575.0,30450.0
Bayern,2019-10,262,2558,14400.09,28199.653,2820,42599.743,0,0,0,23875.0,6575.0,30450.0
Bayern,2019-11,187,2091,10003.965,20699.625,2278,30703.59,0,0,0,23875.0,6575.0,30450.0
Bayern,2019-12,111,1086,5657.146,10732.005,1197,16389.150999999998,0,0,0,23875.0,6575.0,30450.0
Bayern,2020-01,436,3379,26502.761,47746.04,3815,74248.801,0,0,0,25449.0,6893.0,32342.0
Bayern,2020-02,206,2008,12864.509,21838.833,2214,34703.342,0,0,0,25449.0,6893.0,32342.0
Bayern,2020-03,304,3287,15051.857,38187.62,3591,53239.477,0,0,0,25449.0,6893.0,32342.0
Bayern,2020-04,323,3721,17980.03,41787.145,4044,59767.174999999996,0,0,0,25449.0,6893.0,32342.0
Bayern,2020-05,322,3779,18673.57,43352.738,4101,62026.308,0,0,0,25449.0,6893.0,32342.0
Bayern,2020-06,370,3868,22149.421,42650.237,4238,64799.657999999996,0,0,0,25449.0,6893.0,32342.0
Bayern,2020-07,368,4595,20596.985,46654.822,4963,67251.807,0,0,0,25449.0,6893.0,32342.0
Bayern,2020-08,295,3431,16694.98,37848.113,3726,54543.09299999999,0,0,0,25449.0,6893.0,32342.0
Bayern,2020-09,336,4238,19681.897,45842.083,4574,65523.979999999996,0,0,0,25449.0,6893.0,32342.0
Bayern,2020-10,301,4367,17655.427,43567.956,4668,61223.383,0,0,0,25449.0,6893.0,32342.0
Bayern,2020-11,293,3804,15962.286,35940.064,4097,51902.35,0,0,0,25449.0,6893.0,32342.0
Bayern,2020-12,216,2296,19154.06,22872.04,2512,42026.100000000006,0,0,0,25449.0,6893.0,32342.0
Bayern,2021-01,334,3305,23046.132,42703.802,3639,65749.93400000001,0,0,0,22808.0,6477.0,29285.0
Bayern,2021-02,193,2600,9943.565,27301.98,2793,37245.545,0,0,0,22808.0,6477.0,29285.0
Bayern,2021-03,335,4615,31253.121,53844.087,4950,85097.208,0,0,0,22808.0,6477.0,29285.0
Bayern,2021-04,294,4359,13143.125,47280.946,4653,60424.071,0,0,0,22808.0,6477.0,29285.0
Bayern,2021-05,324,4364,16983.557,47602.513,4688,64586.07,0,0,0,22808.0,6477.0,29285.0
Bayern,2021-06,310,4774,15452.52,50489.061,5084,65941.581,0,0,0,22808.0,6477.0,29285.0
Bayern,2021-07,363,4895,16228.210000000001,51482.092,5258,67710.302,0,0,0,22808.0,6477.0,29285.0
Bayern,2021-08,338,4059,15612.392,41601.868,4397,57214.26,0,0,0,22808.0,6477.0,29285.0
Bayern,2021-09,332,5007,13863.19,51578.781,5339,65441.971000000005,0,0,0,22808.0,6477.0,29285.0
Bayern,2021-10,317,4882,14633.333,50174.541,5199,64807.873999999996,0,0,0,22808.0,6477.0,29285.0
Bayern,2021-11,293,4341,14171.083,42666.343,4634,56837.426,0,0,0,22808.0,6477.0,29285.0
Bayern,2021-12,191,2425,9577.9,23011.542,2616,32589.442000000003,0,0,0,22808.0,6477.0,29285.0
Bayern,2022-01,313,4017,16690.055,42517.7,4330,59207.755,0,0,0,23261.0,6522.0,29783.0
Bayern,2022-02,226,3721,11946.382,36035.833,3947,47982.215,0,0,0,23261.0,6522.0,29783.0
Bayern,2022-03,347,6202,27278.798,60309.281,6549,87588.079,0,0,0,23261.0,6522.0,29783.0
Bayern,2022-04,298,5549,16742.835,54453.925,5847,71196.76000000001,0,0,0,23261.0,6522.0,29783.0
Bayern,2022-05,333,6542,19311.34,62470.142,6875,81781.482,0,0,0,23261.0,6522.0,29783.0
Bayern,2022-06,295,5681,20193.75,53802.649,5976,73996.399,0,0,0,23261.0,6522.0,29783.0
Bayern,2022-07,284,5476,14637.797,51307.707,5760,65945.504,0,0,0,23261.0,6522.0,29783.0
Bayern,2022-08,461,7951,27980.978,81786.696,8412,109767.674,0,0,0,23261.0,6522.0,29783.0
Bayern,2022-09,365,7187,27062.2,68711.066,7552,95773.266,0,0,0,23261.0,6522.0,29783.0
Bayern,2022-10,340,6199,17547.23,58750.826,6539,76298.056,0,0,0,23261.0,6522.0,29783.0
Bayern,2022-11,320,4787,22445.237,44456.202,5107,66901.439,0,0,0,23261.0,6522.0,29783.0
Bayern,2022-12,220,2441,15473.651,21572.816,2661,37046.467,0,0,0,23261.0,6522.0,29783.0
Bayern,2023-01,606,14498,35704.284,154667.33,15104,190371.614,0,0,0,23459.0,6218.0,29677.0
Bayern,2023-02,451,9911,30409.713,98772.856,10362,129182.569,0,0,0,23459.0,6218.0,29677.0
Bayern,2023-03,565,13043,30646.83,133966.727,13608,164613.55700000003,1,0,1,23459.0,6218.0,29677.0
Bayern,2023-04,492,11482,36455.102,118265.34,11974,154720.44199999998,1,0,1,23459.0,6218.0,29677.0
Bayern,2023-05,595,14272,39352.911,150296.021,14867,189648.932,1,0,1,23459.0,6218.0,29677.0
Bayern,2023-06,667,15633,38379.24,162439.148,16300,200818.38799999998,1,0,1,23459.0,6218.0,29677.0
Bayern,2023-07,724,15984,42697.248,165540.948,16708,208238.196,1,0,1,23459.0,6218.0,29677.0
Bayern,2023-08,648,14613,41427.557,151542.718,15261,192970.275,1,0,1,23459.0,6218.0,29677.0
Bayern,2023-09,642,14587,36357.763,149751.774,15229,186109.537,1,0,1,23459.0,6218.0,29677.0
Bayern,2023-10,700,14605,49245.813,150509.24,15305,199755.05299999999,1,0,1,23459.0,6218.0,29677.0
Bayern,2023-11,641,12712,34452.665,131809.423,13353,166262.08800000002,1,0,1,23459.0,6218.0,29677.0
Bayern,2023-12,450,7483,27724.03,77206.011,7933,104930.041,1,0,1,23459.0,6218.0,29677.0
Bayern,2024-01,920,13095,70424.802,173787.732,14015,244212.53399999999,1,0,1,18572.0,5901.0,24473.0
Bayern,2024-02,479,8574,30387.946,86571.112,9053,116959.05799999999,1,0,1,18572.0,5901.0,24473.0
Bayern,2024-03,685,10860,37602.241,110161.514,11545,147763.755,1,0,1,18572.0,5901.0,24473.0
Bayern,2024-04,695,11896,44832.737,125774.36,12591,170607.097,1,0,1,18572.0,5901.0,24473.0
Bayern,2024-05,605,10812,39932.59,118981.539,11417,158914.12900000002,1,0,1,18572.0,5901.0,24473.0
Bayern,2024-06,692,11231,51682.132,123211.464,11923,174893.59600000002,1,0,1,18572.0,5901.0,24473.0
Bayern,2024-07,956,13861,62237.425,162923.618,14817,225161.043,1,0,1,18572.0,5901.0,24473.0
Bayern,2024-08,615,8368,33453.955,90058.542,8983,123512.497,1,0,1,18572.0,5901.0,24473.0
Bayern,2024-09,595,9230,29875.702,101351.748,9825,131227.45,1,0,1,18572.0,5901.0,24473.0
Bayern,2024-10,736,10030,55836.975,112096.538,10766,167933.513,1,0,1,18572.0,5901.0,24473.0
Bayern,2024-11,709,9205,48533.608,108185.41100000001,9914,156719.019,1,0,1,18572.0,5901.0,24473.0
Bayern,2024-12,717,7820,68542.455,103416.439,8537,171958.894,1,0,1,18572.0,5901.0,24473.0
Bayern,2025-01,1036,9498,87365.955,169220.255,10534,256586.21000000002,1,0,1,15206.0,5786.0,20992.0
Bayern,2025-02,561,6775,40872.633,84037.817,7336,124910.45,1,0,1,15206.0,5786.0,20992.0
Bayern,2025-03,345,5552,31213.385,58172.761,5897,89386.146,1,0,1,15206.0,5786.0,20992.0
Bayern,2025-04,449,6777,35201.947,70865.935,7226,106067.882,1,0,1,15206.0,5786.0,20992.0
Bayern,2025-05,452,7271,24593.505,78841.153,7723,103434.65800000001,1,0,1,15206.0,5786.0,20992.0
Bayern,2025-06,433,6757,28841.785,75396.391,7190,104238.176,1,0,1,15206.0,5786.0,20992.0
Bayern,2025-07,656,8954,36720.095,106508.545,9610,143228.64,1,0,1,15206.0,5786.0,20992.0
Bayern,2025-08,421,5607,28825.31,61271.975,6028,90097.285,1,0,1,15206.0,5786.0,20992.0
Bayern,2025-09,481,6711,27545.304,74796.249,7192,102341.553,1,0,1,15206.0,5786.0,20992.0
Bayern,2025-10,419,5990,27973.989,64763.921,6409,92737.91,1,0,1,15206.0,5786.0,20992.0
Bayern,2025-11,437,6333,25025.659,72143.91,6770,97169.569,1,0,1,15206.0,5786.0,20992.0
Bayern,2025-12,415,4664,50469.043,56708.186,5079,107177.22899999999,1,0,1,15206.0,5786.0,20992.0
Berlin,2015-01,2,19,78.0,111.069,21,189.06900000000002,0,0,0,2011.0,208.0,2219.0
Berlin,2015-02,4,17,445.6,134.29000000000002,21,579.8900000000001,0,0,0,2011.0,208.0,2219.0
Berlin,2015-03,5,17,823.1,99.7,22,922.8000000000001,0,0,0,2011.0,208.0,2219.0
Berlin,2015-04,6,26,306.86,146.957,32,453.817,0,0,0,2011.0,208.0,2219.0
Berlin,2015-05,5,26,237.24,150.16,31,387.4,0,0,0,2011.0,208.0,2219.0
Berlin,2015-06,7,15,99.648,81.985,22,181.63299999999998,0,0,0,2011.0,208.0,2219.0
Berlin,2015-07,8,25,291.315,112.396,33,403.711,0,0,0,2011.0,208.0,2219.0
Berlin,2015-08,7,24,239.02,128.25,31,367.27,0,0,0,2011.0,208.0,2219.0
Berlin,2015-09,4,20,122.0,107.04,24,229.04000000000002,0,0,0,2011.0,208.0,2219.0
Berlin,2015-10,8,16,128.55,85.702,24,214.252,0,0,0,2011.0,208.0,2219.0
Berlin,2015-11,9,16,108.24,99.03999999999999,25,207.27999999999997,0,0,0,2011.0,208.0,2219.0
Berlin,2015-12,23,17,1191.81,93.87,40,1285.6799999999998,0,0,0,2011.0,208.0,2219.0
Berlin,2016-01,4,17,86.13,99.03,21,185.16,0,0,0,2217.0,229.0,2446.0
Berlin,2016-02,4,13,54.32,52.494,17,106.814,0,0,0,2217.0,229.0,2446.0
Berlin,2016-03,1,30,75.92,137.54500000000002,31,213.46500000000003,0,0,0,2217.0,229.0,2446.0
Berlin,2016-04,2,22,21.15,148.466,24,169.616,0,0,0,2217.0,229.0,2446.0
Berlin,2016-05,3,18,80.9,79.943,21,160.84300000000002,0,0,0,2217.0,229.0,2446.0
Berlin,2016-06,8,26,69.82,122.229,34,192.04899999999998,0,0,0,2217.0,229.0,2446.0
Berlin,2016-07,7,24,62.31,109.10000000000001,31,171.41000000000003,0,0,0,2217.0,229.0,2446.0
Berlin,2016-08,7,32,130.07,131.905,39,261.975,0,0,0,2217.0,229.0,2446.0
Berlin,2016-09,8,28,418.565,159.69,36,578.255,0,0,0,2217.0,229.0,2446.0
Berlin,2016-10,4,17,236.24,85.025,21,321.265,0,0,0,2217.0,229.0,2446.0
Berlin,2016-11,2,21,197.0,109.855,23,306.855,0,0,0,2217.0,229.0,2446.0
Berlin,2016-12,3,9,6.7589999999999995,36.42,12,43.179,0,0,0,2217.0,229.0,2446.0
Berlin,2017-01,4,22,110.93,151.225,26,262.155,0,0,0,1943.0,203.0,2146.0
Berlin,2017-02,66,13,1450.24,91.336,79,1541.576,0,0,0,1943.0,203.0,2146.0
Berlin,2017-03,11,36,331.395,185.6,47,516.995,0,0,0,1943.0,203.0,2146.0
Berlin,2017-04,13,33,671.66,161.94,46,833.5999999999999,0,0,0,1943.0,203.0,2146.0
Berlin,2017-05,11,36,606.95,183.165,47,790.115,0,0,0,1943.0,203.0,2146.0
Berlin,2017-06,4,51,26.016,250.685,55,276.701,0,0,0,1943.0,203.0,2146.0
Berlin,2017-07,11,30,267.73,173.77,41,441.5,0,0,0,1943.0,203.0,2146.0
Berlin,2017-08,5,40,128.475,209.507,45,337.98199999999997,0,0,0,1943.0,203.0,2146.0
Berlin,2017-09,11,37,299.58,197.809,48,497.389,0,0,0,1943.0,203.0,2146.0
Berlin,2017-10,5,34,266.68,185.175,39,451.855,0,0,0,1943.0,203.0,2146.0
Berlin,2017-11,18,36,1725.0900000000001,230.98000000000002,54,1956.0700000000002,0,0,0,1943.0,203.0,2146.0
Berlin,2017-12,16,22,879.04,105.485,38,984.525,0,0,0,1943.0,203.0,2146.0
Berlin,2018-01,4,31,46.37,168.01,35,214.38,0,0,0,2101.0,225.0,2326.0
Berlin,2018-02,13,32,474.06,155.685,45,629.745,0,0,0,2101.0,225.0,2326.0
Berlin,2018-03,4,42,54.085,216.291,46,270.376,0,0,0,2101.0,225.0,2326.0
Berlin,2018-04,10,48,308.96,233.68,58,542.64,0,0,0,2101.0,225.0,2326.0
Berlin,2018-05,5,42,227.88,265.225,47,493.105,0,0,0,2101.0,225.0,2326.0
Berlin,2018-06,2,36,31.0,202.232,38,233.232,0,0,0,2101.0,225.0,2326.0
Berlin,2018-07,4,35,247.01,199.691,39,446.701,0,0,0,2101.0,225.0,2326.0
Berlin,2018-08,7,45,118.67,268.84,52,387.51,0,0,0,2101.0,225.0,2326.0
Berlin,2018-09,8,32,131.4,205.825,40,337.225,0,0,0,2101.0,225.0,2326.0
Berlin,2018-10,11,33,512.675,207.755,44,720.43,0,0,0,2101.0,225.0,2326.0
Berlin,2018-11,8,33,451.83000000000004,216.74,41,668.57,0,0,0,2101.0,225.0,2326.0
Berlin,2018-12,16,26,1475.08,186.77,42,1661.85,0,0,0,2101.0,225.0,2326.0
Berlin,2019-01,11,44,429.21,355.16,55,784.37,0,0,0,2144.0,214.0,2358.0
Berlin,2019-02,1,43,66.0,239.49,44,305.49,0,0,0,2144.0,214.0,2358.0
Berlin,2019-03,8,57,251.275,370.21999999999997,65,621.495,0,0,0,2144.0,214.0,2358.0
Berlin,2019-04,10,47,859.86,323.847,57,1183.7069999999999,0,0,0,2144.0,214.0,2358.0
Berlin,2019-05,26,55,840.1,342.851,81,1182.951,0,0,0,2144.0,214.0,2358.0
Berlin,2019-06,7,56,99.99000000000001,372.983,63,472.973,0,0,0,2144.0,214.0,2358.0
Berlin,2019-07,13,67,546.3870000000001,454.236,80,1000.623,0,0,0,2144.0,214.0,2358.0
Berlin,2019-08,8,70,610.52,460.58500000000004,78,1071.105,0,0,0,2144.0,214.0,2358.0
Berlin,2019-09,5,60,122.14,366.895,65,489.03499999999997,0,0,0,2144.0,214.0,2358.0
Berlin,2019-10,27,58,824.75,367.085,85,1191.835,0,0,0,2144.0,214.0,2358.0
Berlin,2019-11,14,65,649.3299999999999,403.225,79,1052.5549999999998,0,0,0,2144.0,214.0,2358.0
Berlin,2019-12,8,50,253.57999999999998,291.595,58,545.175,0,0,0,2144.0,214.0,2358.0
Berlin,2020-01,15,101,467.15,691.355,116,1158.505,0,0,0,1589.0,155.0,1744.0
Berlin,2020-02,9,76,300.98,507.261,85,808.241,0,0,0,1589.0,155.0,1744.0
Berlin,2020-03,16,111,435.805,844.875,127,1280.68,0,0,0,1589.0,155.0,1744.0
Berlin,2020-04,9,104,648.0,681.885,113,1329.885,0,0,0,1589.0,155.0,1744.0
Berlin,2020-05,24,92,502.91999999999996,674.658,116,1177.578,0,0,0,1589.0,155.0,1744.0
Berlin,2020-06,21,106,770.51,692.1949999999999,127,1462.705,0,0,0,1589.0,155.0,1744.0
Berlin,2020-07,17,124,628.79,729.605,141,1358.395,0,0,0,1589.0,155.0,1744.0
Berlin,2020-08,16,93,604.3100000000001,571.535,109,1175.845,0,0,0,1589.0,155.0,1744.0
Berlin,2020-09,14,120,1052.32,869.285,134,1921.605,0,0,0,1589.0,155.0,1744.0
Berlin,2020-10,15,113,1260.8,740.673,128,2001.473,0,0,0,1589.0,155.0,1744.0
Berlin,2020-11,10,162,618.525,901.395,172,1519.92,0,0,0,1589.0,155.0,1744.0
Berlin,2020-12,12,116,523.69,643.855,128,1167.545,0,0,0,1589.0,155.0,1744.0
Berlin,2021-01,31,118,1315.3899999999999,772.848,149,2088.238,0,0,0,1868.0,182.0,2050.0
Berlin,2021-02,15,95,553.96,658.16,110,1212.12,0,0,0,1868.0,182.0,2050.0
Berlin,2021-03,24,143,1562.522,953.11,167,2515.632,0,0,0,1868.0,182.0,2050.0
Berlin,2021-04,6,117,259.26,855.23,123,1114.49,0,0,0,1868.0,182.0,2050.0
Berlin,2021-05,6,125,358.71,874.861,131,1233.571,0,0,0,1868.0,182.0,2050.0
Berlin,2021-06,15,140,625.7,1063.007,155,1688.707,0,0,0,1868.0,182.0,2050.0
Berlin,2021-07,28,123,785.4300000000001,835.042,151,1620.4720000000002,0,0,0,1868.0,182.0,2050.0
Berlin,2021-08,18,119,582.66,826.0,137,1408.6599999999999,0,0,0,1868.0,182.0,2050.0
Berlin,2021-09,28,158,1674.18,1165.03,186,2839.21,0,0,0,1868.0,182.0,2050.0
Berlin,2021-10,13,167,617.3,1340.15,180,1957.45,0,0,0,1868.0,182.0,2050.0
Berlin,2021-11,44,160,2236.18,1118.07,204,3354.25,0,0,0,1868.0,182.0,2050.0
Berlin,2021-12,3,112,608.9,860.439,115,1469.339,0,0,0,1868.0,182.0,2050.0
Berlin,2022-01,11,155,806.01,1158.097,166,1964.107,0,0,0,1570.0,187.0,1757.0
Berlin,2022-02,12,148,381.66,1014.273,160,1395.933,0,0,0,1570.0,187.0,1757.0
Berlin,2022-03,21,203,954.0,1361.34,224,2315.34,0,0,0,1570.0,187.0,1757.0
Berlin,2022-04,12,154,258.90000000000003,1096.493,166,1355.393,0,0,0,1570.0,187.0,1757.0
Berlin,2022-05,5,223,229.15,1594.081,228,1823.231,0,0,0,1570.0,187.0,1757.0
Berlin,2022-06,14,202,392.32,1462.85,216,1855.1699999999998,0,0,0,1570.0,187.0,1757.0
Berlin,2022-07,15,197,527.55,1359.051,212,1886.6009999999999,0,0,0,1570.0,187.0,1757.0
Berlin,2022-08,20,318,928.88,2171.603,338,3100.483,0,0,0,1570.0,187.0,1757.0
Berlin,2022-09,35,298,1424.78,1968.025,333,3392.8050000000003,0,0,0,1570.0,187.0,1757.0
Berlin,2022-10,24,255,782.225,1784.345,279,2566.57,0,0,0,1570.0,187.0,1757.0
Berlin,2022-11,35,298,1336.995,2175.081,333,3512.076,0,0,0,1570.0,187.0,1757.0
Berlin,2022-12,25,199,2134.0,1416.6,224,3550.6,0,0,0,1570.0,187.0,1757.0
Berlin,2023-01,20,477,2114.611,3546.401,497,5661.012,1,1,2,1436.0,201.0,1637.0
Berlin,2023-02,41,448,1609.68,3206.354,489,4816.034,1,1,2,1436.0,201.0,1637.0
Berlin,2023-03,25,544,1505.2700000000002,3993.5209999999997,569,5498.791,1,1,2,1436.0,201.0,1637.0
Berlin,2023-04,23,455,928.7,3529.444,478,4458.144,1,1,2,1436.0,201.0,1637.0
Berlin,2023-05,29,609,890.23,4584.758,638,5474.987999999999,1,1,2,1436.0,201.0,1637.0
Berlin,2023-06,45,673,2074.43,4950.589,718,7025.019,1,1,2,1436.0,201.0,1637.0
Berlin,2023-07,41,696,1238.78,5264.259,737,6503.039,1,1,2,1436.0,201.0,1637.0
Berlin,2023-08,22,670,962.39,5172.045,692,6134.435,1,1,2,1436.0,201.0,1637.0
Berlin,2023-09,42,647,2754.54,5136.771,689,7891.311,1,1,2,1436.0,201.0,1637.0
Berlin,2023-10,28,547,812.385,4165.362,575,4977.747,1,1,2,1436.0,201.0,1637.0
Berlin,2023-11,57,629,4126.29,5040.043,686,9166.332999999999,1,1,2,1436.0,201.0,1637.0
Berlin,2023-12,39,393,4340.1,3040.096,432,7380.196,1,1,2,1436.0,201.0,1637.0
Berlin,2024-01,58,410,3751.99,4336.455,468,8088.445,1,1,2,1555.0,173.0,1728.0
Berlin,2024-02,22,458,984.528,3563.7650000000003,480,4548.293000000001,1,1,2,1555.0,173.0,1728.0
Berlin,2024-03,17,480,3634.25,3730.331,497,7364.581,1,1,2,1555.0,173.0,1728.0
Berlin,2024-04,48,489,2009.07,3687.575,537,5696.6449999999995,1,1,2,1555.0,173.0,1728.0
Berlin,2024-05,53,512,1372.37,4028.612,565,5400.982,1,1,2,1555.0,173.0,1728.0
Berlin,2024-06,65,527,3891.315,3958.117,592,7849.432000000001,1,1,2,1555.0,173.0,1728.0
Berlin,2024-07,61,563,2723.9900000000002,4564.579,624,7288.5689999999995,1,1,2,1555.0,173.0,1728.0
Berlin,2024-08,39,421,1273.16,3249.131,460,4522.291,1,1,2,1555.0,173.0,1728.0
Berlin,2024-09,56,468,3737.02,3633.75,524,7370.77,1,1,2,1555.0,173.0,1728.0
Berlin,2024-10,60,481,2085.625,3929.976,541,6015.601000000001,1,1,2,1555.0,173.0,1728.0
Berlin,2024-11,137,410,5305.87,3388.854,547,8694.724,1,1,2,1555.0,173.0,1728.0
Berlin,2024-12,173,441,10466.41,3729.1150000000002,614,14195.525,1,1,2,1555.0,173.0,1728.0
Berlin,2025-01,120,363,7769.07,3167.404,483,10936.474,1,1,2,1155.0,168.0,1323.0
Berlin,2025-02,118,283,4080.805,2396.485,401,6477.29,1,1,2,1155.0,168.0,1323.0
Berlin,2025-03,32,330,1502.13,2568.038,362,4070.168,1,1,2,1155.0,168.0,1323.0
Berlin,2025-04,39,359,1632.31,3164.435,398,4796.745,1,1,2,1155.0,168.0,1323.0
Berlin,2025-05,53,398,2128.1,3558.708,451,5686.808,1,1,2,1155.0,168.0,1323.0
Berlin,2025-06,47,405,1045.505,3181.967,452,4227.472,1,1,2,1155.0,168.0,1323.0
Berlin,2025-07,90,499,5825.43,4654.486,589,10479.916000000001,1,1,2,1155.0,168.0,1323.0
Berlin,2025-08,63,316,1921.195,2781.656,379,4702.851,1,1,2,1155.0,168.0,1323.0
Berlin,2025-09,89,396,3059.579,3213.985,485,6273.564,1,1,2,1155.0,168.0,1323.0
Berlin,2025-10,94,368,3594.24,3267.37,462,6861.61,1,1,2,1155.0,168.0,1323.0
Berlin,2025-11,71,369,3074.235,3121.733,440,6195.968000000001,1,1,2,1155.0,168.0,1323.0
Berlin,2025-12,77,295,2922.65,2836.855,372,5759.505,1,1,2,1155.0,168.0,1323.0
Brandenburg,2015-01,16,76,2468.19,627.808,92,3095.998,0,0,0,5519.0,642.0,6161.0
Brandenburg,2015-02,6,61,337.6,676.981,67,1014.581,0,0,0,5519.0,642.0,6161.0
Brandenburg,2015-03,24,102,560.495,923.785,126,1484.28,0,0,0,5519.0,642.0,6161.0
Brandenburg,2015-04,13,107,266.92,857.524,120,1124.444,0,0,0,5519.0,642.0,6161.0
Brandenburg,2015-05,17,115,1162.64,923.836,132,2086.476,0,0,0,5519.0,642.0,6161.0
Brandenburg,2015-06,18,123,840.6,1068.9950000000001,141,1909.5950000000003,0,0,0,5519.0,642.0,6161.0
Brandenburg,2015-07,14,131,1292.075,1113.825,145,2405.9,0,0,0,5519.0,642.0,6161.0
Brandenburg,2015-08,16,140,342.26,908.05,156,1250.31,0,0,0,5519.0,642.0,6161.0
Brandenburg,2015-09,14,131,1504.31,756.833,145,2261.143,0,0,0,5519.0,642.0,6161.0
Brandenburg,2015-10,13,128,588.396,684.765,141,1273.161,0,0,0,5519.0,642.0,6161.0
Brandenburg,2015-11,12,122,1179.475,632.475,134,1811.9499999999998,0,0,0,5519.0,642.0,6161.0
Brandenburg,2015-12,20,107,1668.92,2250.66,127,3919.58,0,0,0,5519.0,642.0,6161.0
Brandenburg,2016-01,11,95,1692.32,559.44,106,2251.76,0,0,0,6159.0,622.0,6781.0
Brandenburg,2016-02,12,88,1292.3200000000002,526.692,100,1819.0120000000002,0,0,0,6159.0,622.0,6781.0
Brandenburg,2016-03,18,116,4921.639999999999,3802.9100000000003,134,8724.55,0,0,0,6159.0,622.0,6781.0
Brandenburg,2016-04,17,143,2691.596,1539.868,160,4231.464,0,0,0,6159.0,622.0,6781.0
Brandenburg,2016-05,17,151,1923.045,1547.855,168,3470.9,0,0,0,6159.0,622.0,6781.0
Brandenburg,2016-06,17,159,1338.1299999999999,975.085,176,2313.215,0,0,0,6159.0,622.0,6781.0
Brandenburg,2016-07,18,154,2731.635,1076.806,172,3808.4410000000003,0,0,0,6159.0,622.0,6781.0
Brandenburg,2016-08,27,133,2453.6549999999997,1114.26,160,3567.915,0,0,0,6159.0,622.0,6781.0
Brandenburg,2016-09,18,167,3338.16,951.71,185,4289.87,0,0,0,6159.0,622.0,6781.0
Brandenburg,2016-10,17,131,1188.83,734.641,148,1923.471,0,0,0,6159.0,622.0,6781.0
Brandenburg,2016-11,20,129,1072.55,732.318,149,1804.868,0,0,0,6159.0,622.0,6781.0
Brandenburg,2016-12,38,74,21316.63,2465.16,112,23781.79,0,0,0,6159.0,622.0,6781.0
Brandenburg,2017-01,10,101,125.23,542.377,111,667.607,0,0,0,5643.0,671.0,6314.0
Brandenburg,2017-02,27,100,2452.03,1696.465,127,4148.495,0,0,0,5643.0,671.0,6314.0
Brandenburg,2017-03,29,205,2803.515,1581.069,234,4384.584,0,0,0,5643.0,671.0,6314.0
Brandenburg,2017-04,31,177,4316.01,1698.72,208,6014.7300000000005,0,0,0,5643.0,671.0,6314.0
Brandenburg,2017-05,26,180,5079.515,3067.877,206,8147.392,0,0,0,5643.0,671.0,6314.0
Brandenburg,2017-06,18,203,2187.08,1539.73,221,3726.81,0,0,0,5643.0,671.0,6314.0
Brandenburg,2017-07,23,178,2616.95,1917.105,201,4534.055,0,0,0,5643.0,671.0,6314.0
Brandenburg,2017-08,24,176,3350.035,1067.7,200,4417.735,0,0,0,5643.0,671.0,6314.0
Brandenburg,2017-09,18,166,1895.085,1020.817,184,2915.902,0,0,0,5643.0,671.0,6314.0
Brandenburg,2017-10,29,139,4778.405,1735.536,168,6513.941,0,0,0,5643.0,671.0,6314.0
Brandenburg,2017-11,17,160,2348.325,1071.38,177,3419.705,0,0,0,5643.0,671.0,6314.0
Brandenburg,2017-12,15,95,2169.765,722.975,110,2892.74,0,0,0,5643.0,671.0,6314.0
Brandenburg,2018-01,75,176,17632.065,2384.058,251,20016.123,0,0,0,5859.0,610.0,6469.0
Brandenburg,2018-02,28,105,6526.175,890.543,133,7416.718,0,0,0,5859.0,610.0,6469.0
Brandenburg,2018-03,26,160,4734.29,1398.692,186,6132.982,0,0,0,5859.0,610.0,6469.0
Brandenburg,2018-04,44,222,12264.21,2396.395,266,14660.605,0,0,0,5859.0,610.0,6469.0
Brandenburg,2018-05,28,222,3642.665,3678.97,250,7321.635,0,0,0,5859.0,610.0,6469.0
Brandenburg,2018-06,47,232,10755.9,3123.619,279,13879.519,0,0,0,5859.0,610.0,6469.0
Brandenburg,2018-07,61,210,15093.508,2553.862,271,17647.37,0,0,0,5859.0,610.0,6469.0
Brandenburg,2018-08,49,205,12062.525,2173.063,254,14235.588,0,0,0,5859.0,610.0,6469.0
Brandenburg,2018-09,43,188,10338.642,2417.558,231,12756.2,0,0,0,5859.0,610.0,6469.0
Brandenburg,2018-10,46,199,10414.34,1782.931,245,12197.271,0,0,0,5859.0,610.0,6469.0
Brandenburg,2018-11,41,190,8398.405,1664.795,231,10063.2,0,0,0,5859.0,610.0,6469.0
Brandenburg,2018-12,39,97,9110.27,1772.375,136,10882.645,0,0,0,5859.0,610.0,6469.0
Brandenburg,2019-01,175,249,48516.322,11595.195,424,60111.517,0,0,0,5714.0,578.0,6292.0
Brandenburg,2019-02,59,178,16894.169,2504.065,237,19398.234,0,0,0,5714.0,578.0,6292.0
Brandenburg,2019-03,56,272,15348.006,3636.82,328,18984.826,0,0,0,5714.0,578.0,6292.0
Brandenburg,2019-04,46,273,4837.62,2953.201,319,7790.821,0,0,0,5714.0,578.0,6292.0
Brandenburg,2019-05,43,268,6195.81,2386.6150000000002,311,8582.425000000001,0,0,0,5714.0,578.0,6292.0
Brandenburg,2019-06,47,279,6380.805,3349.215,326,9730.02,0,0,0,5714.0,578.0,6292.0
Brandenburg,2019-07,53,318,9275.685,2997.81,371,12273.494999999999,0,0,0,5714.0,578.0,6292.0
Brandenburg,2019-08,42,352,7687.303,3976.473,394,11663.776,0,0,0,5714.0,578.0,6292.0
Brandenburg,2019-09,73,328,16556.405,3052.35,401,19608.754999999997,0,0,0,5714.0,578.0,6292.0
Brandenburg,2019-10,48,340,10947.49,3331.592,388,14279.082,0,0,0,5714.0,578.0,6292.0
Brandenburg,2019-11,29,304,4818.495,3768.794,333,8587.289,0,0,0,5714.0,578.0,6292.0
Brandenburg,2019-12,35,209,4005.1200000000003,2028.575,244,6033.695000000001,0,0,0,5714.0,578.0,6292.0
Brandenburg,2020-01,96,393,14668.55,6097.11,489,20765.66,0,0,0,5545.0,575.0,6120.0
Brandenburg,2020-02,55,326,9186.91,5716.2970000000005,381,14903.207,0,0,0,5545.0,575.0,6120.0
Brandenburg,2020-03,50,431,9034.31,4569.616,481,13603.926,0,0,0,5545.0,575.0,6120.0
Brandenburg,2020-04,73,440,10676.956,5267.58,513,15944.536,0,0,0,5545.0,575.0,6120.0
Brandenburg,2020-05,50,477,9180.15,3754.579,527,12934.729,0,0,0,5545.0,575.0,6120.0
Brandenburg,2020-06,70,506,10678.204,5032.938,576,15711.142,0,0,0,5545.0,575.0,6120.0
Brandenburg,2020-07,69,563,9574.156,5261.439,632,14835.595000000001,0,0,0,5545.0,575.0,6120.0
Brandenburg,2020-08,62,474,8369.315,4490.711,536,12860.026000000002,0,0,0,5545.0,575.0,6120.0
Brandenburg,2020-09,57,555,8936.96,6043.448,612,14980.408,0,0,0,5545.0,575.0,6120.0
Brandenburg,2020-10,67,493,7279.845,4705.508,560,11985.353,0,0,0,5545.0,575.0,6120.0
Brandenburg,2020-11,55,509,9121.495,5152.986,564,14274.481,0,0,0,5545.0,575.0,6120.0
Brandenburg,2020-12,48,357,7036.356,4185.442,405,11221.797999999999,0,0,0,5545.0,575.0,6120.0
Brandenburg,2021-01,60,462,8368.75,5578.015,522,13946.765,0,0,0,5842.0,563.0,6405.0
Brandenburg,2021-02,32,377,5588.108,3114.892,409,8703.0,0,0,0,5842.0,563.0,6405.0
Brandenburg,2021-03,80,636,18102.554,7789.411,716,25891.965,0,0,0,5842.0,563.0,6405.0
Brandenburg,2021-04,49,555,3357.755,5549.92,604,8907.675,0,0,0,5842.0,563.0,6405.0
Brandenburg,2021-05,41,577,2040.535,5247.769,618,7288.304,0,0,0,5842.0,563.0,6405.0
Brandenburg,2021-06,58,596,3810.0950000000003,5197.506,654,9007.601,0,0,0,5842.0,563.0,6405.0
Brandenburg,2021-07,51,578,4596.655,4767.406,629,9364.061,0,0,0,5842.0,563.0,6405.0
Brandenburg,2021-08,61,546,4799.150000000001,4622.699,607,9421.849,0,0,0,5842.0,563.0,6405.0
Brandenburg,2021-09,47,616,3314.7599999999998,5053.84,663,8368.6,0,0,0,5842.0,563.0,6405.0
Brandenburg,2021-10,46,611,2504.535,4893.446,657,7397.981,0,0,0,5842.0,563.0,6405.0
Brandenburg,2021-11,42,584,1815.88,4961.146,626,6777.026,0,0,0,5842.0,563.0,6405.0
Brandenburg,2021-12,39,406,4824.66,3719.924,445,8544.583999999999,0,0,0,5842.0,563.0,6405.0
Brandenburg,2022-01,66,652,8239.601,5743.05,718,13982.651000000002,0,0,0,5176.0,622.0,5798.0
Brandenburg,2022-02,38,622,3803.3450000000003,5238.249,660,9041.594000000001,0,0,0,5176.0,622.0,5798.0
Brandenburg,2022-03,61,930,8562.879,9610.813,991,18173.692000000003,0,0,0,5176.0,622.0,5798.0
Brandenburg,2022-04,30,790,759.5,5880.901,820,6640.401,0,0,0,5176.0,622.0,5798.0
Brandenburg,2022-05,58,862,3800.255,6866.974,920,10667.229,0,0,0,5176.0,622.0,5798.0
Brandenburg,2022-06,60,965,4449.075,7265.301,1025,11714.376,0,0,0,5176.0,622.0,5798.0
Brandenburg,2022-07,42,853,5570.315,7030.877,895,12601.192,0,0,0,5176.0,622.0,5798.0
Brandenburg,2022-08,60,1239,8068.44,9927.432,1299,17995.872,0,0,0,5176.0,622.0,5798.0
Brandenburg,2022-09,50,1215,6444.5,9545.037,1265,15989.537,0,0,0,5176.0,622.0,5798.0
Brandenburg,2022-10,45,1033,3123.332,7911.793,1078,11035.125,0,0,0,5176.0,622.0,5798.0
Brandenburg,2022-11,47,1113,3524.66,8633.49,1160,12158.15,0,0,0,5176.0,622.0,5798.0
Brandenburg,2022-12,41,585,4647.937,4634.898,626,9282.835,0,0,0,5176.0,622.0,5798.0
Brandenburg,2023-01,96,1740,9255.725,17910.29,1836,27166.015,0,0,0,5517.0,648.0,6165.0
Brandenburg,2023-02,57,1633,3233.29,13828.23,1690,17061.52,0,0,0,5517.0,648.0,6165.0
Brandenburg,2023-03,94,2047,4068.81,17059.676,2141,21128.486,0,0,0,5517.0,648.0,6165.0
Brandenburg,2023-04,72,1894,9213.054,15356.014000000001,1966,24569.068,0,0,0,5517.0,648.0,6165.0
Brandenburg,2023-05,96,2476,6588.845,19695.964,2572,26284.809,0,0,0,5517.0,648.0,6165.0
Brandenburg,2023-06,100,2706,3688.44,23609.387,2806,27297.826999999997,0,0,0,5517.0,648.0,6165.0
Brandenburg,2023-07,92,2539,8948.43,20290.951,2631,29239.381,0,0,0,5517.0,648.0,6165.0
Brandenburg,2023-08,76,2418,5792.015,19560.014,2494,25352.029,0,0,0,5517.0,648.0,6165.0
Brandenburg,2023-09,72,2517,6796.479,20340.118,2589,27136.596999999998,0,0,0,5517.0,648.0,6165.0
Brandenburg,2023-10,68,2108,4829.39,17170.411,2176,21999.801,0,0,0,5517.0,648.0,6165.0
Brandenburg,2023-11,82,2087,9279.85,18358.763,2169,27638.612999999998,0,0,0,5517.0,648.0,6165.0
Brandenburg,2023-12,82,1363,15459.119999999999,13432.547,1445,28891.667,0,0,0,5517.0,648.0,6165.0
Brandenburg,2024-01,161,1628,20158.867,15797.585,1789,35956.452,0,0,0,4351.0,577.0,4928.0
Brandenburg,2024-02,73,1502,10891.76,12298.133,1575,23189.893,0,0,0,4351.0,577.0,4928.0
Brandenburg,2024-03,91,1695,5637.633,13326.64,1786,18964.273,0,0,0,4351.0,577.0,4928.0
Brandenburg,2024-04,109,1851,8855.12,18264.438,1960,27119.557999999997,0,0,0,4351.0,577.0,4928.0
Brandenburg,2024-05,119,1909,8604.445,15575.609,2028,24180.054,0,0,0,4351.0,577.0,4928.0
Brandenburg,2024-06,145,1800,12840.365,15611.829,1945,28452.194,1,0,1,4351.0,577.0,4928.0
Brandenburg,2024-07,123,1920,16217.914999999999,17084.383,2043,33302.298,1,0,1,4351.0,577.0,4928.0
Brandenburg,2024-08,97,1409,6693.13,11727.381,1506,18420.511,1,0,1,4351.0,577.0,4928.0
Brandenburg,2024-09,96,1501,7581.52,12810.94,1597,20392.46,1,0,1,4351.0,577.0,4928.0
Brandenburg,2024-10,80,1486,6844.66,13029.622,1566,19874.282,1,0,1,4351.0,577.0,4928.0
Brandenburg,2024-11,98,1446,7194.505,12704.504,1544,19899.009000000002,1,0,1,4351.0,577.0,4928.0
Brandenburg,2024-12,165,1277,17515.7,15093.753,1442,32609.453,1,0,1,4351.0,577.0,4928.0
Brandenburg,2025-01,152,1266,23884.342,16206.756,1418,40091.098,1,0,1,3154.0,515.0,3669.0
Brandenburg,2025-02,87,1015,8326.735,10258.547,1102,18585.282,1,0,1,3154.0,515.0,3669.0
Brandenburg,2025-03,81,1016,5192.375,8809.285,1097,14001.66,1,0,1,3154.0,515.0,3669.0
Brandenburg,2025-04,73,1185,6577.88,10749.02,1258,17326.9,1,0,1,3154.0,515.0,3669.0
Brandenburg,2025-05,92,1183,11999.45,11307.471,1275,23306.921000000002,1,0,1,3154.0,515.0,3669.0
Brandenburg,2025-06,121,1109,8692.465,9853.146,1230,18545.611,1,0,1,3154.0,515.0,3669.0
Brandenburg,2025-07,86,1295,9998.0,13219.251,1381,23217.251,1,0,1,3154.0,515.0,3669.0
Brandenburg,2025-08,91,906,8416.64,7546.543,997,15963.182999999999,1,0,1,3154.0,515.0,3669.0
Brandenburg,2025-09,62,1001,6223.215,8942.057,1063,15165.272,1,0,1,3154.0,515.0,3669.0
Brandenburg,2025-10,51,925,3123.72,8252.932,976,11376.652,1,0,1,3154.0,515.0,3669.0
Brandenburg,2025-11,67,885,11716.095000000001,8012.963,952,19729.058,1,0,1,3154.0,515.0,3669.0
Brandenburg,2025-12,77,814,12604.94,9289.17,891,21894.11,1,0,1,3154.0,515.0,3669.0
Bremen,2015-01,0,3,0.0,37.5,3,37.5,0,0,0,566.0,102.0,668.0
Bremen,2015-02,0,3,0.0,11.02,3,11.02,0,0,0,566.0,102.0,668.0
Bremen,2015-03,0,5,0.0,25.32,5,25.32,0,0,0,566.0,102.0,668.0
Bremen,2015-04,1,3,68.25,8.680000000000001,4,76.93,0,0,0,566.0,102.0,668.0
Bremen,2015-05,1,4,41.0,14.450000000000001,5,55.45,0,0,0,566.0,102.0,668.0
Bremen,2015-06,2,5,48.89,31.2,7,80.09,0,0,0,566.0,102.0,668.0
Bremen,2015-07,3,4,242.84,17.67,7,260.51,0,0,0,566.0,102.0,668.0
Bremen,2015-08,0,6,0.0,54.47,6,54.47,0,0,0,566.0,102.0,668.0
Bremen,2015-09,0,2,0.0,12.16,2,12.16,0,0,0,566.0,102.0,668.0
Bremen,2015-10,4,5,51.980000000000004,39.730000000000004,9,91.71000000000001,0,0,0,566.0,102.0,668.0
Bremen,2015-11,1,4,315.0,14.56,5,329.56,0,0,0,566.0,102.0,668.0
Bremen,2015-12,4,3,534.88,77.22,7,612.1,0,0,0,566.0,102.0,668.0
Bremen,2016-01,0,6,0.0,41.46,6,41.46,0,0,0,528.0,121.0,649.0
Bremen,2016-02,0,6,0.0,31.85,6,31.85,0,0,0,528.0,121.0,649.0
Bremen,2016-03,1,3,29.15,14.0,4,43.15,0,0,0,528.0,121.0,649.0
Bremen,2016-04,1,4,9.36,15.59,5,24.95,0,0,0,528.0,121.0,649.0
Bremen,2016-05,2,2,54.4,16.0,4,70.4,0,0,0,528.0,121.0,649.0
Bremen,2016-06,2,6,31.1,35.410000000000004,8,66.51,0,0,0,528.0,121.0,649.0
Bremen,2016-07,3,3,289.03,21.064999999999998,6,310.09499999999997,0,0,0,528.0,121.0,649.0
Bremen,2016-08,2,4,60.0,26.98,6,86.98,0,0,0,528.0,121.0,649.0
Bremen,2016-09,2,5,44.6,46.65,7,91.25,0,0,0,528.0,121.0,649.0
Bremen,2016-10,2,2,22.0,10.5,4,32.5,0,0,0,528.0,121.0,649.0
Bremen,2016-11,2,1,19.34,9.84,3,29.18,0,0,0,528.0,121.0,649.0
Bremen,2016-12,2,5,62.25,31.14,7,93.39,0,0,0,528.0,121.0,649.0
Bremen,2017-01,2,1,17.380000000000003,5.0,3,22.380000000000003,0,0,0,655.0,115.0,770.0
Bremen,2017-02,1,7,5.0,37.339999999999996,8,42.339999999999996,0,0,0,655.0,115.0,770.0
Bremen,2017-03,0,5,0.0,25.4,5,25.4,0,0,0,655.0,115.0,770.0
Bremen,2017-04,2,6,36.54,27.009999999999998,8,63.55,0,0,0,655.0,115.0,770.0
Bremen,2017-05,2,4,17.92,35.03,6,52.95,0,0,0,655.0,115.0,770.0
Bremen,2017-06,2,6,67.8,141.4,8,209.2,0,0,0,655.0,115.0,770.0
Bremen,2017-07,1,6,11.0,56.67999999999999,7,67.67999999999999,0,0,0,655.0,115.0,770.0
Bremen,2017-08,2,3,22.0,19.71,5,41.71,0,0,0,655.0,115.0,770.0
Bremen,2017-09,1,4,9.9,25.310000000000002,5,35.21,0,0,0,655.0,115.0,770.0
Bremen,2017-10,2,3,33.0,12.6,5,45.6,0,0,0,655.0,115.0,770.0
Bremen,2017-11,3,4,148.22,25.0,7,173.22,0,0,0,655.0,115.0,770.0
Bremen,2017-12,2,1,20.0,50.4,3,70.4,0,0,0,655.0,115.0,770.0
Bremen,2018-01,2,2,167.0,11.0,4,178.0,0,0,0,479.0,109.0,588.0
Bremen,2018-02,1,8,5.76,44.513999999999996,9,50.273999999999994,0,0,0,479.0,109.0,588.0
Bremen,2018-03,2,6,153.33,38.599999999999994,8,191.93,0,0,0,479.0,109.0,588.0
Bremen,2018-04,2,4,81.0,37.2,6,118.2,0,0,0,479.0,109.0,588.0
Bremen,2018-05,1,4,16.2,30.740000000000002,5,46.94,0,0,0,479.0,109.0,588.0
Bremen,2018-06,4,4,228.55,21.619999999999997,8,250.17000000000002,0,0,0,479.0,109.0,588.0
Bremen,2018-07,0,6,0.0,63.7,6,63.7,0,0,0,479.0,109.0,588.0
Bremen,2018-08,3,6,142.43,30.71,9,173.14000000000001,0,0,0,479.0,109.0,588.0
Bremen,2018-09,6,9,165.48000000000002,55.475,15,220.955,0,0,0,479.0,109.0,588.0
Bremen,2018-10,3,9,242.5,46.32,12,288.82,0,0,0,479.0,109.0,588.0
Bremen,2018-11,4,4,50.42,44.88,8,95.30000000000001,0,0,0,479.0,109.0,588.0
Bremen,2018-12,1,3,50.0,20.9,4,70.9,0,0,0,479.0,109.0,588.0
Bremen,2019-01,6,11,216.28,62.07,17,278.35,0,0,0,387.0,117.0,504.0
Bremen,2019-02,3,4,60.4,534.5,7,594.9,0,0,0,387.0,117.0,504.0
Bremen,2019-03,2,10,98.525,58.66,12,157.185,0,0,0,387.0,117.0,504.0
Bremen,2019-04,1,10,5.5,150.83999999999997,11,156.33999999999997,0,0,0,387.0,117.0,504.0
Bremen,2019-05,3,8,62.6,67.99,11,130.59,0,0,0,387.0,117.0,504.0
Bremen,2019-06,6,14,488.15999999999997,67.28,20,555.4399999999999,0,0,0,387.0,117.0,504.0
Bremen,2019-07,1,9,120.0,57.3,10,177.3,0,0,0,387.0,117.0,504.0
Bremen,2019-08,1,10,9.6,65.11500000000001,11,74.715,0,0,0,387.0,117.0,504.0
Bremen,2019-09,0,10,0.0,396.68,10,396.68,0,0,0,387.0,117.0,504.0
Bremen,2019-10,3,4,78.88,23.455000000000002,7,102.335,0,0,0,387.0,117.0,504.0
Bremen,2019-11,4,7,610.2,46.1,11,656.3000000000001,0,0,0,387.0,117.0,504.0
Bremen,2019-12,3,10,46.6,108.87,13,155.47,0,0,0,387.0,117.0,504.0
Bremen,2020-01,2,19,22.0,182.775,21,204.775,0,0,0,470.0,108.0,578.0
Bremen,2020-02,5,23,180.66,172.175,28,352.83500000000004,0,0,0,470.0,108.0,578.0
Bremen,2020-03,4,13,262.115,387.9,17,650.015,0,0,0,470.0,108.0,578.0
Bremen,2020-04,4,26,243.97000000000003,164.19,30,408.16,0,0,0,470.0,108.0,578.0
Bremen,2020-05,1,12,195.975,81.955,13,277.93,0,0,0,470.0,108.0,578.0
Bremen,2020-06,3,23,61.65,163.623,26,225.273,0,0,0,470.0,108.0,578.0
Bremen,2020-07,1,24,7.0,160.825,25,167.825,0,0,0,470.0,108.0,578.0
Bremen,2020-08,4,30,60.64,230.07999999999998,34,290.71999999999997,0,0,0,470.0,108.0,578.0
Bremen,2020-09,7,29,169.64,188.65,36,358.28999999999996,0,0,0,470.0,108.0,578.0
Bremen,2020-10,3,20,72.3,120.54,23,192.84,0,0,0,470.0,108.0,578.0
Bremen,2020-11,5,22,498.3,136.445,27,634.745,0,0,0,470.0,108.0,578.0
Bremen,2020-12,6,12,256.24,105.06,18,361.3,0,0,0,470.0,108.0,578.0
Bremen,2021-01,4,16,293.5,102.52,20,396.02,0,0,0,298.0,83.0,381.0
Bremen,2021-02,5,26,763.61,198.785,31,962.395,0,0,0,298.0,83.0,381.0
Bremen,2021-03,13,21,2191.5,155.99,34,2347.49,0,0,0,298.0,83.0,381.0
Bremen,2021-04,4,11,182.7,72.845,15,255.545,0,0,0,298.0,83.0,381.0
Bremen,2021-05,6,22,346.18,167.441,28,513.621,0,0,0,298.0,83.0,381.0
Bremen,2021-06,6,26,193.65000000000003,148.77,32,342.4200000000001,0,0,0,298.0,83.0,381.0
Bremen,2021-07,5,23,245.46,136.45,28,381.90999999999997,0,0,0,298.0,83.0,381.0
Bremen,2021-08,2,18,360.0,115.6,20,475.6,0,0,0,298.0,83.0,381.0
Bremen,2021-09,1,30,19.04,186.35,31,205.39,0,0,0,298.0,83.0,381.0
Bremen,2021-10,1,21,7.0,183.541,22,190.541,0,0,0,298.0,83.0,381.0
Bremen,2021-11,6,33,243.3,216.86,39,460.16,0,0,0,298.0,83.0,381.0
Bremen,2021-12,5,18,223.26,135.61,23,358.87,0,0,0,298.0,83.0,381.0
Bremen,2022-01,3,21,66.4,135.19,24,201.59,0,0,0,293.0,83.0,376.0
Bremen,2022-02,4,31,139.64,219.215,35,358.855,0,0,0,293.0,83.0,376.0
Bremen,2022-03,7,54,269.08,358.635,61,627.7149999999999,0,0,0,293.0,83.0,376.0
Bremen,2022-04,3,46,358.51,310.85,49,669.36,0,0,0,293.0,83.0,376.0
Bremen,2022-05,3,34,135.1,233.535,37,368.635,0,0,0,293.0,83.0,376.0
Bremen,2022-06,3,62,146.36,466.175,65,612.5350000000001,0,0,0,293.0,83.0,376.0
Bremen,2022-07,11,58,236.97,347.995,69,584.965,0,0,0,293.0,83.0,376.0
Bremen,2022-08,4,47,147.1,313.397,51,460.49699999999996,0,0,0,293.0,83.0,376.0
Bremen,2022-09,13,53,653.94,332.57,66,986.51,0,0,0,293.0,83.0,376.0
Bremen,2022-10,4,36,110.92000000000002,254.225,40,365.145,0,0,0,293.0,83.0,376.0
Bremen,2022-11,2,47,115.935,344.27,49,460.205,0,0,0,293.0,83.0,376.0
Bremen,2022-12,4,30,173.03,182.84,34,355.87,0,0,0,293.0,83.0,376.0
Bremen,2023-01,6,94,357.76,638.78,100,996.54,0,0,0,248.0,87.0,335.0
Bremen,2023-02,11,100,954.03,915.411,111,1869.4409999999998,0,0,0,248.0,87.0,335.0
Bremen,2023-03,11,115,654.5,774.5,126,1429.0,0,0,0,248.0,87.0,335.0
Bremen,2023-04,5,108,136.44,805.643,113,942.0830000000001,0,0,0,248.0,87.0,335.0
Bremen,2023-05,3,148,37.2,1039.065,151,1076.265,0,0,0,248.0,87.0,335.0
Bremen,2023-06,9,148,324.40999999999997,944.864,157,1269.274,0,0,0,248.0,87.0,335.0
Bremen,2023-07,8,152,501.06,1209.76,160,1710.82,0,0,0,248.0,87.0,335.0
Bremen,2023-08,14,189,1186.3899999999999,1332.046,203,2518.4359999999997,0,0,0,248.0,87.0,335.0
Bremen,2023-09,7,112,643.46,1156.701,119,1800.161,0,0,0,248.0,87.0,335.0
Bremen,2023-10,10,151,6989.249999999999,1112.795,161,8102.044999999999,0,0,0,248.0,87.0,335.0
Bremen,2023-11,10,140,921.7349999999999,984.482,150,1906.2169999999999,0,0,0,248.0,87.0,335.0
Bremen,2023-12,30,151,3416.085,1191.662,181,4607.747,0,0,0,248.0,87.0,335.0
Bremen,2024-01,13,182,1127.6599999999999,1392.474,195,2520.134,0,0,0,254.0,105.0,359.0
Bremen,2024-02,16,200,373.37,1521.411,216,1894.781,0,0,0,254.0,105.0,359.0
Bremen,2024-03,26,275,981.52,2073.792,301,3055.312,0,0,0,254.0,105.0,359.0
Bremen,2024-04,19,268,612.2,1835.865,287,2448.065,0,0,0,254.0,105.0,359.0
Bremen,2024-05,21,159,3430.3,1155.67,180,4585.97,0,0,0,254.0,105.0,359.0
Bremen,2024-06,24,192,950.915,1420.653,216,2371.568,0,0,0,254.0,105.0,359.0
Bremen,2024-07,28,182,1302.02,1280.32,210,2582.34,0,0,0,254.0,105.0,359.0
Bremen,2024-08,27,209,911.11,1529.84,236,2440.95,0,0,0,254.0,105.0,359.0
Bremen,2024-09,16,168,892.04,1222.1,184,2114.14,0,0,0,254.0,105.0,359.0
Bremen,2024-10,22,171,2791.25,1338.7830000000001,193,4130.033,0,0,0,254.0,105.0,359.0
Bremen,2024-11,9,125,428.03999999999996,933.585,134,1361.625,0,0,0,254.0,105.0,359.0
Bremen,2024-12,26,126,1778.215,1118.83,152,2897.045,0,0,0,254.0,105.0,359.0
Bremen,2025-01,25,129,1755.9850000000001,1106.91,154,2862.8950000000004,0,0,0,192.0,87.0,279.0
Bremen,2025-02,20,125,4619.849999999999,1001.21,145,5621.0599999999995,0,0,0,192.0,87.0,279.0
Bremen,2025-03,10,125,408.26,884.81,135,1293.07,0,0,0,192.0,87.0,279.0
Bremen,2025-04,11,116,1037.7150000000001,840.821,127,1878.536,0,0,0,192.0,87.0,279.0
Bremen,2025-05,24,141,7057.532,1242.6200000000001,165,8300.152,0,0,0,192.0,87.0,279.0
Bremen,2025-06,54,138,4511.83,1078.26,192,5590.09,0,0,0,192.0,87.0,279.0
Bremen,2025-07,45,170,4967.294999999999,1307.052,215,6274.346999999999,1,1,2,192.0,87.0,279.0
Bremen,2025-08,29,137,1765.96,1063.738,166,2829.6980000000003,1,1,2,192.0,87.0,279.0
Bremen,2025-09,36,128,1635.26,974.71,164,2609.9700000000003,1,1,2,192.0,87.0,279.0
Bremen,2025-10,11,113,1017.09,877.655,124,1894.745,1,1,2,192.0,87.0,279.0
Bremen,2025-11,12,113,583.69,853.2099999999999,125,1436.9,1,1,2,192.0,87.0,279.0
Bremen,2025-12,28,105,1095.35,856.3399999999999,133,1951.6899999999998,1,1,2,192.0,87.0,279.0
Hamburg,2015-01,1,10,3.35,30.355,11,33.705,0,0,0,1760.0,111.0,1871.0
Hamburg,2015-02,0,8,0.0,41.955,8,41.955,0,0,0,1760.0,111.0,1871.0
Hamburg,2015-03,0,9,0.0,46.969,9,46.969,0,0,0,1760.0,111.0,1871.0
Hamburg,2015-04,4,8,113.81,31.555,12,145.365,0,0,0,1760.0,111.0,1871.0
Hamburg,2015-05,1,7,1.5,20.799999999999997,8,22.299999999999997,0,0,0,1760.0,111.0,1871.0
Hamburg,2015-06,4,7,28.04,37.845,11,65.88499999999999,0,0,0,1760.0,111.0,1871.0
Hamburg,2015-07,6,16,92.87,82.83,22,175.7,0,0,0,1760.0,111.0,1871.0
Hamburg,2015-08,4,5,74.9,18.359,9,93.25900000000001,0,0,0,1760.0,111.0,1871.0
Hamburg,2015-09,1,16,20.0,93.085,17,113.085,0,0,0,1760.0,111.0,1871.0
Hamburg,2015-10,1,13,18.0,42.81,14,60.81,0,0,0,1760.0,111.0,1871.0
Hamburg,2015-11,2,9,95.26,58.09,11,153.35000000000002,0,0,0,1760.0,111.0,1871.0
Hamburg,2015-12,5,10,223.37,54.37,15,277.74,0,0,0,1760.0,111.0,1871.0
Hamburg,2016-01,4,5,37.5,48.89,9,86.39,0,0,0,1438.0,117.0,1555.0
Hamburg,2016-02,3,9,20.759999999999998,34.94,12,55.699999999999996,0,0,0,1438.0,117.0,1555.0
Hamburg,2016-03,4,8,30.880000000000003,37.16,12,68.03999999999999,0,0,0,1438.0,117.0,1555.0
Hamburg,2016-04,5,18,96.89,79.4,23,176.29000000000002,0,0,0,1438.0,117.0,1555.0
Hamburg,2016-05,2,12,14.0,62.785,14,76.785,0,0,0,1438.0,117.0,1555.0
Hamburg,2016-06,1,14,17.0,58.07999999999999,15,75.07999999999998,0,0,0,1438.0,117.0,1555.0
Hamburg,2016-07,1,18,5.5,122.755,19,128.255,0,0,0,1438.0,117.0,1555.0
Hamburg,2016-08,1,19,10.0,73.104,20,83.104,0,0,0,1438.0,117.0,1555.0
Hamburg,2016-09,2,16,23.799999999999997,158.18,18,181.98000000000002,0,0,0,1438.0,117.0,1555.0
Hamburg,2016-10,4,19,44.7,88.45,23,133.15,0,0,0,1438.0,117.0,1555.0
Hamburg,2016-11,9,17,134.805,77.285,26,212.09,0,0,0,1438.0,117.0,1555.0
Hamburg,2016-12,2,9,17.25,60.0,11,77.25,0,0,0,1438.0,117.0,1555.0
Hamburg,2017-01,3,9,11.51,48.480000000000004,12,59.99,0,0,0,1700.0,130.0,1830.0
Hamburg,2017-02,2,13,101.13000000000001,70.21,15,171.34,0,0,0,1700.0,130.0,1830.0
Hamburg,2017-03,3,11,21.240000000000002,52.49,14,73.73,0,0,0,1700.0,130.0,1830.0
Hamburg,2017-04,4,23,51.12,101.065,27,152.185,0,0,0,1700.0,130.0,1830.0
Hamburg,2017-05,4,17,43.019999999999996,82.07,21,125.08999999999999,0,0,0,1700.0,130.0,1830.0
Hamburg,2017-06,1,23,8.0,99.89,24,107.89,0,0,0,1700.0,130.0,1830.0
Hamburg,2017-07,7,20,219.7,84.541,27,304.241,0,0,0,1700.0,130.0,1830.0
Hamburg,2017-08,7,16,583.995,85.05,23,669.045,0,0,0,1700.0,130.0,1830.0
Hamburg,2017-09,3,11,42.2,62.42,14,104.62,0,0,0,1700.0,130.0,1830.0
Hamburg,2017-10,3,20,63.34,368.875,23,432.21500000000003,0,0,0,1700.0,130.0,1830.0
Hamburg,2017-11,6,10,205.005,47.63,16,252.635,0,0,0,1700.0,130.0,1830.0
Hamburg,2017-12,2,14,12.32,87.39,16,99.71000000000001,0,0,0,1700.0,130.0,1830.0
Hamburg,2018-01,1,15,15.12,84.338,16,99.458,0,0,0,1882.0,120.0,2002.0
Hamburg,2018-02,1,12,3.99,59.45,13,63.440000000000005,0,0,0,1882.0,120.0,2002.0
Hamburg,2018-03,3,17,76.2,90.205,20,166.405,0,0,0,1882.0,120.0,2002.0
Hamburg,2018-04,2,11,73.896,96.855,13,170.751,0,0,0,1882.0,120.0,2002.0
Hamburg,2018-05,5,18,801.6800000000001,95.235,23,896.9150000000001,0,0,0,1882.0,120.0,2002.0
Hamburg,2018-06,20,15,209.09,104.045,35,313.135,0,0,0,1882.0,120.0,2002.0
Hamburg,2018-07,5,21,77.52,116.131,26,193.651,0,0,0,1882.0,120.0,2002.0
Hamburg,2018-08,9,21,211.4,142.51,30,353.90999999999997,0,0,0,1882.0,120.0,2002.0
Hamburg,2018-09,11,14,161.41,69.18,25,230.59,0,0,0,1882.0,120.0,2002.0
Hamburg,2018-10,5,16,41.94,92.35,21,134.29,0,0,0,1882.0,120.0,2002.0
Hamburg,2018-11,8,21,440.03,128.09,29,568.12,0,0,0,1882.0,120.0,2002.0
Hamburg,2018-12,34,6,364.5,47.7,40,412.2,0,0,0,1882.0,120.0,2002.0
Hamburg,2019-01,12,13,164.63,66.85000000000001,25,231.48000000000002,0,0,0,1900.0,112.0,2012.0
Hamburg,2019-02,4,9,126.36,68.24,13,194.6,0,0,0,1900.0,112.0,2012.0
Hamburg,2019-03,5,25,48.7,135.44,30,184.14,0,0,0,1900.0,112.0,2012.0
Hamburg,2019-04,4,21,187.13,97.38,25,284.51,0,0,0,1900.0,112.0,2012.0
Hamburg,2019-05,7,26,344.28000000000003,162.92000000000002,33,507.20000000000005,0,0,0,1900.0,112.0,2012.0
Hamburg,2019-06,4,25,345.05,148.93,29,493.98,0,0,0,1900.0,112.0,2012.0
Hamburg,2019-07,11,19,258.22,101.97,30,360.19000000000005,0,0,0,1900.0,112.0,2012.0
Hamburg,2019-08,5,34,164.18,178.504,39,342.68399999999997,0,0,0,1900.0,112.0,2012.0
Hamburg,2019-09,9,26,149.135,165.685,35,314.82,0,0,0,1900.0,112.0,2012.0
Hamburg,2019-10,7,27,438.56,140.2,34,578.76,0,0,0,1900.0,112.0,2012.0
Hamburg,2019-11,5,39,44.8,238.325,44,283.125,0,0,0,1900.0,112.0,2012.0
Hamburg,2019-12,2,17,155.0,90.105,19,245.10500000000002,0,0,0,1900.0,112.0,2012.0
Hamburg,2020-01,12,22,740.29,157.825,34,898.115,0,0,0,1624.0,105.0,1729.0
Hamburg,2020-02,4,34,57.254999999999995,176.365,38,233.62,0,0,0,1624.0,105.0,1729.0
Hamburg,2020-03,4,38,249.81999999999996,294.53,42,544.3499999999999,0,0,0,1624.0,105.0,1729.0
Hamburg,2020-04,11,38,515.39,242.9,49,758.29,0,0,0,1624.0,105.0,1729.0
Hamburg,2020-05,7,47,183.2,335.46,54,518.66,0,0,0,1624.0,105.0,1729.0
Hamburg,2020-06,10,49,158.04,298.525,59,456.56499999999994,0,0,0,1624.0,105.0,1729.0
Hamburg,2020-07,15,35,602.895,250.55,50,853.4449999999999,0,0,0,1624.0,105.0,1729.0
Hamburg,2020-08,18,34,401.7,215.325,52,617.025,0,0,0,1624.0,105.0,1729.0
Hamburg,2020-09,5,46,967.62,260.54,51,1228.16,0,0,0,1624.0,105.0,1729.0
Hamburg,2020-10,10,76,216.74,372.55,86,589.29,0,0,0,1624.0,105.0,1729.0
Hamburg,2020-11,8,52,808.1800000000001,377.45,60,1185.63,0,0,0,1624.0,105.0,1729.0
Hamburg,2020-12,11,47,199.6,329.075,58,528.675,0,0,0,1624.0,105.0,1729.0
Hamburg,2021-01,11,36,176.87,321.305,47,498.175,0,0,0,1332.0,78.0,1410.0
Hamburg,2021-02,5,41,45.800000000000004,249.415,46,295.215,0,0,0,1332.0,78.0,1410.0
Hamburg,2021-03,6,72,725.0,477.94,78,1202.94,0,0,0,1332.0,78.0,1410.0
Hamburg,2021-04,5,67,61.620000000000005,450.81,72,512.4300000000001,0,0,0,1332.0,78.0,1410.0
Hamburg,2021-05,9,61,181.4,504.515,70,685.915,0,0,0,1332.0,78.0,1410.0
Hamburg,2021-06,5,71,112.60499999999999,495.02,76,607.625,0,0,0,1332.0,78.0,1410.0
Hamburg,2021-07,10,69,166.91,493.865,79,660.775,0,0,0,1332.0,78.0,1410.0
Hamburg,2021-08,9,62,113.72,487.865,71,601.585,0,0,0,1332.0,78.0,1410.0
Hamburg,2021-09,9,80,372.88,570.993,89,943.873,0,0,0,1332.0,78.0,1410.0
Hamburg,2021-10,7,80,260.72,526.345,87,787.065,0,0,0,1332.0,78.0,1410.0
Hamburg,2021-11,7,90,65.135,715.975,97,781.11,0,0,0,1332.0,78.0,1410.0
Hamburg,2021-12,7,47,149.64,421.85,54,571.49,0,0,0,1332.0,78.0,1410.0
Hamburg,2022-01,13,70,618.1,528.465,83,1146.565,0,0,0,1476.0,98.0,1574.0
Hamburg,2022-02,7,75,235.055,586.205,82,821.26,0,0,0,1476.0,98.0,1574.0
Hamburg,2022-03,5,102,56.745,809.46,107,866.205,0,0,0,1476.0,98.0,1574.0
Hamburg,2022-04,5,86,240.435,583.805,91,824.24,0,0,0,1476.0,98.0,1574.0
Hamburg,2022-05,5,89,179.43,713.1899999999999,94,892.6199999999999,0,0,0,1476.0,98.0,1574.0
Hamburg,2022-06,5,104,79.38,817.145,109,896.525,0,0,0,1476.0,98.0,1574.0
Hamburg,2022-07,4,71,132.4,504.835,75,637.235,0,0,0,1476.0,98.0,1574.0
Hamburg,2022-08,13,150,306.76,1117.07,163,1423.83,0,0,0,1476.0,98.0,1574.0
Hamburg,2022-09,6,137,95.55,998.075,143,1093.625,0,0,0,1476.0,98.0,1574.0
Hamburg,2022-10,5,104,68.0,791.89,109,859.89,0,0,0,1476.0,98.0,1574.0
Hamburg,2022-11,7,118,132.15,1470.0439999999999,125,1602.194,0,0,0,1476.0,98.0,1574.0
Hamburg,2022-12,10,82,284.46999999999997,719.973,92,1004.443,0,0,0,1476.0,98.0,1574.0
Hamburg,2023-01,16,215,352.33,1541.134,231,1893.464,1,1,2,1092.0,72.0,1164.0
Hamburg,2023-02,14,189,1280.21,1428.526,203,2708.736,1,1,2,1092.0,72.0,1164.0
Hamburg,2023-03,15,239,1227.94,1977.31,254,3205.25,1,1,2,1092.0,72.0,1164.0
Hamburg,2023-04,15,241,1104.848,1909.584,256,3014.432,1,1,2,1092.0,72.0,1164.0
Hamburg,2023-05,8,293,692.9,2347.353,301,3040.253,1,1,2,1092.0,72.0,1164.0
Hamburg,2023-06,24,362,844.125,2970.114,386,3814.239,1,1,2,1092.0,72.0,1164.0
Hamburg,2023-07,25,448,1067.48,3574.74,473,4642.219999999999,1,1,2,1092.0,72.0,1164.0
Hamburg,2023-08,36,432,1284.35,3705.453,468,4989.803,1,1,2,1092.0,72.0,1164.0
Hamburg,2023-09,27,387,1672.5149999999999,3100.452,414,4772.967000000001,1,1,2,1092.0,72.0,1164.0
Hamburg,2023-10,10,306,459.04,2451.234,316,2910.274,1,1,2,1092.0,72.0,1164.0
Hamburg,2023-11,22,294,1544.46,2373.06,316,3917.52,1,1,2,1092.0,72.0,1164.0
Hamburg,2023-12,14,187,736.17,1490.772,201,2226.942,1,1,2,1092.0,72.0,1164.0
Hamburg,2024-01,24,300,1143.54,2615.941,324,3759.4809999999998,1,1,2,966.0,78.0,1044.0
Hamburg,2024-02,22,272,853.744,2332.853,294,3186.597,1,1,2,966.0,78.0,1044.0
Hamburg,2024-03,30,321,1176.735,2662.608,351,3839.343,1,1,2,966.0,78.0,1044.0
Hamburg,2024-04,31,306,1314.35,2327.467,337,3641.817,1,1,2,966.0,78.0,1044.0
Hamburg,2024-05,28,297,1664.03,2463.964,325,4127.994,1,1,2,966.0,78.0,1044.0
Hamburg,2024-06,33,288,2208.975,2297.452,321,4506.427,1,1,2,966.0,78.0,1044.0
Hamburg,2024-07,39,339,2797.75,3172.611,378,5970.361,1,1,2,966.0,78.0,1044.0
Hamburg,2024-08,27,266,868.15,2144.232,293,3012.382,1,1,2,966.0,78.0,1044.0
Hamburg,2024-09,48,275,1422.735,2264.325,323,3687.0599999999995,1,1,2,966.0,78.0,1044.0
Hamburg,2024-10,46,276,1271.98,2362.127,322,3634.107,1,1,2,966.0,78.0,1044.0
Hamburg,2024-11,39,285,3790.025,2325.06,324,6115.085,1,1,2,966.0,78.0,1044.0
Hamburg,2024-12,28,271,1813.28,2493.547,299,4306.827,1,1,2,966.0,78.0,1044.0
Hamburg,2025-01,51,260,3119.645,2934.844,311,6054.489,1,1,2,709.0,59.0,768.0
Hamburg,2025-02,39,231,2206.91,2253.667,270,4460.576999999999,1,1,2,709.0,59.0,768.0
Hamburg,2025-03,31,260,1182.65,2174.387,291,3357.0370000000003,1,1,2,709.0,59.0,768.0
Hamburg,2025-04,27,281,2353.55,2317.99,308,4671.54,1,1,2,709.0,59.0,768.0
Hamburg,2025-05,34,297,1208.08,2426.607,331,3634.687,1,1,2,709.0,59.0,768.0
Hamburg,2025-06,23,289,948.2,2531.576,312,3479.776,1,1,2,709.0,59.0,768.0
Hamburg,2025-07,73,373,2618.525,3247.764,446,5866.289000000001,1,1,2,709.0,59.0,768.0
Hamburg,2025-08,23,250,657.07,1934.2549999999999,273,2591.325,1,1,2,709.0,59.0,768.0
Hamburg,2025-09,36,334,2875.305,2903.834,370,5779.138999999999,1,1,2,709.0,59.0,768.0
Hamburg,2025-10,73,279,3048.025,2330.12,352,5378.145,1,1,2,709.0,59.0,768.0
Hamburg,2025-11,29,270,724.13,2243.224,299,2967.3540000000003,1,1,2,709.0,59.0,768.0
Hamburg,2025-12,78,246,2610.48,2098.101,324,4708.581,1,1,2,709.0,59.0,768.0
Hessen,2015-01,45,198,1195.436,1589.263,243,2784.6989999999996,0,0,0,5853.0,1288.0,7141.0
Hessen,2015-02,20,134,593.219,922.155,154,1515.374,0,0,0,5853.0,1288.0,7141.0
Hessen,2015-03,21,197,555.0450000000001,1468.821,218,2023.866,0,0,0,5853.0,1288.0,7141.0
Hessen,2015-04,42,210,2554.945,1865.407,252,4420.352,0,0,0,5853.0,1288.0,7141.0
Hessen,2015-05,31,203,630.575,1414.771,234,2045.346,0,0,0,5853.0,1288.0,7141.0
Hessen,2015-06,36,245,1816.25,1912.843,281,3729.093,0,0,0,5853.0,1288.0,7141.0
Hessen,2015-07,46,271,1768.625,2334.535,317,4103.16,0,0,0,5853.0,1288.0,7141.0
Hessen,2015-08,36,235,2054.065,1662.069,271,3716.134,0,0,0,5853.0,1288.0,7141.0
Hessen,2015-09,35,270,1257.49,2059.702,305,3317.192,0,0,0,5853.0,1288.0,7141.0
Hessen,2015-10,30,252,1471.685,1770.441,282,3242.126,0,0,0,5853.0,1288.0,7141.0
Hessen,2015-11,31,207,2229.97,1894.258,238,4124.228,0,0,0,5853.0,1288.0,7141.0
Hessen,2015-12,44,150,3045.479,1081.764,194,4127.2429999999995,0,0,0,5853.0,1288.0,7141.0
Hessen,2016-01,30,170,780.0550000000001,1135.668,200,1915.723,0,0,0,6425.0,1282.0,7707.0
Hessen,2016-02,31,172,445.27,1308.905,203,1754.175,0,0,0,6425.0,1282.0,7707.0
Hessen,2016-03,40,177,1693.52,1315.063,217,3008.583,0,0,0,6425.0,1282.0,7707.0
Hessen,2016-04,35,241,1484.616,1669.3,276,3153.916,0,0,0,6425.0,1282.0,7707.0
Hessen,2016-05,42,264,1344.394,2441.22,306,3785.6139999999996,0,0,0,6425.0,1282.0,7707.0
Hessen,2016-06,48,272,1580.95,2298.571,320,3879.5209999999997,0,0,0,6425.0,1282.0,7707.0
Hessen,2016-07,39,258,955.665,1992.469,297,2948.134,0,0,0,6425.0,1282.0,7707.0
Hessen,2016-08,50,264,1903.415,1909.563,314,3812.978,0,0,0,6425.0,1282.0,7707.0
Hessen,2016-09,47,271,1740.52,1939.636,318,3680.156,0,0,0,6425.0,1282.0,7707.0
Hessen,2016-10,38,218,1317.815,1415.277,256,2733.092,0,0,0,6425.0,1282.0,7707.0
Hessen,2016-11,43,230,1025.108,1478.639,273,2503.747,0,0,0,6425.0,1282.0,7707.0
Hessen,2016-12,40,202,2655.3650000000002,1439.855,242,4095.2200000000003,0,0,0,6425.0,1282.0,7707.0
Hessen,2017-01,30,164,1091.1200000000001,1079.19,194,2170.3100000000004,0,0,0,6838.0,1310.0,8148.0
Hessen,2017-02,65,286,2826.192,2425.953,351,5252.145,0,0,0,6838.0,1310.0,8148.0
Hessen,2017-03,66,375,1691.24,3040.444,441,4731.684,0,0,0,6838.0,1310.0,8148.0
Hessen,2017-04,36,317,2572.7,2675.408,353,5248.108,0,0,0,6838.0,1310.0,8148.0
Hessen,2017-05,69,378,2218.44,3190.619,447,5409.059,0,0,0,6838.0,1310.0,8148.0
Hessen,2017-06,78,379,2683.8650000000002,3244.919,457,5928.784,0,0,0,6838.0,1310.0,8148.0
Hessen,2017-07,75,342,4208.11,3100.934,417,7309.044,0,0,0,6838.0,1310.0,8148.0
Hessen,2017-08,62,401,1911.895,3081.495,463,4993.389999999999,0,0,0,6838.0,1310.0,8148.0
Hessen,2017-09,58,383,1754.412,2958.948,441,4713.36,0,0,0,6838.0,1310.0,8148.0
Hessen,2017-10,44,354,1577.2640000000001,2694.348,398,4271.612,0,0,0,6838.0,1310.0,8148.0
Hessen,2017-11,70,346,2091.712,2871.669,416,4963.380999999999,0,0,0,6838.0,1310.0,8148.0
Hessen,2017-12,35,212,1442.975,1421.32,247,2864.295,0,0,0,6838.0,1310.0,8148.0
Hessen,2018-01,84,323,3591.115,3458.946,407,7050.061,0,0,0,6147.0,1288.0,7435.0
Hessen,2018-02,43,237,2381.56,2546.918,280,4928.478,0,0,0,6147.0,1288.0,7435.0
Hessen,2018-03,63,280,2861.509,2692.95,343,5554.459,0,0,0,6147.0,1288.0,7435.0
Hessen,2018-04,75,362,4447.12,3861.359,437,8308.479,0,0,0,6147.0,1288.0,7435.0
Hessen,2018-05,69,366,2576.435,3133.832,435,5710.267,0,0,0,6147.0,1288.0,7435.0
Hessen,2018-06,68,392,5066.655,3893.409,460,8960.064,0,0,0,6147.0,1288.0,7435.0
Hessen,2018-07,93,433,5758.885,4726.717,526,10485.601999999999,0,0,0,6147.0,1288.0,7435.0
Hessen,2018-08,61,366,4719.925,4026.71,427,8746.635,0,0,0,6147.0,1288.0,7435.0
Hessen,2018-09,79,423,4508.763,4060.768,502,8569.530999999999,0,0,0,6147.0,1288.0,7435.0
Hessen,2018-10,57,352,2718.953,2967.648,409,5686.601000000001,0,0,0,6147.0,1288.0,7435.0
Hessen,2018-11,59,353,4497.585,3067.45,412,7565.035,0,0,0,6147.0,1288.0,7435.0
Hessen,2018-12,41,188,6877.347,2314.403,229,9191.75,0,0,0,6147.0,1288.0,7435.0
Hessen,2019-01,148,379,15494.082,7776.32,527,23270.402000000002,0,0,0,6166.0,1295.0,7461.0
Hessen,2019-02,78,338,5101.71,4929.739,416,10031.449,0,0,0,6166.0,1295.0,7461.0
Hessen,2019-03,80,412,5928.81,4773.066,492,10701.876,0,0,0,6166.0,1295.0,7461.0
Hessen,2019-04,62,500,2499.145,4792.649,562,7291.794,0,0,0,6166.0,1295.0,7461.0
Hessen,2019-05,67,497,3291.755,5763.99,564,9055.744999999999,0,0,0,6166.0,1295.0,7461.0
Hessen,2019-06,68,496,3417.54,4441.792,564,7859.332,0,0,0,6166.0,1295.0,7461.0
Hessen,2019-07,80,581,3161.74,6649.902,661,9811.642,0,0,0,6166.0,1295.0,7461.0
Hessen,2019-08,88,568,5714.64,6527.718,656,12242.358,0,0,0,6166.0,1295.0,7461.0
Hessen,2019-09,63,605,3063.445,7673.206,668,10736.651,0,0,0,6166.0,1295.0,7461.0
Hessen,2019-10,87,606,6078.875,5811.71,693,11890.585,0,0,0,6166.0,1295.0,7461.0
Hessen,2019-11,57,556,2212.865,4631.835,613,6844.7,0,0,0,6166.0,1295.0,7461.0
Hessen,2019-12,53,327,2699.677,2866.399,380,5566.076,0,0,0,6166.0,1295.0,7461.0
Hessen,2020-01,137,688,10486.91,8112.08,825,18598.989999999998,0,0,0,6713.0,1403.0,8116.0
Hessen,2020-02,119,539,4118.471,5765.438,658,9883.909,0,0,0,6713.0,1403.0,8116.0
Hessen,2020-03,76,758,3913.48,8100.441,834,12013.921,0,0,0,6713.0,1403.0,8116.0
Hessen,2020-04,94,808,7251.915,7856.291,902,15108.206,0,0,0,6713.0,1403.0,8116.0
Hessen,2020-05,131,870,5711.625,8645.634,1001,14357.259,0,0,0,6713.0,1403.0,8116.0
Hessen,2020-06,127,919,7364.28,8722.803,1046,16087.082999999999,0,0,0,6713.0,1403.0,8116.0
Hessen,2020-07,113,1012,6691.615,9181.565,1125,15873.18,0,0,0,6713.0,1403.0,8116.0
Hessen,2020-08,99,884,6982.26,7320.908,983,14303.168000000001,0,0,0,6713.0,1403.0,8116.0
Hessen,2020-09,102,1071,7754.56,9763.398,1173,17517.958,0,0,0,6713.0,1403.0,8116.0
Hessen,2020-10,106,1012,7125.695,9091.311,1118,16217.006,0,0,0,6713.0,1403.0,8116.0
Hessen,2020-11,73,1013,8127.635,9326.059,1086,17453.694,0,0,0,6713.0,1403.0,8116.0
Hessen,2020-12,87,738,5086.205,6160.776,825,11246.981,0,0,0,6713.0,1403.0,8116.0
Hessen,2021-01,159,773,7604.011,8182.456,932,15786.467,0,0,0,6273.0,1300.0,7573.0
Hessen,2021-02,97,723,3992.2599999999998,6497.714,820,10489.974,0,0,0,6273.0,1300.0,7573.0
Hessen,2021-03,127,1102,10882.195,11496.828,1229,22379.023,0,0,0,6273.0,1300.0,7573.0
Hessen,2021-04,118,1090,3748.335,10485.716,1208,14234.051,0,0,0,6273.0,1300.0,7573.0
Hessen,2021-05,112,1161,5080.788,11037.229,1273,16118.017,0,0,0,6273.0,1300.0,7573.0
Hessen,2021-06,103,1245,4180.695,12300.403,1348,16481.097999999998,0,0,0,6273.0,1300.0,7573.0
Hessen,2021-07,103,1267,6145.38,11346.021,1370,17491.401,0,0,0,6273.0,1300.0,7573.0
Hessen,2021-08,92,1085,4190.475,10387.251,1177,14577.726,0,0,0,6273.0,1300.0,7573.0
Hessen,2021-09,92,1301,6090.638,12716.297,1393,18806.935,0,0,0,6273.0,1300.0,7573.0
Hessen,2021-10,102,1237,6314.795,11616.6,1339,17931.395,0,0,0,6273.0,1300.0,7573.0
Hessen,2021-11,92,1355,4531.84,12176.147,1447,16707.987,0,0,0,6273.0,1300.0,7573.0
Hessen,2021-12,75,908,3986.272,8113.7,983,12099.972,0,0,0,6273.0,1300.0,7573.0
Hessen,2022-01,114,1114,3240.245,10178.777,1228,13419.022,0,0,0,6539.0,1299.0,7838.0
Hessen,2022-02,94,1188,5536.807,10902.602,1282,16439.409,0,0,0,6539.0,1299.0,7838.0
Hessen,2022-03,95,1674,4719.437,14881.222,1769,19600.659,0,0,0,6539.0,1299.0,7838.0
Hessen,2022-04,88,1348,3964.43,12083.229,1436,16047.659,0,0,0,6539.0,1299.0,7838.0
Hessen,2022-05,93,1635,4005.362,14633.687,1728,18639.049,0,0,0,6539.0,1299.0,7838.0
Hessen,2022-06,98,1671,4042.15,14502.974,1769,18545.124,0,0,0,6539.0,1299.0,7838.0
Hessen,2022-07,82,1707,6726.275,14345.478,1789,21071.752999999997,0,0,0,6539.0,1299.0,7838.0
Hessen,2022-08,118,2161,7721.665,18541.09,2279,26262.755,0,0,0,6539.0,1299.0,7838.0
Hessen,2022-09,147,2057,7626.514,18043.038,2204,25669.552,0,0,0,6539.0,1299.0,7838.0
Hessen,2022-10,115,1956,7194.535,16111.793,2071,23306.328,0,0,0,6539.0,1299.0,7838.0
Hessen,2022-11,124,2012,7139.695,16860.943,2136,24000.638,0,0,0,6539.0,1299.0,7838.0
Hessen,2022-12,104,1034,5809.845,8402.987,1138,14212.831999999999,0,0,0,6539.0,1299.0,7838.0
Hessen,2023-01,127,3137,7403.59,28138.286,3264,35541.876000000004,0,0,0,5900.0,1229.0,7129.0
Hessen,2023-02,147,3313,7120.596,28850.587,3460,35971.183,0,0,0,5900.0,1229.0,7129.0
Hessen,2023-03,162,3938,9890.213,36454.342,4100,46344.55499999999,0,0,0,5900.0,1229.0,7129.0
Hessen,2023-04,138,3210,7609.74,29178.327,3348,36788.067,0,0,0,5900.0,1229.0,7129.0
Hessen,2023-05,185,4176,11662.863,37874.06,4361,49536.922999999995,0,0,0,5900.0,1229.0,7129.0
Hessen,2023-06,210,4821,15107.512999999999,43212.422,5031,58319.935,0,0,0,5900.0,1229.0,7129.0
Hessen,2023-07,194,4646,14059.515,44806.86,4840,58866.375,0,0,0,5900.0,1229.0,7129.0
Hessen,2023-08,200,4430,9130.045,41785.313,4630,50915.358,0,0,0,5900.0,1229.0,7129.0
Hessen,2023-09,207,4590,11256.635,42568.632,4797,53825.267,0,0,0,5900.0,1229.0,7129.0
Hessen,2023-10,175,4144,17624.392,38741.419,4319,56365.811,0,0,0,5900.0,1229.0,7129.0
Hessen,2023-11,225,4442,11279.901,41918.3,4667,53198.201,0,0,0,5900.0,1229.0,7129.0
Hessen,2023-12,177,2882,11939.22,27984.156,3059,39923.376,0,0,0,5900.0,1229.0,7129.0
Hessen,2024-01,302,4200,25112.922,44300.787000000004,4502,69413.709,0,0,0,4638.0,1290.0,5928.0
Hessen,2024-02,166,3348,12085.105,31263.181,3514,43348.286,0,0,0,4638.0,1290.0,5928.0
Hessen,2024-03,210,3511,13287.335000000001,33077.113,3721,46364.448,0,0,0,4638.0,1290.0,5928.0
Hessen,2024-04,234,3659,13100.175,34229.669,3893,47329.844,0,0,0,4638.0,1290.0,5928.0
Hessen,2024-05,173,3471,10262.68,34340.748,3644,44603.428,0,0,0,4638.0,1290.0,5928.0
Hessen,2024-06,260,3927,13614.319,39530.261,4187,53144.58,0,0,0,4638.0,1290.0,5928.0
Hessen,2024-07,251,4606,18047.73,47884.796,4857,65932.526,0,0,0,4638.0,1290.0,5928.0
Hessen,2024-08,199,3456,13296.45,34316.795,3655,47613.244999999995,0,0,0,4638.0,1290.0,5928.0
Hessen,2024-09,209,3365,13093.635,33480.441,3574,46574.076,0,0,0,4638.0,1290.0,5928.0
Hessen,2024-10,162,3317,12508.597,33521.127,3479,46029.724,0,0,0,4638.0,1290.0,5928.0
Hessen,2024-11,200,3197,15057.455,32570.259000000002,3397,47627.714,0,0,0,4638.0,1290.0,5928.0
Hessen,2024-12,221,2730,12764.12,31138.11,2951,43902.23,0,0,0,4638.0,1290.0,5928.0
Hessen,2025-01,306,2915,20236.388,37298.079,3221,57534.467,0,0,0,3423.0,1039.0,4462.0
Hessen,2025-02,178,2382,9435.635,26408.831,2560,35844.466,0,0,0,3423.0,1039.0,4462.0
Hessen,2025-03,154,2279,10625.115,22455.198,2433,33080.313,0,0,0,3423.0,1039.0,4462.0
Hessen,2025-04,172,2392,10076.949,24127.295000000002,2564,34204.244000000006,0,0,0,3423.0,1039.0,4462.0
Hessen,2025-05,146,2637,10342.664,26768.206,2783,37110.869999999995,0,0,0,3423.0,1039.0,4462.0
Hessen,2025-06,192,2496,12219.55,25634.922,2688,37854.471999999994,0,0,0,3423.0,1039.0,4462.0
Hessen,2025-07,217,2921,14648.375,31137.328,3138,45785.703,0,0,0,3423.0,1039.0,4462.0
Hessen,2025-08,150,2371,10943.58,23943.202,2521,34886.782,0,0,0,3423.0,1039.0,4462.0
Hessen,2025-09,168,2410,9442.4,24927.374,2578,34369.774,0,0,0,3423.0,1039.0,4462.0
Hessen,2025-10,190,2333,11252.425,24317.132,2523,35569.557,0,0,0,3423.0,1039.0,4462.0
Hessen,2025-11,125,2187,9848.73,23425.287,2312,33274.017,0,0,0,3423.0,1039.0,4462.0
Hessen,2025-12,135,1749,14739.635,19005.598,1884,33745.233,0,0,0,3423.0,1039.0,4462.0
Mecklenburg-Vorpommern,2015-01,13,35,1311.6200000000001,865.466,48,2177.0860000000002,0,0,0,2372.0,535.0,2907.0
Mecklenburg-Vorpommern,2015-02,2,22,38.3,342.04,24,380.34000000000003,0,0,0,2372.0,535.0,2907.0
Mecklenburg-Vorpommern,2015-03,10,33,641.135,378.763,43,1019.8979999999999,0,0,0,2372.0,535.0,2907.0
Mecklenburg-Vorpommern,2015-04,17,39,1608.81,209.475,56,1818.2849999999999,0,0,0,2372.0,535.0,2907.0
Mecklenburg-Vorpommern,2015-05,12,34,3764.59,482.40500000000003,46,4246.995,0,0,0,2372.0,535.0,2907.0
Mecklenburg-Vorpommern,2015-06,14,52,2958.06,606.405,66,3564.465,0,0,0,2372.0,535.0,2907.0
Mecklenburg-Vorpommern,2015-07,26,49,3307.62,383.014,75,3690.634,0,0,0,2372.0,535.0,2907.0
Mecklenburg-Vorpommern,2015-08,16,48,693.87,835.0699999999999,64,1528.94,0,0,0,2372.0,535.0,2907.0
Mecklenburg-Vorpommern,2015-09,9,47,2624.7400000000002,451.523,56,3076.2630000000004,0,0,0,2372.0,535.0,2907.0
Mecklenburg-Vorpommern,2015-10,6,33,770.75,445.519,39,1216.269,0,0,0,2372.0,535.0,2907.0
Mecklenburg-Vorpommern,2015-11,8,25,826.59,166.095,33,992.6850000000001,0,0,0,2372.0,535.0,2907.0
Mecklenburg-Vorpommern,2015-12,14,26,2070.8199999999997,1697.914,40,3768.7339999999995,0,0,0,2372.0,535.0,2907.0
Mecklenburg-Vorpommern,2016-01,9,15,1618.9,107.74,24,1726.64,0,0,0,2392.0,454.0,2846.0
Mecklenburg-Vorpommern,2016-02,7,19,477.28,455.61,26,932.89,0,0,0,2392.0,454.0,2846.0
Mecklenburg-Vorpommern,2016-03,9,43,2611.4449999999997,472.46,52,3083.9049999999997,0,0,0,2392.0,454.0,2846.0
Mecklenburg-Vorpommern,2016-04,11,35,2395.38,626.725,46,3022.105,0,0,0,2392.0,454.0,2846.0
Mecklenburg-Vorpommern,2016-05,15,45,1408.3,987.805,60,2396.105,0,0,0,2392.0,454.0,2846.0
Mecklenburg-Vorpommern,2016-06,16,43,3625.8,276.025,59,3901.8250000000003,0,0,0,2392.0,454.0,2846.0
Mecklenburg-Vorpommern,2016-07,13,51,1397.1399999999999,900.338,64,2297.478,0,0,0,2392.0,454.0,2846.0
Mecklenburg-Vorpommern,2016-08,8,51,2125.875,723.917,59,2849.792,0,0,0,2392.0,454.0,2846.0
Mecklenburg-Vorpommern,2016-09,16,44,3452.1549999999997,1086.791,60,4538.946,0,0,0,2392.0,454.0,2846.0
Mecklenburg-Vorpommern,2016-10,14,47,3003.69,658.925,61,3662.615,0,0,0,2392.0,454.0,2846.0
Mecklenburg-Vorpommern,2016-11,9,26,3031.37,743.44,35,3774.81,0,0,0,2392.0,454.0,2846.0
Mecklenburg-Vorpommern,2016-12,24,38,14297.35,3472.48,62,17769.83,0,0,0,2392.0,454.0,2846.0
Mecklenburg-Vorpommern,2017-01,10,36,619.01,914.02,46,1533.03,0,0,0,2305.0,482.0,2787.0
Mecklenburg-Vorpommern,2017-02,17,42,2086.83,2731.29,59,4818.12,0,0,0,2305.0,482.0,2787.0
Mecklenburg-Vorpommern,2017-03,20,65,3550.9900000000002,1634.097,85,5185.087,0,0,0,2305.0,482.0,2787.0
Mecklenburg-Vorpommern,2017-04,21,54,5168.5199999999995,943.675,75,6112.195,0,0,0,2305.0,482.0,2787.0
Mecklenburg-Vorpommern,2017-05,27,61,7502.295,1254.483,88,8756.778,0,0,0,2305.0,482.0,2787.0
Mecklenburg-Vorpommern,2017-06,21,64,2386.0099999999998,491.876,85,2877.8859999999995,0,0,0,2305.0,482.0,2787.0
Mecklenburg-Vorpommern,2017-07,23,69,4114.215,1580.018,92,5694.233,0,0,0,2305.0,482.0,2787.0
Mecklenburg-Vorpommern,2017-08,17,56,1988.12,1363.955,73,3352.075,0,0,0,2305.0,482.0,2787.0
Mecklenburg-Vorpommern,2017-09,17,55,2666.39,1587.862,72,4254.252,0,0,0,2305.0,482.0,2787.0
Mecklenburg-Vorpommern,2017-10,16,65,4317.36,1299.84,81,5617.2,0,0,0,2305.0,482.0,2787.0
Mecklenburg-Vorpommern,2017-11,18,45,3179.86,657.1750000000001,63,3837.0350000000003,0,0,0,2305.0,482.0,2787.0
Mecklenburg-Vorpommern,2017-12,15,40,3288.022,759.534,55,4047.556,0,0,0,2305.0,482.0,2787.0
Mecklenburg-Vorpommern,2018-01,34,55,8716.45,3521.1259999999997,89,12237.576000000001,0,0,0,2528.0,488.0,3016.0
Mecklenburg-Vorpommern,2018-02,12,45,2388.8900000000003,1751.4450000000002,57,4140.335000000001,0,0,0,2528.0,488.0,3016.0
Mecklenburg-Vorpommern,2018-03,26,58,4725.235,1558.222,84,6283.456999999999,0,0,0,2528.0,488.0,3016.0
Mecklenburg-Vorpommern,2018-04,22,66,5283.13,3469.665,88,8752.795,0,0,0,2528.0,488.0,3016.0
Mecklenburg-Vorpommern,2018-05,29,57,4622.305,1619.865,86,6242.17,0,0,0,2528.0,488.0,3016.0
Mecklenburg-Vorpommern,2018-06,28,83,8290.947,1959.518,111,10250.465,0,0,0,2528.0,488.0,3016.0
Mecklenburg-Vorpommern,2018-07,51,72,13095.175,2729.245,123,15824.419999999998,0,0,0,2528.0,488.0,3016.0
Mecklenburg-Vorpommern,2018-08,18,66,3503.98,2402.31,84,5906.29,0,0,0,2528.0,488.0,3016.0
Mecklenburg-Vorpommern,2018-09,26,65,4496.895,891.985,91,5388.88,0,0,0,2528.0,488.0,3016.0
Mecklenburg-Vorpommern,2018-10,19,38,5290.041,1770.765,57,7060.8060000000005,0,0,0,2528.0,488.0,3016.0
Mecklenburg-Vorpommern,2018-11,31,56,8182.71,1438.28,87,9620.99,0,0,0,2528.0,488.0,3016.0
Mecklenburg-Vorpommern,2018-12,32,41,6583.385,681.075,73,7264.46,0,0,0,2528.0,488.0,3016.0
Mecklenburg-Vorpommern,2019-01,149,102,52142.406,11830.936,251,63973.342000000004,0,0,0,2445.0,461.0,2906.0
Mecklenburg-Vorpommern,2019-02,52,57,12280.7,1145.385,109,13426.085000000001,0,0,0,2445.0,461.0,2906.0
Mecklenburg-Vorpommern,2019-03,36,104,6758.08,2381.96,140,9140.04,0,0,0,2445.0,461.0,2906.0
Mecklenburg-Vorpommern,2019-04,28,85,4488.88,704.68,113,5193.56,0,0,0,2445.0,461.0,2906.0
Mecklenburg-Vorpommern,2019-05,19,108,3702.3900000000003,1497.03,127,5199.42,0,0,0,2445.0,461.0,2906.0
Mecklenburg-Vorpommern,2019-06,28,95,4696.21,1521.835,123,6218.045,0,0,0,2445.0,461.0,2906.0
Mecklenburg-Vorpommern,2019-07,19,109,4649.18,2955.165,128,7604.345,0,0,0,2445.0,461.0,2906.0
Mecklenburg-Vorpommern,2019-08,14,101,2696.66,2926.341,115,5623.001,0,0,0,2445.0,461.0,2906.0
Mecklenburg-Vorpommern,2019-09,35,92,4936.900000000001,1695.375,127,6632.275000000001,0,0,0,2445.0,461.0,2906.0
Mecklenburg-Vorpommern,2019-10,28,94,3856.276,2042.685,122,5898.960999999999,0,0,0,2445.0,461.0,2906.0
Mecklenburg-Vorpommern,2019-11,23,119,4024.83,898.091,142,4922.921,0,0,0,2445.0,461.0,2906.0
Mecklenburg-Vorpommern,2019-12,12,71,1684.835,702.658,83,2387.493,0,0,0,2445.0,461.0,2906.0
Mecklenburg-Vorpommern,2020-01,67,112,15256.893,2334.06,179,17590.953,0,0,0,3449.0,515.0,3964.0
Mecklenburg-Vorpommern,2020-02,26,96,4637.375,1583.515,122,6220.89,0,0,0,3449.0,515.0,3964.0
Mecklenburg-Vorpommern,2020-03,34,149,7267.092000000001,2303.815,183,9570.907000000001,0,0,0,3449.0,515.0,3964.0
Mecklenburg-Vorpommern,2020-04,21,163,4964.37,1816.6,184,6780.969999999999,0,0,0,3449.0,515.0,3964.0
Mecklenburg-Vorpommern,2020-05,38,165,7432.83,2550.385,203,9983.215,0,0,0,3449.0,515.0,3964.0
Mecklenburg-Vorpommern,2020-06,38,167,8148.155,2481.3360000000002,205,10629.491,0,0,0,3449.0,515.0,3964.0
Mecklenburg-Vorpommern,2020-07,37,175,6914.26,2031.802,212,8946.062,0,0,0,3449.0,515.0,3964.0
Mecklenburg-Vorpommern,2020-08,44,181,9659.955,1657.665,225,11317.619999999999,0,0,0,3449.0,515.0,3964.0
Mecklenburg-Vorpommern,2020-09,53,196,5831.395,2311.725,249,8143.120000000001,0,0,0,3449.0,515.0,3964.0
Mecklenburg-Vorpommern,2020-10,25,202,3685.72,3414.55,227,7100.27,0,0,0,3449.0,515.0,3964.0
Mecklenburg-Vorpommern,2020-11,29,169,3703.18,2169.645,198,5872.825,0,0,0,3449.0,515.0,3964.0
Mecklenburg-Vorpommern,2020-12,26,128,6417.72,1270.215,154,7687.935,0,0,0,3449.0,515.0,3964.0
Mecklenburg-Vorpommern,2021-01,49,147,6281.742,3200.665,196,9482.407,0,0,0,1976.0,406.0,2382.0
Mecklenburg-Vorpommern,2021-02,20,114,3928.23,1423.655,134,5351.885,0,0,0,1976.0,406.0,2382.0
Mecklenburg-Vorpommern,2021-03,62,242,15924.84,5871.62,304,21796.46,0,0,0,1976.0,406.0,2382.0
Mecklenburg-Vorpommern,2021-04,32,205,2145.73,2360.88,237,4506.610000000001,0,0,0,1976.0,406.0,2382.0
Mecklenburg-Vorpommern,2021-05,18,192,1647.8600000000001,1786.626,210,3434.486,0,0,0,1976.0,406.0,2382.0
Mecklenburg-Vorpommern,2021-06,27,233,1842.18,3687.55,260,5529.7300000000005,0,0,0,1976.0,406.0,2382.0
Mecklenburg-Vorpommern,2021-07,28,210,1319.844,2445.442,238,3765.286,0,0,0,1976.0,406.0,2382.0
Mecklenburg-Vorpommern,2021-08,27,235,2100.84,2023.875,262,4124.715,0,0,0,1976.0,406.0,2382.0
Mecklenburg-Vorpommern,2021-09,27,245,1894.525,2522.975,272,4417.5,0,0,0,1976.0,406.0,2382.0
Mecklenburg-Vorpommern,2021-10,28,211,1379.735,2216.168,239,3595.9030000000002,0,0,0,1976.0,406.0,2382.0
Mecklenburg-Vorpommern,2021-11,25,251,1776.99,1979.075,276,3756.065,0,0,0,1976.0,406.0,2382.0
Mecklenburg-Vorpommern,2021-12,12,156,358.31,1435.35,168,1793.6599999999999,0,0,0,1976.0,406.0,2382.0
Mecklenburg-Vorpommern,2022-01,23,248,3278.085,2372.57,271,5650.655000000001,0,0,0,2273.0,432.0,2705.0
Mecklenburg-Vorpommern,2022-02,21,242,1216.7,1965.855,263,3182.5550000000003,0,0,0,2273.0,432.0,2705.0
Mecklenburg-Vorpommern,2022-03,38,392,1708.86,3467.355,430,5176.215,0,0,0,2273.0,432.0,2705.0
Mecklenburg-Vorpommern,2022-04,21,313,768.27,2450.378,334,3218.648,0,0,0,2273.0,432.0,2705.0
Mecklenburg-Vorpommern,2022-05,37,418,3215.79,3551.1,455,6766.889999999999,0,0,0,2273.0,432.0,2705.0
Mecklenburg-Vorpommern,2022-06,22,358,1694.84,3351.07,380,5045.91,0,0,0,2273.0,432.0,2705.0
Mecklenburg-Vorpommern,2022-07,23,395,2097.78,3680.05,418,5777.83,0,0,0,2273.0,432.0,2705.0
Mecklenburg-Vorpommern,2022-08,36,492,3284.15,3828.238,528,7112.388,0,0,0,2273.0,432.0,2705.0
Mecklenburg-Vorpommern,2022-09,38,489,1396.03,3730.317,527,5126.347,0,0,0,2273.0,432.0,2705.0
Mecklenburg-Vorpommern,2022-10,28,439,1071.69,3304.951,467,4376.641,0,0,0,2273.0,432.0,2705.0
Mecklenburg-Vorpommern,2022-11,43,781,2163.1349999999998,4399.959,824,6563.093999999999,0,0,0,2273.0,432.0,2705.0
Mecklenburg-Vorpommern,2022-12,35,498,1296.96,2879.905,533,4176.865,0,0,0,2273.0,432.0,2705.0
Mecklenburg-Vorpommern,2023-01,67,1288,8435.89,8564.475,1355,17000.364999999998,0,0,0,2058.0,381.0,2439.0
Mecklenburg-Vorpommern,2023-02,30,1206,1692.15,6914.996,1236,8607.146,0,0,0,2058.0,381.0,2439.0
Mecklenburg-Vorpommern,2023-03,81,1030,8999.36,9445.047,1111,18444.407,0,0,0,2058.0,381.0,2439.0
Mecklenburg-Vorpommern,2023-04,49,1018,2981.405,8739.287,1067,11720.692000000001,0,0,0,2058.0,381.0,2439.0
Mecklenburg-Vorpommern,2023-05,55,1218,4727.49,10279.355,1273,15006.845,0,0,0,2058.0,381.0,2439.0
Mecklenburg-Vorpommern,2023-06,56,1318,4966.965,11958.583,1374,16925.548000000003,0,0,0,2058.0,381.0,2439.0
Mecklenburg-Vorpommern,2023-07,63,1229,3948.325,11195.243,1292,15143.568,0,0,0,2058.0,381.0,2439.0
Mecklenburg-Vorpommern,2023-08,82,1135,6617.6,9917.068,1217,16534.667999999998,0,0,0,2058.0,381.0,2439.0
Mecklenburg-Vorpommern,2023-09,69,1111,6598.585,9394.084,1180,15992.669000000002,0,0,0,2058.0,381.0,2439.0
Mecklenburg-Vorpommern,2023-10,57,975,4122.165,10446.519,1032,14568.684000000001,0,0,0,2058.0,381.0,2439.0
Mecklenburg-Vorpommern,2023-11,55,926,3435.54,8158.626,981,11594.166000000001,0,0,0,2058.0,381.0,2439.0
Mecklenburg-Vorpommern,2023-12,45,668,6578.37,8310.582,713,14888.952000000001,0,0,0,2058.0,381.0,2439.0
Mecklenburg-Vorpommern,2024-01,114,878,11641.37,9630.321,992,21271.691,0,0,0,1954.0,544.0,2498.0
Mecklenburg-Vorpommern,2024-02,52,691,5874.965,5828.033,743,11702.998,0,0,0,1954.0,544.0,2498.0
Mecklenburg-Vorpommern,2024-03,67,768,2843.096,6523.029,835,9366.125,0,0,0,1954.0,544.0,2498.0
Mecklenburg-Vorpommern,2024-04,68,978,4672.525,8525.021,1046,13197.546,0,0,0,1954.0,544.0,2498.0
Mecklenburg-Vorpommern,2024-05,83,847,7679.367,8013.306,930,15692.672999999999,0,0,0,1954.0,544.0,2498.0
Mecklenburg-Vorpommern,2024-06,71,847,6875.724999999999,7636.5,918,14512.224999999999,0,0,0,1954.0,544.0,2498.0
Mecklenburg-Vorpommern,2024-07,109,924,6410.195,9847.559,1033,16257.753999999999,0,0,0,1954.0,544.0,2498.0
Mecklenburg-Vorpommern,2024-08,59,692,6448.225,5888.705,751,12336.93,0,0,0,1954.0,544.0,2498.0
Mecklenburg-Vorpommern,2024-09,61,720,3651.0099999999998,7818.188,781,11469.198,0,0,0,1954.0,544.0,2498.0
Mecklenburg-Vorpommern,2024-10,57,648,4493.34,7175.97,705,11669.310000000001,0,0,0,1954.0,544.0,2498.0
Mecklenburg-Vorpommern,2024-11,69,591,6244.505,6394.907,660,12639.412,0,0,0,1954.0,544.0,2498.0
Mecklenburg-Vorpommern,2024-12,91,604,7553.225,7880.22,695,15433.445,0,0,0,1954.0,544.0,2498.0
Mecklenburg-Vorpommern,2025-01,111,564,16859.625,7316.593,675,24176.218,0,0,0,1350.0,401.0,1751.0
Mecklenburg-Vorpommern,2025-02,54,445,5588.72,4608.367,499,10197.087,0,0,0,1350.0,401.0,1751.0
Mecklenburg-Vorpommern,2025-03,40,502,5823.725,4205.639,542,10029.364000000001,0,0,0,1350.0,401.0,1751.0
Mecklenburg-Vorpommern,2025-04,46,564,5172.336,5391.378,610,10563.714,0,0,0,1350.0,401.0,1751.0
Mecklenburg-Vorpommern,2025-05,53,574,5568.96,6916.612,627,12485.572,0,0,0,1350.0,401.0,1751.0
Mecklenburg-Vorpommern,2025-06,46,525,3052.945,4700.504,571,7753.4490000000005,0,0,0,1350.0,401.0,1751.0
Mecklenburg-Vorpommern,2025-07,82,601,8006.915,7216.33,683,15223.244999999999,0,0,0,1350.0,401.0,1751.0
Mecklenburg-Vorpommern,2025-08,56,432,2857.85,4160.87,488,7018.719999999999,0,0,0,1350.0,401.0,1751.0
Mecklenburg-Vorpommern,2025-09,49,465,1906.685,4429.94,514,6336.625,0,0,0,1350.0,401.0,1751.0
Mecklenburg-Vorpommern,2025-10,34,406,2576.27,3846.298,440,6422.567999999999,0,0,0,1350.0,401.0,1751.0
Mecklenburg-Vorpommern,2025-11,46,368,4241.12,3642.995,414,7884.115,0,0,0,1350.0,401.0,1751.0
Mecklenburg-Vorpommern,2025-12,51,352,4041.97,4407.885,403,8449.855,0,0,0,1350.0,401.0,1751.0
Niedersachsen,2015-01,34,233,1484.53,2135.732,267,3620.2619999999997,0,0,0,13552.0,3019.0,16571.0
Niedersachsen,2015-02,29,208,1408.079,1641.455,237,3049.5339999999997,0,0,0,13552.0,3019.0,16571.0
Niedersachsen,2015-03,36,297,1908.994,2651.365,333,4560.3589999999995,0,0,0,13552.0,3019.0,16571.0
Niedersachsen,2015-04,43,284,1563.74,2873.721,327,4437.461,0,0,0,13552.0,3019.0,16571.0
Niedersachsen,2015-05,36,274,1734.89,2678.884,310,4413.774,0,0,0,13552.0,3019.0,16571.0
Niedersachsen,2015-06,53,340,1540.405,3036.933,393,4577.338,0,0,0,13552.0,3019.0,16571.0
Niedersachsen,2015-07,42,363,2033.755,3067.119,405,5100.874,0,0,0,13552.0,3019.0,16571.0
Niedersachsen,2015-08,53,306,2536.147,2401.341,359,4937.487999999999,0,0,0,13552.0,3019.0,16571.0
Niedersachsen,2015-09,45,333,3036.34,3376.354,378,6412.6939999999995,0,0,0,13552.0,3019.0,16571.0
Niedersachsen,2015-10,39,255,1376.485,2549.95,294,3926.4349999999995,0,0,0,13552.0,3019.0,16571.0
Niedersachsen,2015-11,32,248,1309.355,1982.132,280,3291.487,0,0,0,13552.0,3019.0,16571.0
Niedersachsen,2015-12,61,220,5675.41,3842.011,281,9517.421,0,0,0,13552.0,3019.0,16571.0
Niedersachsen,2016-01,32,243,953.322,2048.695,275,3002.0170000000003,0,0,0,15355.0,3269.0,18624.0
Niedersachsen,2016-02,26,230,1208.77,1591.838,256,2800.608,0,0,0,15355.0,3269.0,18624.0
Niedersachsen,2016-03,38,298,1093.781,2340.941,336,3434.7219999999998,0,0,0,15355.0,3269.0,18624.0
Niedersachsen,2016-04,48,309,2923.365,2915.822,357,5839.187,0,0,0,15355.0,3269.0,18624.0
Niedersachsen,2016-05,50,295,2381.719,3257.808,345,5639.527,0,0,0,15355.0,3269.0,18624.0
Niedersachsen,2016-06,56,348,2545.055,2568.996,404,5114.0509999999995,0,0,0,15355.0,3269.0,18624.0
Niedersachsen,2016-07,44,315,1354.69,2521.689,359,3876.379,0,0,0,15355.0,3269.0,18624.0
Niedersachsen,2016-08,63,396,2915.815,2999.411,459,5915.226000000001,0,0,0,15355.0,3269.0,18624.0
Niedersachsen,2016-09,70,322,3639.21,2497.203,392,6136.4130000000005,0,0,0,15355.0,3269.0,18624.0
Niedersachsen,2016-10,45,278,1510.83,1993.617,323,3504.447,0,0,0,15355.0,3269.0,18624.0
Niedersachsen,2016-11,50,254,2332.115,2001.968,304,4334.083,0,0,0,15355.0,3269.0,18624.0
Niedersachsen,2016-12,48,208,11802.825,2242.582,256,14045.407000000001,0,0,0,15355.0,3269.0,18624.0
Niedersachsen,2017-01,27,209,1927.395,1687.201,236,3614.596,0,0,0,13937.0,2763.0,16700.0
Niedersachsen,2017-02,44,315,1444.015,2831.1,359,4275.115,0,0,0,13937.0,2763.0,16700.0
Niedersachsen,2017-03,72,426,6302.399,3540.489,498,9842.888,0,0,0,13937.0,2763.0,16700.0
Niedersachsen,2017-04,83,403,3550.69,4917.957,486,8468.647,0,0,0,13937.0,2763.0,16700.0
Niedersachsen,2017-05,75,475,4449.255,5015.378,550,9464.633,0,0,0,13937.0,2763.0,16700.0
Niedersachsen,2017-06,86,528,5597.141,6847.669,614,12444.81,0,0,0,13937.0,2763.0,16700.0
Niedersachsen,2017-07,45,374,3587.875,3840.716,419,7428.591,0,0,0,13937.0,2763.0,16700.0
Niedersachsen,2017-08,73,470,4029.4139999999998,4525.93,543,8555.344000000001,0,0,0,13937.0,2763.0,16700.0
Niedersachsen,2017-09,58,446,2628.113,4188.877,504,6816.99,0,0,0,13937.0,2763.0,16700.0
Niedersachsen,2017-10,59,366,2637.455,3291.051,425,5928.505999999999,0,0,0,13937.0,2763.0,16700.0
Niedersachsen,2017-11,56,412,2363.8,3299.518,468,5663.318,0,0,0,13937.0,2763.0,16700.0
Niedersachsen,2017-12,35,220,1460.578,1813.763,255,3274.341,0,0,0,13937.0,2763.0,16700.0
Niedersachsen,2018-01,74,434,8167.605,5592.993,508,13760.598,0,0,0,13522.0,2876.0,16398.0
Niedersachsen,2018-02,66,331,5341.32,4377.987,397,9719.307,0,0,0,13522.0,2876.0,16398.0
Niedersachsen,2018-03,65,417,3488.625,6298.251,482,9786.876,0,0,0,13522.0,2876.0,16398.0
Niedersachsen,2018-04,85,439,7935.18,6174.164,524,14109.344000000001,0,0,0,13522.0,2876.0,16398.0
Niedersachsen,2018-05,80,474,5174.28,5888.586,554,11062.866,0,0,0,13522.0,2876.0,16398.0
Niedersachsen,2018-06,86,485,5751.805,6117.767,571,11869.572,0,0,0,13522.0,2876.0,16398.0
Niedersachsen,2018-07,128,452,11246.789,10212.399,580,21459.188000000002,0,0,0,13522.0,2876.0,16398.0
Niedersachsen,2018-08,101,463,8995.735,8981.55,564,17977.285,0,0,0,13522.0,2876.0,16398.0
Niedersachsen,2018-09,72,459,10303.285,6954.379,531,17257.664,0,0,0,13522.0,2876.0,16398.0
Niedersachsen,2018-10,86,457,5946.035,6055.503,543,12001.538,0,0,0,13522.0,2876.0,16398.0
Niedersachsen,2018-11,89,382,7347.5199999999995,4896.791,471,12244.311,0,0,0,13522.0,2876.0,16398.0
Niedersachsen,2018-12,79,278,7564.989,5175.477,357,12740.466,0,0,0,13522.0,2876.0,16398.0
Niedersachsen,2019-01,274,651,51322.795,30589.903,925,81912.698,0,0,0,14028.0,2859.0,16887.0
Niedersachsen,2019-02,90,527,12432.025,12492.177,617,24924.201999999997,0,0,0,14028.0,2859.0,16887.0
Niedersachsen,2019-03,125,635,12169.485,12381.385,760,24550.870000000003,0,0,0,14028.0,2859.0,16887.0
Niedersachsen,2019-04,111,714,8437.646,10607.399,825,19045.045,0,0,0,14028.0,2859.0,16887.0
Niedersachsen,2019-05,106,742,8419.521,9829.654,848,18249.175000000003,0,0,0,14028.0,2859.0,16887.0
Niedersachsen,2019-06,96,712,4615.615,9633.826,808,14249.440999999999,0,0,0,14028.0,2859.0,16887.0
Niedersachsen,2019-07,144,762,9563.173999999999,10073.59,906,19636.764,0,0,0,14028.0,2859.0,16887.0
Niedersachsen,2019-08,118,765,10756.269,8665.530999999999,883,19421.8,0,0,0,14028.0,2859.0,16887.0
Niedersachsen,2019-09,117,844,7544.435,9461.29,961,17005.725000000002,0,0,0,14028.0,2859.0,16887.0
Niedersachsen,2019-10,136,874,6323.2,10865.417,1010,17188.617,0,0,0,14028.0,2859.0,16887.0
Niedersachsen,2019-11,100,794,6416.126,7386.36,894,13802.486,0,0,0,14028.0,2859.0,16887.0
Niedersachsen,2019-12,72,548,5666.85,6611.796,620,12278.646,0,0,0,14028.0,2859.0,16887.0
Niedersachsen,2020-01,188,1129,17979.422,17412.367,1317,35391.789,0,0,0,14728.0,3097.0,17825.0
Niedersachsen,2020-02,130,916,9425.55,11463.566,1046,20889.116,0,0,0,14728.0,3097.0,17825.0
Niedersachsen,2020-03,169,1284,14433.539999999999,15990.064,1453,30423.604,0,0,0,14728.0,3097.0,17825.0
Niedersachsen,2020-04,167,1264,9376.682,14699.304,1431,24075.986,0,0,0,14728.0,3097.0,17825.0
Niedersachsen,2020-05,194,1313,14339.706,16096.69,1507,30436.396,0,0,0,14728.0,3097.0,17825.0
Niedersachsen,2020-06,168,1373,12533.095,18053.178,1541,30586.273,0,0,0,14728.0,3097.0,17825.0
Niedersachsen,2020-07,170,1468,12780.210000000001,15752.403,1638,28532.613,0,0,0,14728.0,3097.0,17825.0
Niedersachsen,2020-08,136,1370,8005.1720000000005,14418.998,1506,22424.17,0,0,0,14728.0,3097.0,17825.0
Niedersachsen,2020-09,170,1506,10648.61,16714.459,1676,27363.069,0,0,0,14728.0,3097.0,17825.0
Niedersachsen,2020-10,154,1432,11614.858,15272.14,1586,26886.998,0,0,0,14728.0,3097.0,17825.0
Niedersachsen,2020-11,131,1356,10296.225,13624.502,1487,23920.727,0,0,0,14728.0,3097.0,17825.0
Niedersachsen,2020-12,142,997,15701.495,11129.08,1139,26830.575,0,0,0,14728.0,3097.0,17825.0
Niedersachsen,2021-01,148,1068,12438.82,14005.561,1216,26444.381,0,0,0,13719.0,2988.0,16707.0
Niedersachsen,2021-02,103,785,8631.46,7420.242,888,16051.702,0,0,0,13719.0,2988.0,16707.0
Niedersachsen,2021-03,188,1407,26114.17,20505.66,1595,46619.83,0,0,0,13719.0,2988.0,16707.0
Niedersachsen,2021-04,157,1636,6855.049,17147.053,1793,24002.102,0,0,0,13719.0,2988.0,16707.0
Niedersachsen,2021-05,143,1831,7675.435,18036.601,1974,25712.036,0,0,0,13719.0,2988.0,16707.0
Niedersachsen,2021-06,181,2184,8503.735,21851.012,2365,30354.747,0,0,0,13719.0,2988.0,16707.0
Niedersachsen,2021-07,190,2161,8440.692,22307.27,2351,30747.962,0,0,0,13719.0,2988.0,16707.0
Niedersachsen,2021-08,154,1981,7503.5,20051.233,2135,27554.733,0,0,0,13719.0,2988.0,16707.0
Niedersachsen,2021-09,196,2377,9016.82,23455.077,2573,32471.897,0,0,0,13719.0,2988.0,16707.0
Niedersachsen,2021-10,157,2356,7016.075,21701.351,2513,28717.426,0,0,0,13719.0,2988.0,16707.0
Niedersachsen,2021-11,197,2600,9153.805,23438.579,2797,32592.384000000002,0,0,0,13719.0,2988.0,16707.0
Niedersachsen,2021-12,182,1808,7004.31,16548.111,1990,23552.421000000002,0,0,0,13719.0,2988.0,16707.0
Niedersachsen,2022-01,162,2122,12116.54,21086.846,2284,33203.386,0,0,0,14202.0,3196.0,17398.0
Niedersachsen,2022-02,180,2137,15420.055,19966.164,2317,35386.219,0,0,0,14202.0,3196.0,17398.0
Niedersachsen,2022-03,211,3113,20888.585,28270.227,3324,49158.812,0,0,0,14202.0,3196.0,17398.0
Niedersachsen,2022-04,176,2621,8335.87,23085.968,2797,31421.838000000003,0,0,0,14202.0,3196.0,17398.0
Niedersachsen,2022-05,203,3210,10989.096,29358.041,3413,40347.137,0,0,0,14202.0,3196.0,17398.0
Niedersachsen,2022-06,193,3405,12483.259,29555.074,3598,42038.333,0,0,0,14202.0,3196.0,17398.0
Niedersachsen,2022-07,189,2996,10261.37,24718.466,3185,34979.836,0,0,0,14202.0,3196.0,17398.0
Niedersachsen,2022-08,262,4478,16239.717,39221.082,4740,55460.799,0,0,0,14202.0,3196.0,17398.0
Niedersachsen,2022-09,255,4386,19811.146,38191.696,4641,58002.842000000004,0,0,0,14202.0,3196.0,17398.0
Niedersachsen,2022-10,223,3566,10126.145,29003.166,3789,39129.311,0,0,0,14202.0,3196.0,17398.0
Niedersachsen,2022-11,246,3316,18019.89,27630.984,3562,45650.873999999996,0,0,0,14202.0,3196.0,17398.0
Niedersachsen,2022-12,195,1898,26500.401,16109.403,2093,42609.804000000004,0,0,0,14202.0,3196.0,17398.0
Niedersachsen,2023-01,299,7359,17973.28,70419.463,7658,88392.743,1,0,1,11111.0,2896.0,14007.0
Niedersachsen,2023-02,288,7027,15479.724,65310.211,7315,80789.935,1,0,1,11111.0,2896.0,14007.0
Niedersachsen,2023-03,348,8826,17767.425,84607.419,9174,102374.844,1,0,1,11111.0,2896.0,14007.0
Niedersachsen,2023-04,270,7839,15768.36,72856.289,8109,88624.649,1,0,1,11111.0,2896.0,14007.0
Niedersachsen,2023-05,361,9374,19675.245,88116.659,9735,107791.904,1,0,1,11111.0,2896.0,14007.0
Niedersachsen,2023-06,468,10818,29766.696,100716.26,11286,130482.95599999999,1,0,1,11111.0,2896.0,14007.0
Niedersachsen,2023-07,370,9194,30788.702,92040.774,9564,122829.47600000001,1,0,1,11111.0,2896.0,14007.0
Niedersachsen,2023-08,435,9900,29129.055,94683.766,10335,123812.821,1,0,1,11111.0,2896.0,14007.0
Niedersachsen,2023-09,450,9061,46667.704,84904.838,9511,131572.54200000002,1,0,1,11111.0,2896.0,14007.0
Niedersachsen,2023-10,333,7617,24288.47,73831.534,7950,98120.004,1,0,1,11111.0,2896.0,14007.0
Niedersachsen,2023-11,363,8326,19058.955,78704.515,8689,97763.47,1,0,1,11111.0,2896.0,14007.0
Niedersachsen,2023-12,373,5081,25749.385,48388.798,5454,74138.183,1,0,1,11111.0,2896.0,14007.0
Niedersachsen,2024-01,585,7044,52882.549,90356.996,7629,143239.54499999998,1,0,1,8738.0,2994.0,11732.0
Niedersachsen,2024-02,324,6034,18748.9,55364.341,6358,74113.24100000001,1,0,1,8738.0,2994.0,11732.0
Niedersachsen,2024-03,350,6614,36443.371,63880.814,6964,100324.185,1,0,1,8738.0,2994.0,11732.0
Niedersachsen,2024-04,391,7201,28383.454999999998,69760.668,7592,98144.123,1,0,1,8738.0,2994.0,11732.0
Niedersachsen,2024-05,363,6638,32471.55,66693.544,7001,99165.094,1,0,1,8738.0,2994.0,11732.0
Niedersachsen,2024-06,432,6496,29664.542999999998,66388.624,6928,96053.16699999999,1,0,1,8738.0,2994.0,11732.0
Niedersachsen,2024-07,527,6717,35524.73,74849.375,7244,110374.10500000001,1,0,1,8738.0,2994.0,11732.0
Niedersachsen,2024-08,451,6056,26405.162,59338.936,6507,85744.098,1,0,1,8738.0,2994.0,11732.0
Niedersachsen,2024-09,335,5671,22765.946,58789.728,6006,81555.674,1,0,1,8738.0,2994.0,11732.0
Niedersachsen,2024-10,361,5395,30861.308,57566.968,5756,88428.276,1,0,1,8738.0,2994.0,11732.0
Niedersachsen,2024-11,406,5389,25161.115,58150.553,5795,83311.668,1,0,1,8738.0,2994.0,11732.0
Niedersachsen,2024-12,482,5053,47503.065,66693.203,5535,114196.268,1,0,1,8738.0,2994.0,11732.0
Niedersachsen,2025-01,544,5566,46699.761,99009.255,6110,145709.016,1,1,2,6840.0,2386.0,9226.0
Niedersachsen,2025-02,387,4125,23243.53,43943.951,4512,67187.481,1,1,2,6840.0,2386.0,9226.0
Niedersachsen,2025-03,283,4187,17080.18,42733.564,4470,59813.744,1,1,2,6840.0,2386.0,9226.0
Niedersachsen,2025-04,312,4517,24704.745,45787.216,4829,70491.961,1,1,2,6840.0,2386.0,9226.0
Niedersachsen,2025-05,304,4651,21761.275,50088.985,4955,71850.26000000001,1,1,2,6840.0,2386.0,9226.0
Niedersachsen,2025-06,344,4648,19717.754,48535.493,4992,68253.247,1,1,2,6840.0,2386.0,9226.0
Niedersachsen,2025-07,424,4798,27987.341,55059.977,5222,83047.318,1,1,2,6840.0,2386.0,9226.0
Niedersachsen,2025-08,387,4008,21118.225,41362.881,4395,62481.106,1,1,2,6840.0,2386.0,9226.0
Niedersachsen,2025-09,393,4327,26273.747,44530.853,4720,70804.6,1,1,2,6840.0,2386.0,9226.0
Niedersachsen,2025-10,370,3963,21983.972999999998,40771.002,4333,62754.975,1,1,2,6840.0,2386.0,9226.0
Niedersachsen,2025-11,266,3775,12699.045,39272.923,4041,51971.968,1,1,2,6840.0,2386.0,9226.0
Niedersachsen,2025-12,491,3194,23684.295,36895.078,3685,60579.373,1,1,2,6840.0,2386.0,9226.0
Nordrhein-Westfalen,2015-01,77,520,4108.881,4191.415,597,8300.296,0,0,0,16686.0,3024.0,19710.0
Nordrhein-Westfalen,2015-02,45,376,2241.6,3213.733,421,5455.3330000000005,0,0,0,16686.0,3024.0,19710.0
Nordrhein-Westfalen,2015-03,69,515,5666.267,4022.259,584,9688.526,0,0,0,16686.0,3024.0,19710.0
Nordrhein-Westfalen,2015-04,67,596,2441.55,5384.459,663,7826.009,0,0,0,16686.0,3024.0,19710.0
Nordrhein-Westfalen,2015-05,81,619,4027.661,5063.587,700,9091.248,0,0,0,16686.0,3024.0,19710.0
Nordrhein-Westfalen,2015-06,83,699,4038.645,5868.455,782,9907.1,0,0,0,16686.0,3024.0,19710.0
Nordrhein-Westfalen,2015-07,85,697,3250.39,5501.765,782,8752.155,0,0,0,16686.0,3024.0,19710.0
Nordrhein-Westfalen,2015-08,92,717,6991.435,5585.886,809,12577.321,0,0,0,16686.0,3024.0,19710.0
Nordrhein-Westfalen,2015-09,87,686,4198.494,5249.304,773,9447.797999999999,0,0,0,16686.0,3024.0,19710.0
Nordrhein-Westfalen,2015-10,92,665,3742.734,4714.159,757,8456.893,0,0,0,16686.0,3024.0,19710.0
Nordrhein-Westfalen,2015-11,74,551,4581.683,4165.45,625,8747.133,0,0,0,16686.0,3024.0,19710.0
Nordrhein-Westfalen,2015-12,128,484,12930.833999999999,5504.346,612,18435.18,0,0,0,16686.0,3024.0,19710.0
Nordrhein-Westfalen,2016-01,94,516,3220.46,4164.204,610,7384.664,0,0,0,17415.0,3160.0,20575.0
Nordrhein-Westfalen,2016-02,61,498,2698.845,3354.812,559,6053.656999999999,0,0,0,17415.0,3160.0,20575.0
Nordrhein-Westfalen,2016-03,85,627,3421.677,4937.968,712,8359.645,0,0,0,17415.0,3160.0,20575.0
Nordrhein-Westfalen,2016-04,89,638,2376.868,5075.729,727,7452.597,0,0,0,17415.0,3160.0,20575.0
Nordrhein-Westfalen,2016-05,74,618,1717.044,4655.426,692,6372.47,0,0,0,17415.0,3160.0,20575.0
Nordrhein-Westfalen,2016-06,96,785,2984.565,7044.898,881,10029.463,0,0,0,17415.0,3160.0,20575.0
Nordrhein-Westfalen,2016-07,72,678,2759.79,4829.227,750,7589.017,0,0,0,17415.0,3160.0,20575.0
Nordrhein-Westfalen,2016-08,107,743,8465.64,5788.486,850,14254.126,0,0,0,17415.0,3160.0,20575.0
Nordrhein-Westfalen,2016-09,97,688,4839.905,5219.131,785,10059.036,0,0,0,17415.0,3160.0,20575.0
Nordrhein-Westfalen,2016-10,84,573,3711.348,3878.587,657,7589.9349999999995,0,0,0,17415.0,3160.0,20575.0
Nordrhein-Westfalen,2016-11,81,579,4191.524,3870.883,660,8062.407,0,0,0,17415.0,3160.0,20575.0
Nordrhein-Westfalen,2016-12,75,421,6967.620000000001,3009.968,496,9977.588,0,0,0,17415.0,3160.0,20575.0
Nordrhein-Westfalen,2017-01,66,426,1672.11,3457.258,492,5129.3679999999995,0,0,0,17266.0,2863.0,20129.0
Nordrhein-Westfalen,2017-02,116,644,6346.205,7292.931,760,13639.135999999999,0,0,0,17266.0,2863.0,20129.0
Nordrhein-Westfalen,2017-03,132,840,5910.895,9333.489,972,15244.384,0,0,0,17266.0,2863.0,20129.0
Nordrhein-Westfalen,2017-04,146,871,10911.197,10399.886,1017,21311.083,0,0,0,17266.0,2863.0,20129.0
Nordrhein-Westfalen,2017-05,123,889,6839.53,9782.405999999999,1012,16621.935999999998,0,0,0,17266.0,2863.0,20129.0
Nordrhein-Westfalen,2017-06,110,865,3135.505,9638.534,975,12774.039,0,0,0,17266.0,2863.0,20129.0
Nordrhein-Westfalen,2017-07,120,896,5950.405,9986.961,1016,15937.365999999998,0,0,0,17266.0,2863.0,20129.0
Nordrhein-Westfalen,2017-08,139,877,7839.76,9063.09,1016,16902.85,0,0,0,17266.0,2863.0,20129.0
Nordrhein-Westfalen,2017-09,120,949,4928.53,10665.586,1069,15594.115999999998,0,0,0,17266.0,2863.0,20129.0
Nordrhein-Westfalen,2017-10,119,799,5534.995,7112.841,918,12647.836,0,0,0,17266.0,2863.0,20129.0
Nordrhein-Westfalen,2017-11,86,713,3775.465,5966.658,799,9742.123,0,0,0,17266.0,2863.0,20129.0
Nordrhein-Westfalen,2017-12,65,466,2681.035,3651.078,531,6332.112999999999,0,0,0,17266.0,2863.0,20129.0
Nordrhein-Westfalen,2018-01,150,891,9123.795,14585.865,1041,23709.66,0,0,0,16536.0,2784.0,19320.0
Nordrhein-Westfalen,2018-02,98,616,4746.513,7881.9259999999995,714,12628.438999999998,0,0,0,16536.0,2784.0,19320.0
Nordrhein-Westfalen,2018-03,115,747,6723.255,10209.191,862,16932.446,0,0,0,16536.0,2784.0,19320.0
Nordrhein-Westfalen,2018-04,133,901,9541.224,12027.503,1034,21568.727,0,0,0,16536.0,2784.0,19320.0
Nordrhein-Westfalen,2018-05,123,882,8849.721,10163.284,1005,19013.004999999997,0,0,0,16536.0,2784.0,19320.0
Nordrhein-Westfalen,2018-06,128,910,6883.47,13160.174,1038,20043.644,0,0,0,16536.0,2784.0,19320.0
Nordrhein-Westfalen,2018-07,181,1084,15932.105,20851.469,1265,36783.574,0,0,0,16536.0,2784.0,19320.0
Nordrhein-Westfalen,2018-08,171,929,11117.606,11727.921,1100,22845.527000000002,0,0,0,16536.0,2784.0,19320.0
Nordrhein-Westfalen,2018-09,124,790,7944.4529999999995,9134.183,914,17078.636,0,0,0,16536.0,2784.0,19320.0
Nordrhein-Westfalen,2018-10,145,910,8302.136,10663.256,1055,18965.392,0,0,0,16536.0,2784.0,19320.0
Nordrhein-Westfalen,2018-11,143,839,10606.967,9850.488,982,20457.455,0,0,0,16536.0,2784.0,19320.0
Nordrhein-Westfalen,2018-12,109,473,7075.875,8314.343,582,15390.218,0,0,0,16536.0,2784.0,19320.0
Nordrhein-Westfalen,2019-01,329,1273,47190.76,46328.344,1602,93519.10399999999,0,0,0,17389.0,3102.0,20491.0
Nordrhein-Westfalen,2019-02,176,914,18558.33,17757.892,1090,36316.222,0,0,0,17389.0,3102.0,20491.0
Nordrhein-Westfalen,2019-03,178,1128,18115.483,17452.084,1306,35567.566999999995,0,0,0,17389.0,3102.0,20491.0
Nordrhein-Westfalen,2019-04,171,1351,11859.93,15730.152,1522,27590.082000000002,0,0,0,17389.0,3102.0,20491.0
Nordrhein-Westfalen,2019-05,166,1497,14248.345,17879.076,1663,32127.421000000002,0,0,0,17389.0,3102.0,20491.0
Nordrhein-Westfalen,2019-06,182,1366,10908.52,15925.153,1548,26833.673000000003,0,0,0,17389.0,3102.0,20491.0
Nordrhein-Westfalen,2019-07,225,1735,12207.041,18043.962,1960,30251.002999999997,0,0,0,17389.0,3102.0,20491.0
Nordrhein-Westfalen,2019-08,197,1604,10127.135,18004.877,1801,28132.012000000002,0,0,0,17389.0,3102.0,20491.0
Nordrhein-Westfalen,2019-09,170,1717,13540.307,20653.323,1887,34193.630000000005,0,0,0,17389.0,3102.0,20491.0
Nordrhein-Westfalen,2019-10,191,1890,11393.842,19481.208,2081,30875.05,0,0,0,17389.0,3102.0,20491.0
Nordrhein-Westfalen,2019-11,169,1717,9000.612,15128.93,1886,24129.542,0,0,0,17389.0,3102.0,20491.0
Nordrhein-Westfalen,2019-12,141,1032,8060.179,10760.164,1173,18820.343,0,0,0,17389.0,3102.0,20491.0
Nordrhein-Westfalen,2020-01,354,2322,28241.837,29501.538,2676,57743.375,0,0,0,17021.0,3019.0,20040.0
Nordrhein-Westfalen,2020-02,180,1820,13014.46,19489.72,2000,32504.18,0,0,0,17021.0,3019.0,20040.0
Nordrhein-Westfalen,2020-03,266,2552,18545.653,28162.046,2818,46707.69899999999,0,0,0,17021.0,3019.0,20040.0
Nordrhein-Westfalen,2020-04,266,2499,18086.556,25978.794,2765,44065.350000000006,0,0,0,17021.0,3019.0,20040.0
Nordrhein-Westfalen,2020-05,243,2517,13248.28,24142.313,2760,37390.593,0,0,0,17021.0,3019.0,20040.0
Nordrhein-Westfalen,2020-06,230,2726,14881.672,30858.26,2956,45739.932,0,0,0,17021.0,3019.0,20040.0
Nordrhein-Westfalen,2020-07,268,2891,14499.732,29430.759000000002,3159,43930.491,0,0,0,17021.0,3019.0,20040.0
Nordrhein-Westfalen,2020-08,242,2859,14105.385,28503.046,3101,42608.431,0,0,0,17021.0,3019.0,20040.0
Nordrhein-Westfalen,2020-09,290,2973,19413.97,29048.506,3263,48462.476,0,0,0,17021.0,3019.0,20040.0
Nordrhein-Westfalen,2020-10,215,2949,10257.838,25547.319,3164,35805.157,0,0,0,17021.0,3019.0,20040.0
Nordrhein-Westfalen,2020-11,235,2838,15515.375,25128.14,3073,40643.515,0,0,0,17021.0,3019.0,20040.0
Nordrhein-Westfalen,2020-12,241,2035,20517.765,18092.969,2276,38610.734,0,0,0,17021.0,3019.0,20040.0
Nordrhein-Westfalen,2021-01,303,2727,17330.345,28311.907,3030,45642.252,0,0,0,16019.0,2768.0,18787.0
Nordrhein-Westfalen,2021-02,212,2403,14241.401,23500.433,2615,37741.834,0,0,0,16019.0,2768.0,18787.0
Nordrhein-Westfalen,2021-03,341,3466,31604.982,35077.974,3807,66682.956,0,0,0,16019.0,2768.0,18787.0
Nordrhein-Westfalen,2021-04,260,3271,10235.038,30162.971,3531,40398.009000000005,0,0,0,16019.0,2768.0,18787.0
Nordrhein-Westfalen,2021-05,273,3342,11459.265,31370.651,3615,42829.916,0,0,0,16019.0,2768.0,18787.0
Nordrhein-Westfalen,2021-06,300,3787,12759.105,35301.18,4087,48060.285,0,0,0,16019.0,2768.0,18787.0
Nordrhein-Westfalen,2021-07,252,3294,11025.75,30483.561,3546,41509.311,0,0,0,16019.0,2768.0,18787.0
Nordrhein-Westfalen,2021-08,238,3584,14276.845,33425.578,3822,47702.423,0,0,0,16019.0,2768.0,18787.0
Nordrhein-Westfalen,2021-09,288,3987,13761.01,36212.858,4275,49973.868,0,0,0,16019.0,2768.0,18787.0
Nordrhein-Westfalen,2021-10,267,3808,14183.705,34170.247,4075,48353.952000000005,0,0,0,16019.0,2768.0,18787.0
Nordrhein-Westfalen,2021-11,267,3715,10670.125,32046.712,3982,42716.837,0,0,0,16019.0,2768.0,18787.0
Nordrhein-Westfalen,2021-12,179,2768,13280.155,24938.241,2947,38218.396,0,0,0,16019.0,2768.0,18787.0
Nordrhein-Westfalen,2022-01,270,3680,15516.94,35161.495,3950,50678.435000000005,0,0,0,15344.0,2418.0,17762.0
Nordrhein-Westfalen,2022-02,268,3691,15649.86,32143.971,3959,47793.831000000006,0,0,0,15344.0,2418.0,17762.0
Nordrhein-Westfalen,2022-03,309,5373,26006.106,47132.747,5682,73138.853,0,0,0,15344.0,2418.0,17762.0
Nordrhein-Westfalen,2022-04,276,4594,16973.415,38920.855,4870,55894.270000000004,0,0,0,15344.0,2418.0,17762.0
Nordrhein-Westfalen,2022-05,331,5481,18409.837,47837.966,5812,66247.803,0,0,0,15344.0,2418.0,17762.0
Nordrhein-Westfalen,2022-06,250,5182,15701.61,44228.113,5432,59929.723,0,0,0,15344.0,2418.0,17762.0
Nordrhein-Westfalen,2022-07,250,4672,18773.795,38744.114,4922,57517.909,0,0,0,15344.0,2418.0,17762.0
Nordrhein-Westfalen,2022-08,418,8097,24797.932,69920.631,8515,94718.563,0,0,0,15344.0,2418.0,17762.0
Nordrhein-Westfalen,2022-09,349,7018,18200.837,58791.101,7367,76991.938,0,0,0,15344.0,2418.0,17762.0
Nordrhein-Westfalen,2022-10,329,6244,21171.312,49526.256,6573,70697.568,0,0,0,15344.0,2418.0,17762.0
Nordrhein-Westfalen,2022-11,354,5779,19202.925,47839.648,6133,67042.573,0,0,0,15344.0,2418.0,17762.0
Nordrhein-Westfalen,2022-12,271,3233,21255.765,26541.815,3504,47797.58,0,0,0,15344.0,2418.0,17762.0
Nordrhein-Westfalen,2023-01,440,12478,26896.3,111963.762,12918,138860.062,0,0,0,14143.0,2630.0,16773.0
Nordrhein-Westfalen,2023-02,430,11115,28834.406,97908.391,11545,126742.797,0,0,0,14143.0,2630.0,16773.0
Nordrhein-Westfalen,2023-03,581,14160,29153.254,128276.039,14741,157429.293,0,0,0,14143.0,2630.0,16773.0
Nordrhein-Westfalen,2023-04,491,12003,27480.52,108176.333,12494,135656.853,0,0,0,14143.0,2630.0,16773.0
Nordrhein-Westfalen,2023-05,593,14849,34444.187,133327.872,15442,167772.059,0,0,0,14143.0,2630.0,16773.0
Nordrhein-Westfalen,2023-06,621,16065,38174.487,148346.108,16686,186520.595,0,0,0,14143.0,2630.0,16773.0
Nordrhein-Westfalen,2023-07,594,14631,45533.181,134646.304,15225,180179.485,0,0,0,14143.0,2630.0,16773.0
Nordrhein-Westfalen,2023-08,681,16353,45935.056,148541.377,17034,194476.43300000002,0,0,0,14143.0,2630.0,16773.0
Nordrhein-Westfalen,2023-09,570,14306,37222.926999999996,133285.732,14876,170508.65899999999,0,0,0,14143.0,2630.0,16773.0
Nordrhein-Westfalen,2023-10,556,13104,36716.201,118498.863,13660,155215.064,0,0,0,14143.0,2630.0,16773.0
Nordrhein-Westfalen,2023-11,603,12427,42092.326,113330.876,13030,155423.202,0,0,0,14143.0,2630.0,16773.0
Nordrhein-Westfalen,2023-12,532,8375,37133.46,78905.97,8907,116039.43,0,0,0,14143.0,2630.0,16773.0
Nordrhein-Westfalen,2024-01,726,10839,73233.01,121596.297,11565,194829.307,1,0,1,10901.0,2533.0,13434.0
Nordrhein-Westfalen,2024-02,496,9253,49404.965,84518.063,9749,133923.028,1,0,1,10901.0,2533.0,13434.0
Nordrhein-Westfalen,2024-03,605,10455,48483.887,96114.6,11060,144598.48700000002,1,0,1,10901.0,2533.0,13434.0
Nordrhein-Westfalen,2024-04,600,10564,37082.883,99981.78,11164,137064.663,1,0,1,10901.0,2533.0,13434.0
Nordrhein-Westfalen,2024-05,559,9997,38515.431,96483.329,10556,134998.76,1,0,1,10901.0,2533.0,13434.0
Nordrhein-Westfalen,2024-06,758,10291,59002.799,99472.473,11049,158475.272,1,0,1,10901.0,2533.0,13434.0
Nordrhein-Westfalen,2024-07,888,11557,54785.62,117895.186,12445,172680.806,1,0,1,10901.0,2533.0,13434.0
Nordrhein-Westfalen,2024-08,656,9064,44866.895,86197.401,9720,131064.296,1,0,1,10901.0,2533.0,13434.0
Nordrhein-Westfalen,2024-09,607,8823,44831.8,84899.399,9430,129731.19900000001,1,0,1,10901.0,2533.0,13434.0
Nordrhein-Westfalen,2024-10,700,8807,53691.56,86661.623,9507,140353.18300000002,1,0,1,10901.0,2533.0,13434.0
Nordrhein-Westfalen,2024-11,782,8503,47992.305,87177.965,9285,135170.27,1,0,1,10901.0,2533.0,13434.0
Nordrhein-Westfalen,2024-12,796,7794,67353.91,93857.128,8590,161211.038,1,0,1,10901.0,2533.0,13434.0
Nordrhein-Westfalen,2025-01,784,8086,66462.536,108061.234,8870,174523.77,1,1,2,9301.0,2566.0,11867.0
Nordrhein-Westfalen,2025-02,639,6871,40435.893,72598.783,7510,113034.67599999999,1,1,2,9301.0,2566.0,11867.0
Nordrhein-Westfalen,2025-03,525,6745,37330.996,65274.724,7270,102605.72,1,1,2,9301.0,2566.0,11867.0
Nordrhein-Westfalen,2025-04,530,7026,46940.612,69740.653,7556,116681.26500000001,1,1,2,9301.0,2566.0,11867.0
Nordrhein-Westfalen,2025-05,545,7606,42269.825,74857.014,8151,117126.83899999999,1,1,2,9301.0,2566.0,11867.0
Nordrhein-Westfalen,2025-06,562,7114,37240.675,71931.802,7676,109172.477,1,1,2,9301.0,2566.0,11867.0
Nordrhein-Westfalen,2025-07,702,8381,41390.935,89783.894,9083,131174.829,1,1,2,9301.0,2566.0,11867.0
Nordrhein-Westfalen,2025-08,453,6236,29524.076,62959.451,6689,92483.527,1,1,2,9301.0,2566.0,11867.0
Nordrhein-Westfalen,2025-09,583,7103,36359.799,71437.106,7686,107796.905,1,1,2,9301.0,2566.0,11867.0
Nordrhein-Westfalen,2025-10,539,6834,43129.325,69005.687,7373,112135.012,1,1,2,9301.0,2566.0,11867.0
Nordrhein-Westfalen,2025-11,528,6375,45175.892,66107.875,6903,111283.76699999999,1,1,2,9301.0,2566.0,11867.0
Nordrhein-Westfalen,2025-12,696,5408,35424.04,57117.193,6104,92541.23300000001,1,1,2,9301.0,2566.0,11867.0
Rheinland-Pfalz,2015-01,21,203,746.46,1619.491,224,2365.951,0,0,0,5550.0,1312.0,6862.0
Rheinland-Pfalz,2015-02,17,132,1150.5,1149.305,149,2299.8050000000003,0,0,0,5550.0,1312.0,6862.0
Rheinland-Pfalz,2015-03,26,207,520.376,1842.52,233,2362.8959999999997,0,0,0,5550.0,1312.0,6862.0
Rheinland-Pfalz,2015-04,29,215,851.165,1741.524,244,2592.689,0,0,0,5550.0,1312.0,6862.0
Rheinland-Pfalz,2015-05,17,225,579.47,1764.468,242,2343.938,0,0,0,5550.0,1312.0,6862.0
Rheinland-Pfalz,2015-06,31,219,1276.1000000000001,1574.437,250,2850.5370000000003,0,0,0,5550.0,1312.0,6862.0
Rheinland-Pfalz,2015-07,37,279,1438.51,2404.291,316,3842.8010000000004,0,0,0,5550.0,1312.0,6862.0
Rheinland-Pfalz,2015-08,37,241,2353.945,2104.905,278,4458.85,0,0,0,5550.0,1312.0,6862.0
Rheinland-Pfalz,2015-09,26,275,1474.07,2232.489,301,3706.559,0,0,0,5550.0,1312.0,6862.0
Rheinland-Pfalz,2015-10,19,221,1222.545,1579.238,240,2801.7830000000004,0,0,0,5550.0,1312.0,6862.0
Rheinland-Pfalz,2015-11,28,187,1362.242,1410.873,215,2773.115,0,0,0,5550.0,1312.0,6862.0
Rheinland-Pfalz,2015-12,34,141,2998.449,1055.573,175,4054.022,0,0,0,5550.0,1312.0,6862.0
Rheinland-Pfalz,2016-01,34,215,764.467,1686.846,249,2451.313,0,0,0,5935.0,1316.0,7251.0
Rheinland-Pfalz,2016-02,17,163,795.55,1339.819,180,2135.3689999999997,0,0,0,5935.0,1316.0,7251.0
Rheinland-Pfalz,2016-03,38,183,2181.459,1572.969,221,3754.428,0,0,0,5935.0,1316.0,7251.0
Rheinland-Pfalz,2016-04,32,224,702.76,1840.181,256,2542.941,0,0,0,5935.0,1316.0,7251.0
Rheinland-Pfalz,2016-05,33,222,1651.608,1603.086,255,3254.694,0,0,0,5935.0,1316.0,7251.0
Rheinland-Pfalz,2016-06,25,280,1853.0,2355.416,305,4208.416,0,0,0,5935.0,1316.0,7251.0
Rheinland-Pfalz,2016-07,35,245,1215.04,1688.438,280,2903.478,0,0,0,5935.0,1316.0,7251.0
Rheinland-Pfalz,2016-08,32,250,2107.89,2117.188,282,4225.0779999999995,0,0,0,5935.0,1316.0,7251.0
Rheinland-Pfalz,2016-09,28,286,1093.35,2206.255,314,3299.605,0,0,0,5935.0,1316.0,7251.0
Rheinland-Pfalz,2016-10,34,234,3919.35,1711.281,268,5630.630999999999,0,0,0,5935.0,1316.0,7251.0
Rheinland-Pfalz,2016-11,29,224,1609.084,2007.128,253,3616.212,0,0,0,5935.0,1316.0,7251.0
Rheinland-Pfalz,2016-12,35,114,11970.96,735.7379999999999,149,12706.697999999999,0,0,0,5935.0,1316.0,7251.0
Rheinland-Pfalz,2017-01,22,157,524.8199999999999,1242.63,179,1767.45,0,0,0,5894.0,1283.0,7177.0
Rheinland-Pfalz,2017-02,33,213,1380.1299999999999,2394.325,246,3774.455,0,0,0,5894.0,1283.0,7177.0
Rheinland-Pfalz,2017-03,38,296,1787.212,2734.574,334,4521.786,0,0,0,5894.0,1283.0,7177.0
Rheinland-Pfalz,2017-04,41,311,2335.1150000000002,3309.392,352,5644.507,0,0,0,5894.0,1283.0,7177.0
Rheinland-Pfalz,2017-05,50,368,2015.3700000000001,3422.953,418,5438.323,0,0,0,5894.0,1283.0,7177.0
Rheinland-Pfalz,2017-06,34,328,1192.222,2677.7019999999998,362,3869.924,0,0,0,5894.0,1283.0,7177.0
Rheinland-Pfalz,2017-07,45,322,4459.356,2612.552,367,7071.907999999999,0,0,0,5894.0,1283.0,7177.0
Rheinland-Pfalz,2017-08,28,343,825.99,2791.933,371,3617.923,0,0,0,5894.0,1283.0,7177.0
Rheinland-Pfalz,2017-09,40,345,931.74,3132.32,385,4064.0600000000004,0,0,0,5894.0,1283.0,7177.0
Rheinland-Pfalz,2017-10,33,309,2129.75,2382.603,342,4512.353,0,0,0,5894.0,1283.0,7177.0
Rheinland-Pfalz,2017-11,28,237,1064.605,1705.53,265,2770.135,0,0,0,5894.0,1283.0,7177.0
Rheinland-Pfalz,2017-12,29,143,1145.49,935.366,172,2080.8559999999998,0,0,0,5894.0,1283.0,7177.0
Rheinland-Pfalz,2018-01,71,322,3214.939,3241.115,393,6456.054,0,0,0,6387.0,1425.0,7812.0
Rheinland-Pfalz,2018-02,39,209,3383.785,2209.662,248,5593.447,0,0,0,6387.0,1425.0,7812.0
Rheinland-Pfalz,2018-03,47,280,2589.84,3031.828,327,5621.668,0,0,0,6387.0,1425.0,7812.0
Rheinland-Pfalz,2018-04,64,317,2563.61,3023.443,381,5587.053,0,0,0,6387.0,1425.0,7812.0
Rheinland-Pfalz,2018-05,54,365,2988.115,3949.4030000000002,419,6937.518,0,0,0,6387.0,1425.0,7812.0
Rheinland-Pfalz,2018-06,58,387,3844.986,3609.457,445,7454.442999999999,0,0,0,6387.0,1425.0,7812.0
Rheinland-Pfalz,2018-07,56,346,2425.13,4653.137,402,7078.267,0,0,0,6387.0,1425.0,7812.0
Rheinland-Pfalz,2018-08,66,344,3990.156,3221.539,410,7211.695,0,0,0,6387.0,1425.0,7812.0
Rheinland-Pfalz,2018-09,58,342,3081.41,3099.118,400,6180.528,0,0,0,6387.0,1425.0,7812.0
Rheinland-Pfalz,2018-10,52,324,2008.1580000000001,3877.185,376,5885.343,0,0,0,6387.0,1425.0,7812.0
Rheinland-Pfalz,2018-11,75,307,4614.74,3157.648,382,7772.388,0,0,0,6387.0,1425.0,7812.0
Rheinland-Pfalz,2018-12,29,151,3678.474,2555.145,180,6233.619000000001,0,0,0,6387.0,1425.0,7812.0
Rheinland-Pfalz,2019-01,129,405,15317.152,7150.79,534,22467.942,0,0,0,5893.0,1322.0,7215.0
Rheinland-Pfalz,2019-02,63,318,4377.645,3468.623,381,7846.268,0,0,0,5893.0,1322.0,7215.0
Rheinland-Pfalz,2019-03,70,421,6982.465,5092.39,491,12074.855,0,0,0,5893.0,1322.0,7215.0
Rheinland-Pfalz,2019-04,57,455,4014.805,4693.72,512,8708.525,0,0,0,5893.0,1322.0,7215.0
Rheinland-Pfalz,2019-05,60,482,2113.085,4435.906,542,6548.991,0,0,0,5893.0,1322.0,7215.0
Rheinland-Pfalz,2019-06,59,447,2374.172,4545.9980000000005,506,6920.17,0,0,0,5893.0,1322.0,7215.0
Rheinland-Pfalz,2019-07,66,534,3461.518,4640.334,600,8101.852,0,0,0,5893.0,1322.0,7215.0
Rheinland-Pfalz,2019-08,48,564,2841.675,4717.539,612,7559.214,0,0,0,5893.0,1322.0,7215.0
Rheinland-Pfalz,2019-09,57,523,2576.386,4612.891,580,7189.277,0,0,0,5893.0,1322.0,7215.0
Rheinland-Pfalz,2019-10,55,592,2178.07,5361.999,647,7540.0689999999995,0,0,0,5893.0,1322.0,7215.0
Rheinland-Pfalz,2019-11,61,499,3001.245,4443.56,560,7444.805,0,0,0,5893.0,1322.0,7215.0
Rheinland-Pfalz,2019-12,29,293,2161.276,2353.017,322,4514.293,0,0,0,5893.0,1322.0,7215.0
Rheinland-Pfalz,2020-01,98,641,5977.305,6376.896,739,12354.201000000001,0,0,0,6041.0,1158.0,7199.0
Rheinland-Pfalz,2020-02,61,514,3573.515,5217.914,575,8791.429,0,0,0,6041.0,1158.0,7199.0
Rheinland-Pfalz,2020-03,85,797,4291.31,7681.184,882,11972.494,0,0,0,6041.0,1158.0,7199.0
Rheinland-Pfalz,2020-04,84,884,5362.975,8626.019,968,13988.994,0,0,0,6041.0,1158.0,7199.0
Rheinland-Pfalz,2020-05,57,828,3399.97,8297.756,885,11697.725999999999,0,0,0,6041.0,1158.0,7199.0
Rheinland-Pfalz,2020-06,83,889,5198.51,9123.64,972,14322.15,0,0,0,6041.0,1158.0,7199.0
Rheinland-Pfalz,2020-07,90,908,4700.88,8373.71,998,13074.59,0,0,0,6041.0,1158.0,7199.0
Rheinland-Pfalz,2020-08,83,831,4912.24,8555.159,914,13467.399,0,0,0,6041.0,1158.0,7199.0
Rheinland-Pfalz,2020-09,93,864,5347.45,7449.129,957,12796.579,0,0,0,6041.0,1158.0,7199.0
Rheinland-Pfalz,2020-10,81,894,4875.06,7603.42,975,12478.48,0,0,0,6041.0,1158.0,7199.0
Rheinland-Pfalz,2020-11,84,886,4754.265,7843.643,970,12597.908,0,0,0,6041.0,1158.0,7199.0
Rheinland-Pfalz,2020-12,55,574,2287.55,5485.073,629,7772.6230000000005,0,0,0,6041.0,1158.0,7199.0
Rheinland-Pfalz,2021-01,84,817,6410.868,8761.37,901,15172.238000000001,0,0,0,5582.0,1117.0,6699.0
Rheinland-Pfalz,2021-02,63,753,4468.215,7845.194,816,12313.409,0,0,0,5582.0,1117.0,6699.0
Rheinland-Pfalz,2021-03,110,1139,10614.316,12448.938,1249,23063.254,0,0,0,5582.0,1117.0,6699.0
Rheinland-Pfalz,2021-04,86,1068,3626.263,10086.002,1154,13712.265,0,0,0,5582.0,1117.0,6699.0
Rheinland-Pfalz,2021-05,99,1013,5690.269,9703.996,1112,15394.265,0,0,0,5582.0,1117.0,6699.0
Rheinland-Pfalz,2021-06,86,1212,3699.1,11208.221,1298,14907.321,0,0,0,5582.0,1117.0,6699.0
Rheinland-Pfalz,2021-07,81,1156,4273.98,10590.155,1237,14864.135,0,0,0,5582.0,1117.0,6699.0
Rheinland-Pfalz,2021-08,63,1003,2385.05,9292.981,1066,11678.030999999999,0,0,0,5582.0,1117.0,6699.0
Rheinland-Pfalz,2021-09,78,1290,3714.5,11900.099,1368,15614.599,0,0,0,5582.0,1117.0,6699.0
Rheinland-Pfalz,2021-10,67,1247,2279.485,11611.148,1314,13890.633,0,0,0,5582.0,1117.0,6699.0
Rheinland-Pfalz,2021-11,63,1090,2292.039,10024.847,1153,12316.886,0,0,0,5582.0,1117.0,6699.0
Rheinland-Pfalz,2021-12,51,814,2091.115,7476.027,865,9567.142,0,0,0,5582.0,1117.0,6699.0
Rheinland-Pfalz,2022-01,84,1099,5441.525,10439.879,1183,15881.404,0,0,0,5611.0,1083.0,6694.0
Rheinland-Pfalz,2022-02,70,1113,3422.612,10439.516,1183,13862.128,0,0,0,5611.0,1083.0,6694.0
Rheinland-Pfalz,2022-03,110,1621,9230.015,14396.709,1731,23626.724000000002,0,0,0,5611.0,1083.0,6694.0
Rheinland-Pfalz,2022-04,75,1401,4057.802,12607.386,1476,16665.188000000002,0,0,0,5611.0,1083.0,6694.0
Rheinland-Pfalz,2022-05,86,1560,3993.697,14086.868,1646,18080.565000000002,0,0,0,5611.0,1083.0,6694.0
Rheinland-Pfalz,2022-06,96,1516,4808.44,13289.292,1612,18097.732,0,0,0,5611.0,1083.0,6694.0
Rheinland-Pfalz,2022-07,66,1462,3774.63,12533.427,1528,16308.057,0,0,0,5611.0,1083.0,6694.0
Rheinland-Pfalz,2022-08,93,2145,4941.266,18880.373,2238,23821.639,0,0,0,5611.0,1083.0,6694.0
Rheinland-Pfalz,2022-09,83,2099,5046.442,18102.119,2182,23148.560999999998,0,0,0,5611.0,1083.0,6694.0
Rheinland-Pfalz,2022-10,75,1692,2974.72,13960.593,1767,16935.313000000002,0,0,0,5611.0,1083.0,6694.0
Rheinland-Pfalz,2022-11,86,1638,3881.945,13462.447,1724,17344.392,0,0,0,5611.0,1083.0,6694.0
Rheinland-Pfalz,2022-12,52,948,3768.213,8856.075,1000,12624.288,0,0,0,5611.0,1083.0,6694.0
Rheinland-Pfalz,2023-01,112,3509,5081.58,32241.726,3621,37323.306,1,0,1,5487.0,1262.0,6749.0
Rheinland-Pfalz,2023-02,106,2980,5601.32,26819.977,3086,32421.297,1,0,1,5487.0,1262.0,6749.0
Rheinland-Pfalz,2023-03,121,3799,7752.128,35583.014,3920,43335.142,1,0,1,5487.0,1262.0,6749.0
Rheinland-Pfalz,2023-04,98,3497,4989.92,32453.33,3595,37443.25,1,0,1,5487.0,1262.0,6749.0
Rheinland-Pfalz,2023-05,139,4188,8542.34,38893.154,4327,47435.494000000006,1,0,1,5487.0,1262.0,6749.0
Rheinland-Pfalz,2023-06,188,4444,11705.61,42578.934,4632,54284.544,1,0,1,5487.0,1262.0,6749.0
Rheinland-Pfalz,2023-07,167,4685,8079.994,45687.1,4852,53767.094,1,0,1,5487.0,1262.0,6749.0
Rheinland-Pfalz,2023-08,188,4484,10676.99,43458.699,4672,54135.689,1,0,1,5487.0,1262.0,6749.0
Rheinland-Pfalz,2023-09,167,4261,8295.61,41651.320999999996,4428,49946.931,1,0,1,5487.0,1262.0,6749.0
Rheinland-Pfalz,2023-10,149,4000,8415.78,37554.416,4149,45970.195999999996,1,0,1,5487.0,1262.0,6749.0
Rheinland-Pfalz,2023-11,159,3788,8025.79,35487.482,3947,43513.272000000004,1,0,1,5487.0,1262.0,6749.0
Rheinland-Pfalz,2023-12,120,2754,8201.259,27469.397,2874,35670.656,1,0,1,5487.0,1262.0,6749.0
Rheinland-Pfalz,2024-01,217,3422,17621.339,35882.8,3639,53504.139,1,0,1,3987.0,988.0,4975.0
Rheinland-Pfalz,2024-02,133,2898,9820.880000000001,26684.28,3031,36505.16,1,0,1,3987.0,988.0,4975.0
Rheinland-Pfalz,2024-03,142,3246,13677.130000000001,30428.623,3388,44105.753,1,0,1,3987.0,988.0,4975.0
Rheinland-Pfalz,2024-04,149,3554,11592.574,33245.775,3703,44838.349,1,0,1,3987.0,988.0,4975.0
Rheinland-Pfalz,2024-05,145,3131,10870.705,31494.240999999998,3276,42364.945999999996,1,0,1,3987.0,988.0,4975.0
Rheinland-Pfalz,2024-06,161,3249,10586.36,31680.288,3410,42266.648,1,0,1,3987.0,988.0,4975.0
Rheinland-Pfalz,2024-07,213,3713,16163.503999999999,38673.727,3926,54837.231,1,0,1,3987.0,988.0,4975.0
Rheinland-Pfalz,2024-08,112,2771,11186.005,26565.014,2883,37751.019,1,0,1,3987.0,988.0,4975.0
Rheinland-Pfalz,2024-09,161,2849,8335.137,29146.568,3010,37481.705,1,0,1,3987.0,988.0,4975.0
Rheinland-Pfalz,2024-10,152,2848,6581.585,29358.89,3000,35940.475,1,0,1,3987.0,988.0,4975.0
Rheinland-Pfalz,2024-11,169,2738,11297.05,28982.07,2907,40279.119999999995,1,0,1,3987.0,988.0,4975.0
Rheinland-Pfalz,2024-12,161,2222,13763.175,25361.661,2383,39124.835999999996,1,0,1,3987.0,988.0,4975.0
Rheinland-Pfalz,2025-01,191,2509,13037.991,30042.287,2700,43080.278,1,0,1,2822.0,1021.0,3843.0
Rheinland-Pfalz,2025-02,128,2085,12811.495,22397.986,2213,35209.481,1,0,1,2822.0,1021.0,3843.0
Rheinland-Pfalz,2025-03,108,2042,6335.6900000000005,20449.243,2150,26784.932999999997,1,0,1,2822.0,1021.0,3843.0
Rheinland-Pfalz,2025-04,117,2128,8347.695,22032.6,2245,30380.295,1,0,1,2822.0,1021.0,3843.0
Rheinland-Pfalz,2025-05,119,2338,12123.962,23789.416,2457,35913.378,1,0,1,2822.0,1021.0,3843.0
Rheinland-Pfalz,2025-06,102,2150,11214.81,22686.218,2252,33901.028,1,0,1,2822.0,1021.0,3843.0
Rheinland-Pfalz,2025-07,133,2508,12192.19,26843.414,2641,39035.604,1,0,1,2822.0,1021.0,3843.0
Rheinland-Pfalz,2025-08,111,1935,7500.145,19781.774,2046,27281.919,1,0,1,2822.0,1021.0,3843.0
Rheinland-Pfalz,2025-09,119,2111,13318.88,24041.403,2230,37360.282999999996,1,0,1,2822.0,1021.0,3843.0
Rheinland-Pfalz,2025-10,134,2089,10015.2,22359.607,2223,32374.807,1,0,1,2822.0,1021.0,3843.0
Rheinland-Pfalz,2025-11,146,1907,5097.105,20675.156,2053,25772.261,1,0,1,2822.0,1021.0,3843.0
Rheinland-Pfalz,2025-12,123,1515,7651.535,17198.985,1638,24850.52,1,0,1,2822.0,1021.0,3843.0
Saarland,2015-01,9,30,473.569,212.09,39,685.659,0,0,0,779.0,264.0,1043.0
Saarland,2015-02,4,18,337.5,120.804,22,458.304,0,0,0,779.0,264.0,1043.0
Saarland,2015-03,8,37,214.845,316.48,45,531.325,0,0,0,779.0,264.0,1043.0
Saarland,2015-04,4,40,106.305,281.155,44,387.46,0,0,0,779.0,264.0,1043.0
Saarland,2015-05,4,46,153.2,381.015,50,534.2149999999999,0,0,0,779.0,264.0,1043.0
Saarland,2015-06,4,47,294.58000000000004,356.66700000000003,51,651.2470000000001,0,0,0,779.0,264.0,1043.0
Saarland,2015-07,7,45,114.3,311.251,52,425.551,0,0,0,779.0,264.0,1043.0
Saarland,2015-08,4,46,243.38,344.77,50,588.15,0,0,0,779.0,264.0,1043.0
Saarland,2015-09,4,37,39.808,297.923,41,337.731,0,0,0,779.0,264.0,1043.0
Saarland,2015-10,4,43,29.77,280.478,47,310.248,0,0,0,779.0,264.0,1043.0
Saarland,2015-11,4,38,323.95,742.036,42,1065.9859999999999,0,0,0,779.0,264.0,1043.0
Saarland,2015-12,10,30,1001.5,241.38500000000002,40,1242.885,0,0,0,779.0,264.0,1043.0
Saarland,2016-01,1,26,9.0,206.685,27,215.685,0,0,0,864.0,321.0,1185.0
Saarland,2016-02,3,33,797.05,220.805,36,1017.855,0,0,0,864.0,321.0,1185.0
Saarland,2016-03,5,37,158.0,237.42,42,395.41999999999996,0,0,0,864.0,321.0,1185.0
Saarland,2016-04,6,31,266.08,227.489,37,493.56899999999996,0,0,0,864.0,321.0,1185.0
Saarland,2016-05,7,45,110.14,289.882,52,400.022,0,0,0,864.0,321.0,1185.0
Saarland,2016-06,7,39,302.37,308.29,46,610.6600000000001,0,0,0,864.0,321.0,1185.0
Saarland,2016-07,7,41,331.695,247.782,48,579.477,0,0,0,864.0,321.0,1185.0
Saarland,2016-08,8,42,384.73,285.705,50,670.435,0,0,0,864.0,321.0,1185.0
Saarland,2016-09,17,60,219.325,381.219,77,600.544,0,0,0,864.0,321.0,1185.0
Saarland,2016-10,5,39,1571.645,279.21999999999997,44,1850.865,0,0,0,864.0,321.0,1185.0
Saarland,2016-11,4,56,91.18,453.539,60,544.719,0,0,0,864.0,321.0,1185.0
Saarland,2016-12,4,33,1470.0,249.29500000000002,37,1719.295,0,0,0,864.0,321.0,1185.0
Saarland,2017-01,1,24,8.0,232.87,25,240.87,0,0,0,862.0,384.0,1246.0
Saarland,2017-02,14,43,386.58000000000004,300.03499999999997,57,686.615,0,0,0,862.0,384.0,1246.0
Saarland,2017-03,6,51,241.10199999999998,384.634,57,625.736,0,0,0,862.0,384.0,1246.0
Saarland,2017-04,5,48,71.88,380.36,53,452.24,0,0,0,862.0,384.0,1246.0
Saarland,2017-05,3,75,108.81,722.01,78,830.8199999999999,0,0,0,862.0,384.0,1246.0
Saarland,2017-06,4,63,31.325,919.74,67,951.065,0,0,0,862.0,384.0,1246.0
Saarland,2017-07,7,62,218.585,443.78499999999997,69,662.37,0,0,0,862.0,384.0,1246.0
Saarland,2017-08,7,57,442.675,367.013,64,809.688,0,0,0,862.0,384.0,1246.0
Saarland,2017-09,2,50,14.0,360.85,52,374.85,0,0,0,862.0,384.0,1246.0
Saarland,2017-10,9,52,255.341,330.79,61,586.1310000000001,0,0,0,862.0,384.0,1246.0
Saarland,2017-11,7,39,231.39999999999998,285.69,46,517.0899999999999,0,0,0,862.0,384.0,1246.0
Saarland,2017-12,9,23,727.0,185.633,32,912.633,0,0,0,862.0,384.0,1246.0
Saarland,2018-01,6,40,260.655,366.427,46,627.082,0,0,0,792.0,310.0,1102.0
Saarland,2018-02,7,36,345.775,225.256,43,571.031,0,0,0,792.0,310.0,1102.0
Saarland,2018-03,6,47,121.85000000000001,480.86,53,602.71,0,0,0,792.0,310.0,1102.0
Saarland,2018-04,13,63,981.9799999999999,517.498,76,1499.478,0,0,0,792.0,310.0,1102.0
Saarland,2018-05,13,42,397.81,330.96,55,728.77,0,0,0,792.0,310.0,1102.0
Saarland,2018-06,5,48,423.46,381.685,53,805.145,0,0,0,792.0,310.0,1102.0
Saarland,2018-07,5,64,158.96,606.52,69,765.48,0,0,0,792.0,310.0,1102.0
Saarland,2018-08,6,77,662.4,583.057,83,1245.4569999999999,0,0,0,792.0,310.0,1102.0
Saarland,2018-09,4,67,146.28,509.44,71,655.72,0,0,0,792.0,310.0,1102.0
Saarland,2018-10,8,63,193.66,449.956,71,643.616,0,0,0,792.0,310.0,1102.0
Saarland,2018-11,5,63,99.8,475.98400000000004,68,575.784,0,0,0,792.0,310.0,1102.0
Saarland,2018-12,14,22,974.0,195.67,36,1169.67,0,0,0,792.0,310.0,1102.0
Saarland,2019-01,17,66,1877.847,1022.26,83,2900.107,0,0,0,937.0,420.0,1357.0
Saarland,2019-02,4,50,655.0,861.59,54,1516.5900000000001,0,0,0,937.0,420.0,1357.0
Saarland,2019-03,7,64,631.92,650.428,71,1282.348,0,0,0,937.0,420.0,1357.0
Saarland,2019-04,4,76,116.0,1321.29,80,1437.29,0,0,0,937.0,420.0,1357.0
Saarland,2019-05,4,78,100.0,703.095,82,803.095,0,0,0,937.0,420.0,1357.0
Saarland,2019-06,7,59,247.68,459.375,66,707.0550000000001,0,0,0,937.0,420.0,1357.0
Saarland,2019-07,18,75,860.6899999999999,570.532,93,1431.222,0,0,0,937.0,420.0,1357.0
Saarland,2019-08,12,89,1009.8860000000001,850.005,101,1859.891,0,0,0,937.0,420.0,1357.0
Saarland,2019-09,7,75,859.6199999999999,575.242,82,1434.8619999999999,0,0,0,937.0,420.0,1357.0
Saarland,2019-10,12,100,395.42,820.519,112,1215.939,0,0,0,937.0,420.0,1357.0
Saarland,2019-11,7,70,399.966,597.37,77,997.336,0,0,0,937.0,420.0,1357.0
Saarland,2019-12,14,44,819.86,364.255,58,1184.115,0,0,0,937.0,420.0,1357.0
Saarland,2020-01,16,121,536.424,1339.5620000000001,137,1875.986,0,0,0,879.0,311.0,1190.0
Saarland,2020-02,8,71,898.98,651.47,79,1550.45,0,0,0,879.0,311.0,1190.0
Saarland,2020-03,12,97,517.225,817.272,109,1334.497,0,0,0,879.0,311.0,1190.0
Saarland,2020-04,17,93,774.863,775.975,110,1550.8380000000002,0,0,0,879.0,311.0,1190.0
Saarland,2020-05,12,124,558.995,1123.765,136,1682.7600000000002,0,0,0,879.0,311.0,1190.0
Saarland,2020-06,10,113,592.53,1010.9879999999999,123,1603.518,0,0,0,879.0,311.0,1190.0
Saarland,2020-07,14,151,422.705,1381.233,165,1803.9379999999999,0,0,0,879.0,311.0,1190.0
Saarland,2020-08,14,122,1248.68,1113.1599999999999,136,2361.84,0,0,0,879.0,311.0,1190.0
Saarland,2020-09,16,129,1523.18,1184.428,145,2707.608,0,0,0,879.0,311.0,1190.0
Saarland,2020-10,7,103,406.455,826.025,110,1232.48,0,0,0,879.0,311.0,1190.0
Saarland,2020-11,12,107,699.45,883.21,119,1582.66,0,0,0,879.0,311.0,1190.0
Saarland,2020-12,12,77,1631.27,717.455,89,2348.725,0,0,0,879.0,311.0,1190.0
Saarland,2021-01,19,104,384.995,892.884,123,1277.879,0,0,0,836.0,301.0,1137.0
Saarland,2021-02,6,106,671.8299999999999,1025.62,112,1697.4499999999998,0,0,0,836.0,301.0,1137.0
Saarland,2021-03,14,195,2228.82,2172.604,209,4401.424,0,0,0,836.0,301.0,1137.0
Saarland,2021-04,14,139,895.1099999999999,1447.405,153,2342.515,0,0,0,836.0,301.0,1137.0
Saarland,2021-05,18,149,1156.84,1378.942,167,2535.782,0,0,0,836.0,301.0,1137.0
Saarland,2021-06,18,180,603.865,1542.635,198,2146.5,0,0,0,836.0,301.0,1137.0
Saarland,2021-07,11,201,816.75,1898.009,212,2714.759,0,0,0,836.0,301.0,1137.0
Saarland,2021-08,11,167,388.42,1602.2,178,1990.6200000000001,0,0,0,836.0,301.0,1137.0
Saarland,2021-09,15,198,621.41,1648.825,213,2270.235,0,0,0,836.0,301.0,1137.0
Saarland,2021-10,14,184,1416.1499999999999,1480.85,198,2897.0,0,0,0,836.0,301.0,1137.0
Saarland,2021-11,6,146,566.95,1307.153,152,1874.103,0,0,0,836.0,301.0,1137.0
Saarland,2021-12,7,80,154.075,639.522,87,793.597,0,0,0,836.0,301.0,1137.0
Saarland,2022-01,26,225,1835.89,1986.551,251,3822.441,0,0,0,890.0,337.0,1227.0
Saarland,2022-02,12,188,467.095,1576.48,200,2043.575,0,0,0,890.0,337.0,1227.0
Saarland,2022-03,10,253,668.45,2225.928,263,2894.3779999999997,0,0,0,890.0,337.0,1227.0
Saarland,2022-04,13,239,1027.74,2031.078,252,3058.818,0,0,0,890.0,337.0,1227.0
Saarland,2022-05,15,289,866.17,2601.173,304,3467.343,0,0,0,890.0,337.0,1227.0
Saarland,2022-06,15,266,408.115,2441.159,281,2849.2740000000003,0,0,0,890.0,337.0,1227.0
Saarland,2022-07,17,225,1077.5330000000001,1789.976,242,2867.509,0,0,0,890.0,337.0,1227.0
Saarland,2022-08,27,418,1766.5,3572.876,445,5339.376,0,0,0,890.0,337.0,1227.0
Saarland,2022-09,16,351,780.24,3113.433,367,3893.673,0,0,0,890.0,337.0,1227.0
Saarland,2022-10,24,252,2428.96,2070.255,276,4499.215,0,0,0,890.0,337.0,1227.0
Saarland,2022-11,18,228,998.0699999999999,1861.031,246,2859.1009999999997,0,0,0,890.0,337.0,1227.0
Saarland,2022-12,4,102,209.0,875.765,106,1084.7649999999999,0,0,0,890.0,337.0,1227.0
Saarland,2023-01,23,699,943.25,6471.453,722,7414.703,0,0,0,783.0,318.0,1101.0
Saarland,2023-02,13,565,306.32,4862.85,578,5169.17,0,0,0,783.0,318.0,1101.0
Saarland,2023-03,30,723,1291.924,6339.375,753,7631.299,0,0,0,783.0,318.0,1101.0
Saarland,2023-04,18,618,1058.775,5507.686,636,6566.460999999999,0,0,0,783.0,318.0,1101.0
Saarland,2023-05,21,714,1080.33,6360.292,735,7440.622,0,0,0,783.0,318.0,1101.0
Saarland,2023-06,28,883,1477.64,7939.449,911,9417.089,0,0,0,783.0,318.0,1101.0
Saarland,2023-07,22,916,1346.68,8198.726,938,9545.406,0,0,0,783.0,318.0,1101.0
Saarland,2023-08,32,721,2036.96,6332.925,753,8369.885,0,0,0,783.0,318.0,1101.0
Saarland,2023-09,23,729,1792.46,6613.342,752,8405.802,0,0,0,783.0,318.0,1101.0
Saarland,2023-10,33,760,1511.59,6904.159,793,8415.749,0,0,0,783.0,318.0,1101.0
Saarland,2023-11,14,666,1517.79,6204.078,680,7721.868,0,0,0,783.0,318.0,1101.0
Saarland,2023-12,16,479,618.21,6209.844,495,6828.054,0,0,0,783.0,318.0,1101.0
Saarland,2024-01,32,637,3402.54,6402.914,669,9805.454,0,0,0,516.0,230.0,746.0
Saarland,2024-02,22,585,1331.365,5220.4,607,6551.764999999999,0,0,0,516.0,230.0,746.0
Saarland,2024-03,19,622,655.76,5703.933,641,6359.693,0,0,0,516.0,230.0,746.0
Saarland,2024-04,24,684,1552.11,7525.7880000000005,708,9077.898000000001,0,0,0,516.0,230.0,746.0
Saarland,2024-05,21,555,1124.8,5061.192,576,6185.992,0,0,0,516.0,230.0,746.0
Saarland,2024-06,18,625,803.78,5967.895,643,6771.675,0,0,0,516.0,230.0,746.0
Saarland,2024-07,28,660,1631.3799999999999,6157.053,688,7788.433,0,0,0,516.0,230.0,746.0
Saarland,2024-08,29,502,1971.3,4682.92,531,6654.22,0,0,0,516.0,230.0,746.0
Saarland,2024-09,20,522,472.64,5032.692,542,5505.332,0,0,0,516.0,230.0,746.0
Saarland,2024-10,19,489,984.78,4815.635,508,5800.415,0,0,0,516.0,230.0,746.0
Saarland,2024-11,18,458,984.18,4490.65,476,5474.83,0,0,0,516.0,230.0,746.0
Saarland,2024-12,32,327,1204.215,3204.85,359,4409.065,0,0,0,516.0,230.0,746.0
Saarland,2025-01,29,414,2900.835,4219.94,443,7120.775,0,0,0,297.0,188.0,485.0
Saarland,2025-02,19,354,562.04,3455.585,373,4017.625,0,0,0,297.0,188.0,485.0
Saarland,2025-03,23,375,961.08,3715.255,398,4676.335,0,0,0,297.0,188.0,485.0
Saarland,2025-04,19,462,728.53,4297.253,481,5025.782999999999,0,0,0,297.0,188.0,485.0
Saarland,2025-05,26,492,933.47,4904.905,518,5838.375,0,0,0,297.0,188.0,485.0
Saarland,2025-06,18,417,862.792,3992.058,435,4854.85,0,0,0,297.0,188.0,485.0
Saarland,2025-07,27,476,1464.6,4689.888,503,6154.487999999999,0,0,0,297.0,188.0,485.0
Saarland,2025-08,12,390,610.535,4022.628,402,4633.1630000000005,0,0,0,297.0,188.0,485.0
Saarland,2025-09,27,451,1753.44,4549.198,478,6302.638000000001,0,0,0,297.0,188.0,485.0
Saarland,2025-10,20,476,820.75,4735.585,496,5556.335,0,0,0,297.0,188.0,485.0
Saarland,2025-11,18,417,1100.41,4242.971,435,5343.380999999999,0,0,0,297.0,188.0,485.0
Saarland,2025-12,16,279,1056.03,2772.816,295,3828.8459999999995,0,0,0,297.0,188.0,485.0
Sachsen,2015-01,22,84,875.769,683.855,106,1559.624,0,0,0,3287.0,1080.0,4367.0
Sachsen,2015-02,10,62,802.755,380.6,72,1183.355,0,0,0,3287.0,1080.0,4367.0
Sachsen,2015-03,14,101,796.13,626.966,115,1423.096,0,0,0,3287.0,1080.0,4367.0
Sachsen,2015-04,31,120,1261.695,608.051,151,1869.746,0,0,0,3287.0,1080.0,4367.0
Sachsen,2015-05,15,133,1025.685,746.612,148,1772.297,0,0,0,3287.0,1080.0,4367.0
Sachsen,2015-06,18,159,776.95,1113.077,177,1890.027,0,0,0,3287.0,1080.0,4367.0
Sachsen,2015-07,15,151,361.5,926.3190000000001,166,1287.819,0,0,0,3287.0,1080.0,4367.0
Sachsen,2015-08,38,129,3001.945,816.485,167,3818.4300000000003,0,0,0,3287.0,1080.0,4367.0
Sachsen,2015-09,18,158,564.34,947.472,176,1511.812,0,0,0,3287.0,1080.0,4367.0
Sachsen,2015-10,21,146,951.52,792.204,167,1743.724,0,0,0,3287.0,1080.0,4367.0
Sachsen,2015-11,15,132,1446.105,670.155,147,2116.26,0,0,0,3287.0,1080.0,4367.0
Sachsen,2015-12,26,99,2770.002,587.331,125,3357.333,0,0,0,3287.0,1080.0,4367.0
Sachsen,2016-01,11,71,1142.28,518.918,82,1661.1979999999999,0,0,0,4301.0,1186.0,5487.0
Sachsen,2016-02,17,64,322.025,403.025,81,725.05,0,0,0,4301.0,1186.0,5487.0
Sachsen,2016-03,13,75,457.95500000000004,446.014,88,903.969,0,0,0,4301.0,1186.0,5487.0
Sachsen,2016-04,23,108,5014.3,576.933,131,5591.233,0,0,0,4301.0,1186.0,5487.0
Sachsen,2016-05,28,132,889.815,797.991,160,1687.806,0,0,0,4301.0,1186.0,5487.0
Sachsen,2016-06,30,157,2737.1,935.049,187,3672.149,0,0,0,4301.0,1186.0,5487.0
Sachsen,2016-07,25,139,653.105,838.52,164,1491.625,0,0,0,4301.0,1186.0,5487.0
Sachsen,2016-08,24,150,1556.682,923.46,174,2480.142,0,0,0,4301.0,1186.0,5487.0
Sachsen,2016-09,25,151,1891.15,1278.808,176,3169.958,0,0,0,4301.0,1186.0,5487.0
Sachsen,2016-10,19,128,377.1,755.588,147,1132.688,0,0,0,4301.0,1186.0,5487.0
Sachsen,2016-11,23,163,1877.81,938.25,186,2816.06,0,0,0,4301.0,1186.0,5487.0
Sachsen,2016-12,32,128,14852.57,1767.765,160,16620.335,0,0,0,4301.0,1186.0,5487.0
Sachsen,2017-01,12,77,783.03,416.115,89,1199.145,0,0,0,3591.0,1063.0,4654.0
Sachsen,2017-02,24,73,5054.7,451.805,97,5506.505,0,0,0,3591.0,1063.0,4654.0
Sachsen,2017-03,18,140,1217.38,1031.823,158,2249.2030000000004,0,0,0,3591.0,1063.0,4654.0
Sachsen,2017-04,17,137,2435.18,1233.415,154,3668.595,0,0,0,3591.0,1063.0,4654.0
Sachsen,2017-05,33,184,3527.855,1108.743,217,4636.598,0,0,0,3591.0,1063.0,4654.0
Sachsen,2017-06,49,224,5624.155,2153.419,273,7777.574,0,0,0,3591.0,1063.0,4654.0
Sachsen,2017-07,25,162,1554.975,989.235,187,2544.21,0,0,0,3591.0,1063.0,4654.0
Sachsen,2017-08,40,208,2067.5009999999997,1386.056,248,3453.557,0,0,0,3591.0,1063.0,4654.0
Sachsen,2017-09,35,182,1704.8000000000002,1187.925,217,2892.7250000000004,0,0,0,3591.0,1063.0,4654.0
Sachsen,2017-10,42,178,5475.44,1007.644,220,6483.084,0,0,0,3591.0,1063.0,4654.0
Sachsen,2017-11,23,176,818.9449999999999,1718.095,199,2537.04,0,0,0,3591.0,1063.0,4654.0
Sachsen,2017-12,21,136,2248.59,1349.405,157,3597.995,0,0,0,3591.0,1063.0,4654.0
Sachsen,2018-01,59,175,12655.352,2974.39,234,15629.742,0,0,0,3642.0,1094.0,4736.0
Sachsen,2018-02,22,139,1087.547,921.96,161,2009.507,0,0,0,3642.0,1094.0,4736.0
Sachsen,2018-03,43,146,4509.1849999999995,1283.43,189,5792.615,0,0,0,3642.0,1094.0,4736.0
Sachsen,2018-04,31,183,4074.9900000000002,1349.576,214,5424.566000000001,0,0,0,3642.0,1094.0,4736.0
Sachsen,2018-05,31,185,4786.79,1799.335,216,6586.125,0,0,0,3642.0,1094.0,4736.0
Sachsen,2018-06,47,201,6969.975,2983.7490000000003,248,9953.724,0,0,0,3642.0,1094.0,4736.0
Sachsen,2018-07,58,205,11894.105,1965.715,263,13859.82,0,0,0,3642.0,1094.0,4736.0
Sachsen,2018-08,45,258,8352.82,2559.775,303,10912.595,0,0,0,3642.0,1094.0,4736.0
Sachsen,2018-09,37,195,4486.345,1324.24,232,5810.585,0,0,0,3642.0,1094.0,4736.0
Sachsen,2018-10,48,223,5703.295,1966.788,271,7670.0830000000005,0,0,0,3642.0,1094.0,4736.0
Sachsen,2018-11,36,212,3624.465,2152.241,248,5776.706,0,0,0,3642.0,1094.0,4736.0
Sachsen,2018-12,45,152,7543.455,2326.936,197,9870.391,0,0,0,3642.0,1094.0,4736.0
Sachsen,2019-01,142,211,37146.306,6903.777,353,44050.083,0,0,0,3907.0,1305.0,5212.0
Sachsen,2019-02,65,166,14153.705,2862.458,231,17016.163,0,0,0,3907.0,1305.0,5212.0
Sachsen,2019-03,50,219,10529.945,5055.78,269,15585.724999999999,0,0,0,3907.0,1305.0,5212.0
Sachsen,2019-04,48,256,4433.095,2313.493,304,6746.588,0,0,0,3907.0,1305.0,5212.0
Sachsen,2019-05,46,317,4847.648,2492.936,363,7340.584000000001,0,0,0,3907.0,1305.0,5212.0
Sachsen,2019-06,58,279,8566.175,2667.232,337,11233.407,0,0,0,3907.0,1305.0,5212.0
Sachsen,2019-07,65,281,9484.655,3098.189,346,12582.844000000001,0,0,0,3907.0,1305.0,5212.0
Sachsen,2019-08,84,294,7994.884,3077.732,378,11072.616,0,0,0,3907.0,1305.0,5212.0
Sachsen,2019-09,73,334,8858.918,3299.462,407,12158.38,0,0,0,3907.0,1305.0,5212.0
Sachsen,2019-10,69,335,9184.856,3281.712,404,12466.568,0,0,0,3907.0,1305.0,5212.0
Sachsen,2019-11,47,302,3890.775,2166.036,349,6056.811,0,0,0,3907.0,1305.0,5212.0
Sachsen,2019-12,35,213,3177.04,1583.0,248,4760.04,0,0,0,3907.0,1305.0,5212.0
Sachsen,2020-01,114,401,14838.28,5675.74,515,20514.02,0,0,0,4001.0,1233.0,5234.0
Sachsen,2020-02,67,315,12200.818,3394.28,382,15595.098,0,0,0,4001.0,1233.0,5234.0
Sachsen,2020-03,83,424,13239.725,5216.273,507,18455.998,0,0,0,4001.0,1233.0,5234.0
Sachsen,2020-04,70,452,6303.045,3474.6349999999998,522,9777.68,0,0,0,4001.0,1233.0,5234.0
Sachsen,2020-05,76,510,7629.455,3915.858,586,11545.313,0,0,0,4001.0,1233.0,5234.0
Sachsen,2020-06,92,596,8936.86,5243.841,688,14180.701000000001,0,0,0,4001.0,1233.0,5234.0
Sachsen,2020-07,82,647,9277.045,5429.03,729,14706.075,0,0,0,4001.0,1233.0,5234.0
Sachsen,2020-08,55,521,7837.425,5763.229,576,13600.654,0,0,0,4001.0,1233.0,5234.0
Sachsen,2020-09,89,536,7892.642,4119.878,625,12012.52,0,0,0,4001.0,1233.0,5234.0
Sachsen,2020-10,76,556,11472.255,4620.927,632,16093.181999999999,0,0,0,4001.0,1233.0,5234.0
Sachsen,2020-11,64,564,8644.85,4892.624,628,13537.474,0,0,0,4001.0,1233.0,5234.0
Sachsen,2020-12,68,438,8006.91,3575.307,506,11582.217,0,0,0,4001.0,1233.0,5234.0
Sachsen,2021-01,64,382,8740.13,4581.361,446,13321.490999999998,0,0,0,3401.0,1093.0,4494.0
Sachsen,2021-02,44,315,6352.2,3201.765,359,9553.965,0,0,0,3401.0,1093.0,4494.0
Sachsen,2021-03,98,489,22392.676,5581.61,587,27974.286,0,0,0,3401.0,1093.0,4494.0
Sachsen,2021-04,61,505,2681.55,3670.462,566,6352.012000000001,0,0,0,3401.0,1093.0,4494.0
Sachsen,2021-05,63,532,2820.5769999999998,4166.43,595,6987.007,0,0,0,3401.0,1093.0,4494.0
Sachsen,2021-06,67,709,2846.153,5952.101,776,8798.253999999999,0,0,0,3401.0,1093.0,4494.0
Sachsen,2021-07,57,713,2536.97,5580.47,770,8117.4400000000005,0,0,0,3401.0,1093.0,4494.0
Sachsen,2021-08,57,677,3930.4700000000003,5692.608,734,9623.078000000001,0,0,0,3401.0,1093.0,4494.0
Sachsen,2021-09,71,663,3814.27,5691.106,734,9505.376,0,0,0,3401.0,1093.0,4494.0
Sachsen,2021-10,62,719,2333.285,5196.763,781,7530.048,0,0,0,3401.0,1093.0,4494.0
Sachsen,2021-11,47,705,3714.17,5326.87,752,9041.04,0,0,0,3401.0,1093.0,4494.0
Sachsen,2021-12,39,568,2177.805,4279.38,607,6457.1849999999995,0,0,0,3401.0,1093.0,4494.0
Sachsen,2022-01,75,577,3120.245,4476.764,652,7597.009,0,0,0,3678.0,1062.0,4740.0
Sachsen,2022-02,56,588,2275.577,4164.58,644,6440.157,0,0,0,3678.0,1062.0,4740.0
Sachsen,2022-03,77,833,3766.414,6319.62,910,10086.034,0,0,0,3678.0,1062.0,4740.0
Sachsen,2022-04,61,857,2654.585,6121.486,918,8776.071,0,0,0,3678.0,1062.0,4740.0
Sachsen,2022-05,75,1061,4749.75,7620.464,1136,12370.214,0,0,0,3678.0,1062.0,4740.0
Sachsen,2022-06,78,1074,8822.07,7660.359,1152,16482.429,0,0,0,3678.0,1062.0,4740.0
Sachsen,2022-07,69,916,9410.715,7027.884,985,16438.599000000002,0,0,0,3678.0,1062.0,4740.0
Sachsen,2022-08,108,1381,12448.039999999999,10292.77,1489,22740.809999999998,0,0,0,3678.0,1062.0,4740.0
Sachsen,2022-09,87,1314,5627.38,9746.485,1401,15373.865000000002,0,0,0,3678.0,1062.0,4740.0
Sachsen,2022-10,58,1061,3603.075,7569.084,1119,11172.159,0,0,0,3678.0,1062.0,4740.0
Sachsen,2022-11,73,1066,4164.356,7206.799,1139,11371.154999999999,0,0,0,3678.0,1062.0,4740.0
Sachsen,2022-12,64,622,3456.295,4317.717,686,7774.012,0,0,0,3678.0,1062.0,4740.0
Sachsen,2023-01,116,1892,7993.343,14552.113,2008,22545.456,0,0,0,3443.0,1009.0,4452.0
Sachsen,2023-02,83,1574,3783.52,12108.491,1657,15892.011,0,0,0,3443.0,1009.0,4452.0
Sachsen,2023-03,124,2283,6154.622,18198.7,2407,24353.322,0,0,0,3443.0,1009.0,4452.0
Sachsen,2023-04,130,2088,7864.95,16310.245,2218,24175.195,0,0,0,3443.0,1009.0,4452.0
Sachsen,2023-05,150,2596,12511.23,20778.794,2746,33290.024000000005,0,0,0,3443.0,1009.0,4452.0
Sachsen,2023-06,158,2924,11648.66,23089.721,3082,34738.381,0,0,0,3443.0,1009.0,4452.0
Sachsen,2023-07,154,2633,12050.225,20528.262,2787,32578.487,0,0,0,3443.0,1009.0,4452.0
Sachsen,2023-08,154,2760,10105.831,20884.994,2914,30990.824999999997,0,0,0,3443.0,1009.0,4452.0
Sachsen,2023-09,139,2682,18999.969,20731.492,2821,39731.460999999996,0,0,0,3443.0,1009.0,4452.0
Sachsen,2023-10,138,2439,6782.06,18996.357,2577,25778.417,0,0,0,3443.0,1009.0,4452.0
Sachsen,2023-11,137,2453,9854.9,19675.919,2590,29530.819000000003,0,0,0,3443.0,1009.0,4452.0
Sachsen,2023-12,131,1729,9969.197,16243.497,1860,26212.694,0,0,0,3443.0,1009.0,4452.0
Sachsen,2024-01,227,2102,26865.85,22555.578,2329,49421.428,0,0,0,2722.0,983.0,3705.0
Sachsen,2024-02,117,1413,6263.83,11095.352,1530,17359.182,0,0,0,2722.0,983.0,3705.0
Sachsen,2024-03,134,1858,8035.795,14644.319,1992,22680.114,0,0,0,2722.0,983.0,3705.0
Sachsen,2024-04,136,2088,7346.875,17506.075,2224,24852.95,0,0,0,2722.0,983.0,3705.0
Sachsen,2024-05,139,1965,10520.5,16695.296,2104,27215.796,0,0,0,2722.0,983.0,3705.0
Sachsen,2024-06,143,1847,12827.413,16100.069,1990,28927.482,0,0,0,2722.0,983.0,3705.0
Sachsen,2024-07,183,2000,15054.975,17109.171,2183,32164.146,0,0,0,2722.0,983.0,3705.0
Sachsen,2024-08,135,1763,11661.903,13969.088,1898,25630.991,0,0,0,2722.0,983.0,3705.0
Sachsen,2024-09,172,1571,6408.035,12844.698,1743,19252.733,0,0,0,2722.0,983.0,3705.0
Sachsen,2024-10,170,1515,9574.049,12667.049,1685,22241.098,0,0,0,2722.0,983.0,3705.0
Sachsen,2024-11,165,1448,8511.105,12525.7,1613,21036.805,0,0,0,2722.0,983.0,3705.0
Sachsen,2024-12,174,1574,21894.933,18326.814,1748,40221.747,0,0,0,2722.0,983.0,3705.0
Sachsen,2025-01,243,1213,24904.812,13867.682,1456,38772.494000000006,0,0,0,1899.0,826.0,2725.0
Sachsen,2025-02,168,1052,17851.09,8858.287,1220,26709.377,0,0,0,1899.0,826.0,2725.0
Sachsen,2025-03,130,975,5157.45,7736.074,1105,12893.524,0,0,0,1899.0,826.0,2725.0
Sachsen,2025-04,98,1154,6726.755,9544.106,1252,16270.861,0,0,0,1899.0,826.0,2725.0
Sachsen,2025-05,105,1141,16407.815,11396.518,1246,27804.333,0,0,0,1899.0,826.0,2725.0
Sachsen,2025-06,113,1130,7721.955,9703.203,1243,17425.158,0,0,0,1899.0,826.0,2725.0
Sachsen,2025-07,136,1183,16332.275,10698.235,1319,27030.510000000002,0,0,0,1899.0,826.0,2725.0
Sachsen,2025-08,130,1010,8675.315,8589.959,1140,17265.274,0,0,0,1899.0,826.0,2725.0
Sachsen,2025-09,102,1079,5379.29,9104.92,1181,14484.21,0,0,0,1899.0,826.0,2725.0
Sachsen,2025-10,104,1021,9019.567,8940.572,1125,17960.139,0,0,0,1899.0,826.0,2725.0
Sachsen,2025-11,97,990,7101.01,9698.5,1087,16799.510000000002,0,0,0,1899.0,826.0,2725.0
Sachsen,2025-12,110,966,5545.005,10582.558,1076,16127.563000000002,0,0,0,1899.0,826.0,2725.0
Sachsen-Anhalt,2015-01,20,98,1619.255,874.164,118,2493.419,0,0,0,1896.0,546.0,2442.0
Sachsen-Anhalt,2015-02,7,49,511.0,387.05,56,898.05,0,0,0,1896.0,546.0,2442.0
Sachsen-Anhalt,2015-03,18,74,2012.82,481.026,92,2493.846,0,0,0,1896.0,546.0,2442.0
Sachsen-Anhalt,2015-04,29,93,2193.545,660.706,122,2854.251,0,0,0,1896.0,546.0,2442.0
Sachsen-Anhalt,2015-05,14,82,1973.351,581.942,96,2555.293,0,0,0,1896.0,546.0,2442.0
Sachsen-Anhalt,2015-06,10,88,402.45,585.886,98,988.336,0,0,0,1896.0,546.0,2442.0
Sachsen-Anhalt,2015-07,15,96,326.5,1197.1109999999999,111,1523.6109999999999,0,0,0,1896.0,546.0,2442.0
Sachsen-Anhalt,2015-08,13,80,1362.9099999999999,709.883,93,2072.7929999999997,0,0,0,1896.0,546.0,2442.0
Sachsen-Anhalt,2015-09,13,116,853.3100000000001,1438.431,129,2291.741,0,0,0,1896.0,546.0,2442.0
Sachsen-Anhalt,2015-10,12,76,427.34000000000003,496.13,88,923.47,0,0,0,1896.0,546.0,2442.0
Sachsen-Anhalt,2015-11,5,72,1195.3899999999999,511.609,77,1706.9989999999998,0,0,0,1896.0,546.0,2442.0
Sachsen-Anhalt,2015-12,38,53,2747.42,1302.03,91,4049.45,0,0,0,1896.0,546.0,2442.0
Sachsen-Anhalt,2016-01,32,76,2006.24,1509.15,108,3515.3900000000003,0,0,0,2124.0,468.0,2592.0
Sachsen-Anhalt,2016-02,36,58,2095.68,436.185,94,2531.865,0,0,0,2124.0,468.0,2592.0
Sachsen-Anhalt,2016-03,16,92,1532.085,1430.1299999999999,108,2962.215,0,0,0,2124.0,468.0,2592.0
Sachsen-Anhalt,2016-04,13,85,388.245,1053.122,98,1441.3670000000002,0,0,0,2124.0,468.0,2592.0
Sachsen-Anhalt,2016-05,16,93,5839.73,2138.55,109,7978.28,0,0,0,2124.0,468.0,2592.0
Sachsen-Anhalt,2016-06,17,112,2385.42,1436.91,129,3822.33,0,0,0,2124.0,468.0,2592.0
Sachsen-Anhalt,2016-07,11,100,1763.22,1458.745,111,3221.965,0,0,0,2124.0,468.0,2592.0
Sachsen-Anhalt,2016-08,14,103,3565.4900000000002,663.42,117,4228.91,0,0,0,2124.0,468.0,2592.0
Sachsen-Anhalt,2016-09,13,103,1644.975,999.0980000000001,116,2644.073,0,0,0,2124.0,468.0,2592.0
Sachsen-Anhalt,2016-10,17,88,4777.21,622.977,105,5400.187,0,0,0,2124.0,468.0,2592.0
Sachsen-Anhalt,2016-11,12,74,315.415,697.9300000000001,86,1013.345,0,0,0,2124.0,468.0,2592.0
Sachsen-Anhalt,2016-12,34,52,24128.885000000002,1297.0049999999999,86,25425.890000000003,0,0,0,2124.0,468.0,2592.0
Sachsen-Anhalt,2017-01,18,63,3004.16,775.595,81,3779.755,0,0,0,2152.0,662.0,2814.0
Sachsen-Anhalt,2017-02,18,89,3604.42,1385.144,107,4989.564,0,0,0,2152.0,662.0,2814.0
Sachsen-Anhalt,2017-03,32,129,2795.1749999999997,1466.75,161,4261.924999999999,0,0,0,2152.0,662.0,2814.0
Sachsen-Anhalt,2017-04,26,115,3766.98,1307.4950000000001,141,5074.475,0,0,0,2152.0,662.0,2814.0
Sachsen-Anhalt,2017-05,29,129,4059.58,1818.192,158,5877.772,0,0,0,2152.0,662.0,2814.0
Sachsen-Anhalt,2017-06,28,143,5604.285,2403.235,171,8007.52,0,0,0,2152.0,662.0,2814.0
Sachsen-Anhalt,2017-07,17,130,3514.08,1641.285,147,5155.365,0,0,0,2152.0,662.0,2814.0
Sachsen-Anhalt,2017-08,20,137,3488.49,1078.308,157,4566.798,0,0,0,2152.0,662.0,2814.0
Sachsen-Anhalt,2017-09,14,113,1467.615,1233.065,127,2700.6800000000003,0,0,0,2152.0,662.0,2814.0
Sachsen-Anhalt,2017-10,27,101,3625.558,1123.24,128,4748.798,0,0,0,2152.0,662.0,2814.0
Sachsen-Anhalt,2017-11,17,90,1513.635,626.08,107,2139.715,0,0,0,2152.0,662.0,2814.0
Sachsen-Anhalt,2017-12,19,67,2975.135,1380.679,86,4355.814,0,0,0,2152.0,662.0,2814.0
Sachsen-Anhalt,2018-01,60,148,14519.710000000001,3645.174,208,18164.884000000002,0,0,0,2250.0,463.0,2713.0
Sachsen-Anhalt,2018-02,23,72,5346.62,1160.67,95,6507.29,0,0,0,2250.0,463.0,2713.0
Sachsen-Anhalt,2018-03,21,92,4929.724999999999,831.979,113,5761.704,0,0,0,2250.0,463.0,2713.0
Sachsen-Anhalt,2018-04,46,128,12914.72,2397.064,174,15311.784,0,0,0,2250.0,463.0,2713.0
Sachsen-Anhalt,2018-05,24,121,4841.22,1252.95,145,6094.17,0,0,0,2250.0,463.0,2713.0
Sachsen-Anhalt,2018-06,42,120,8247.63,1719.671,162,9967.301,0,0,0,2250.0,463.0,2713.0
Sachsen-Anhalt,2018-07,58,147,15467.435,3772.245,205,19239.68,0,0,0,2250.0,463.0,2713.0
Sachsen-Anhalt,2018-08,44,153,12626.835,1887.445,197,14514.279999999999,0,0,0,2250.0,463.0,2713.0
Sachsen-Anhalt,2018-09,56,100,12708.825,1810.01,156,14518.835000000001,0,0,0,2250.0,463.0,2713.0
Sachsen-Anhalt,2018-10,39,117,9701.965,2399.188,156,12101.153,0,0,0,2250.0,463.0,2713.0
Sachsen-Anhalt,2018-11,46,99,9415.837,2068.1710000000003,145,11484.008,0,0,0,2250.0,463.0,2713.0
Sachsen-Anhalt,2018-12,37,71,10801.145,1819.68,108,12620.825,0,0,0,2250.0,463.0,2713.0
Sachsen-Anhalt,2019-01,170,202,44017.275,14191.635,372,58208.91,0,0,0,2235.0,454.0,2689.0
Sachsen-Anhalt,2019-02,86,140,21495.027000000002,6071.687,226,27566.714,0,0,0,2235.0,454.0,2689.0
Sachsen-Anhalt,2019-03,63,160,18839.415,5288.348,223,24127.763,0,0,0,2235.0,454.0,2689.0
Sachsen-Anhalt,2019-04,54,169,11521.32,3336.9700000000003,223,14858.29,0,0,0,2235.0,454.0,2689.0
Sachsen-Anhalt,2019-05,56,204,9758.05,4786.699,260,14544.749,0,0,0,2235.0,454.0,2689.0
Sachsen-Anhalt,2019-06,46,200,10337.525,2364.971,246,12702.496,0,0,0,2235.0,454.0,2689.0
Sachsen-Anhalt,2019-07,55,223,12567.785,2678.181,278,15245.966,0,0,0,2235.0,454.0,2689.0
Sachsen-Anhalt,2019-08,57,205,15009.572,3772.85,262,18782.422,0,0,0,2235.0,454.0,2689.0
Sachsen-Anhalt,2019-09,42,222,7316.045,3249.73,264,10565.775,0,0,0,2235.0,454.0,2689.0
Sachsen-Anhalt,2019-10,47,199,7664.99,4588.478,246,12253.468,0,0,0,2235.0,454.0,2689.0
Sachsen-Anhalt,2019-11,31,196,5976.6849999999995,2721.17,227,8697.855,0,0,0,2235.0,454.0,2689.0
Sachsen-Anhalt,2019-12,14,122,1567.8899999999999,1109.752,136,2677.642,0,0,0,2235.0,454.0,2689.0
Sachsen-Anhalt,2020-01,72,316,15971.565,7198.221,388,23169.786,0,0,0,2392.0,749.0,3141.0
Sachsen-Anhalt,2020-02,41,196,6491.175,3251.859,237,9743.034,0,0,0,2392.0,749.0,3141.0
Sachsen-Anhalt,2020-03,52,256,13774.945,4233.99,308,18008.934999999998,0,0,0,2392.0,749.0,3141.0
Sachsen-Anhalt,2020-04,50,327,9517.24,5110.26,377,14627.5,0,0,0,2392.0,749.0,3141.0
Sachsen-Anhalt,2020-05,51,359,9590.695,6278.25,410,15868.945,0,0,0,2392.0,749.0,3141.0
Sachsen-Anhalt,2020-06,62,381,11938.895,4046.051,443,15984.946,0,0,0,2392.0,749.0,3141.0
Sachsen-Anhalt,2020-07,75,371,6952.5650000000005,3831.5950000000003,446,10784.16,0,0,0,2392.0,749.0,3141.0
Sachsen-Anhalt,2020-08,61,357,10894.655,3074.065,418,13968.720000000001,0,0,0,2392.0,749.0,3141.0
Sachsen-Anhalt,2020-09,44,349,5121.79,5221.755,393,10343.545,0,0,0,2392.0,749.0,3141.0
Sachsen-Anhalt,2020-10,50,401,8220.795,5916.945,451,14137.74,0,0,0,2392.0,749.0,3141.0
Sachsen-Anhalt,2020-11,44,336,6145.39,4223.72,380,10369.11,0,0,0,2392.0,749.0,3141.0
Sachsen-Anhalt,2020-12,39,268,7050.75,4825.555,307,11876.305,0,0,0,2392.0,749.0,3141.0
Sachsen-Anhalt,2021-01,62,340,7691.365,4658.64,402,12350.005000000001,0,0,0,2133.0,444.0,2577.0
Sachsen-Anhalt,2021-02,37,237,5236.17,4559.4619999999995,274,9795.632,0,0,0,2133.0,444.0,2577.0
Sachsen-Anhalt,2021-03,60,413,14084.71,9492.33,473,23577.04,0,0,0,2133.0,444.0,2577.0
Sachsen-Anhalt,2021-04,36,400,1882.51,4421.809,436,6304.319,0,0,0,2133.0,444.0,2577.0
Sachsen-Anhalt,2021-05,43,365,2496.11,4203.54,408,6699.65,0,0,0,2133.0,444.0,2577.0
Sachsen-Anhalt,2021-06,46,431,2905.62,3884.564,477,6790.183999999999,0,0,0,2133.0,444.0,2577.0
Sachsen-Anhalt,2021-07,42,442,2481.305,4043.7599999999998,484,6525.065,0,0,0,2133.0,444.0,2577.0
Sachsen-Anhalt,2021-08,48,404,5127.34,3405.957,452,8533.297,0,0,0,2133.0,444.0,2577.0
Sachsen-Anhalt,2021-09,46,431,4134.635,3846.321,477,7980.956,0,0,0,2133.0,444.0,2577.0
Sachsen-Anhalt,2021-10,45,401,2323.9900000000002,3618.038,446,5942.028,0,0,0,2133.0,444.0,2577.0
Sachsen-Anhalt,2021-11,43,441,3083.9500000000003,3679.3,484,6763.25,0,0,0,2133.0,444.0,2577.0
Sachsen-Anhalt,2021-12,24,276,4238.42,2615.985,300,6854.405000000001,0,0,0,2133.0,444.0,2577.0
Sachsen-Anhalt,2022-01,46,441,3324.5499999999997,3788.825,487,7113.375,0,0,0,2487.0,432.0,2919.0
Sachsen-Anhalt,2022-02,34,407,8712.845000000001,3224.895,441,11937.740000000002,0,0,0,2487.0,432.0,2919.0
Sachsen-Anhalt,2022-03,52,585,8584.564,5591.211,637,14175.775000000001,0,0,0,2487.0,432.0,2919.0
Sachsen-Anhalt,2022-04,28,555,1231.8,4284.205,583,5516.005,0,0,0,2487.0,432.0,2919.0
Sachsen-Anhalt,2022-05,48,647,2904.875,5061.723,695,7966.598,0,0,0,2487.0,432.0,2919.0
Sachsen-Anhalt,2022-06,46,637,5131.91,4766.29,683,9898.2,0,0,0,2487.0,432.0,2919.0
Sachsen-Anhalt,2022-07,33,508,1775.98,3629.118,541,5405.098,0,0,0,2487.0,432.0,2919.0
Sachsen-Anhalt,2022-08,61,910,2272.095,7906.741,971,10178.836,0,0,0,2487.0,432.0,2919.0
Sachsen-Anhalt,2022-09,52,879,13363.235,7343.771,931,20707.006,0,0,0,2487.0,432.0,2919.0
Sachsen-Anhalt,2022-10,62,746,4281.755,5716.905,808,9998.66,0,0,0,2487.0,432.0,2919.0
Sachsen-Anhalt,2022-11,41,694,2103.13,5719.8769999999995,735,7823.007,0,0,0,2487.0,432.0,2919.0
Sachsen-Anhalt,2022-12,25,407,5350.44,3108.075,432,8458.515,0,0,0,2487.0,432.0,2919.0
Sachsen-Anhalt,2023-01,86,1603,11201.49,13945.113,1689,25146.603,0,0,0,2165.0,443.0,2608.0
Sachsen-Anhalt,2023-02,56,1254,4752.03,10962.387,1310,15714.417000000001,0,0,0,2165.0,443.0,2608.0
Sachsen-Anhalt,2023-03,83,1601,10572.11,12911.288,1684,23483.398,0,0,0,2165.0,443.0,2608.0
Sachsen-Anhalt,2023-04,74,1404,6128.835,12390.459,1478,18519.294,0,0,0,2165.0,443.0,2608.0
Sachsen-Anhalt,2023-05,101,1671,7186.39,13846.125,1772,21032.515,0,0,0,2165.0,443.0,2608.0
Sachsen-Anhalt,2023-06,119,2035,10231.955,16825.424,2154,27057.379,0,0,0,2165.0,443.0,2608.0
Sachsen-Anhalt,2023-07,89,1763,10247.565,15160.462,1852,25408.027000000002,0,0,0,2165.0,443.0,2608.0
Sachsen-Anhalt,2023-08,102,1685,17773.415,14439.27,1787,32212.685,0,0,0,2165.0,443.0,2608.0
Sachsen-Anhalt,2023-09,81,1666,5241.18,15140.049,1747,20381.229,0,0,0,2165.0,443.0,2608.0
Sachsen-Anhalt,2023-10,70,1366,7132.835,12382.421,1436,19515.256,0,0,0,2165.0,443.0,2608.0
Sachsen-Anhalt,2023-11,83,1686,3843.77,14809.722,1769,18653.492,0,0,0,2165.0,443.0,2608.0
Sachsen-Anhalt,2023-12,87,1030,17550.855,11409.369,1117,28960.224000000002,0,0,0,2165.0,443.0,2608.0
Sachsen-Anhalt,2024-01,124,1403,18506.075,19136.153,1527,37642.228,0,0,0,1368.0,421.0,1789.0
Sachsen-Anhalt,2024-02,60,1117,3289.455,9427.276,1177,12716.731,0,0,0,1368.0,421.0,1789.0
Sachsen-Anhalt,2024-03,66,1287,9196.4,10270.322,1353,19466.722,0,0,0,1368.0,421.0,1789.0
Sachsen-Anhalt,2024-04,81,1460,4459.069,12327.298,1541,16786.367000000002,0,0,0,1368.0,421.0,1789.0
Sachsen-Anhalt,2024-05,80,1401,7165.370000000001,13030.872,1481,20196.242,0,0,0,1368.0,421.0,1789.0
Sachsen-Anhalt,2024-06,73,1255,10106.855,12059.03,1328,22165.885000000002,0,0,0,1368.0,421.0,1789.0
Sachsen-Anhalt,2024-07,131,1319,16649.08,12701.272,1450,29350.352000000003,0,0,0,1368.0,421.0,1789.0
Sachsen-Anhalt,2024-08,114,1112,9133.655,10532.129,1226,19665.784,0,0,0,1368.0,421.0,1789.0
Sachsen-Anhalt,2024-09,95,959,7869.995,8979.051,1054,16849.046,0,0,0,1368.0,421.0,1789.0
Sachsen-Anhalt,2024-10,95,1036,13283.825,9325.121,1131,22608.946,0,0,0,1368.0,421.0,1789.0
Sachsen-Anhalt,2024-11,133,992,12017.375,10172.615,1125,22189.989999999998,0,0,0,1368.0,421.0,1789.0
Sachsen-Anhalt,2024-12,121,967,18117.6,11978.807,1088,30096.407,0,0,0,1368.0,421.0,1789.0
Sachsen-Anhalt,2025-01,196,913,21782.427,12293.803,1109,34076.229999999996,0,0,0,1019.0,415.0,1434.0
Sachsen-Anhalt,2025-02,66,770,6630.748,8437.045,836,15067.793,0,0,0,1019.0,415.0,1434.0
Sachsen-Anhalt,2025-03,77,677,9489.399,5692.474,754,15181.873,0,0,0,1019.0,415.0,1434.0
Sachsen-Anhalt,2025-04,75,776,13652.634,6577.138,851,20229.772,0,0,0,1019.0,415.0,1434.0
Sachsen-Anhalt,2025-05,74,825,10952.91,8945.58,899,19898.489999999998,0,0,0,1019.0,415.0,1434.0
Sachsen-Anhalt,2025-06,95,822,6485.24,7479.141,917,13964.381,0,0,0,1019.0,415.0,1434.0
Sachsen-Anhalt,2025-07,112,876,14403.89,8621.979,988,23025.869,0,0,0,1019.0,415.0,1434.0
Sachsen-Anhalt,2025-08,58,756,4508.54,6933.1449999999995,814,11441.685,0,0,0,1019.0,415.0,1434.0
Sachsen-Anhalt,2025-09,58,787,4353.6449999999995,8252.302,845,12605.947,0,0,0,1019.0,415.0,1434.0
Sachsen-Anhalt,2025-10,157,709,4955.165,6591.715,866,11546.880000000001,0,0,0,1019.0,415.0,1434.0
Sachsen-Anhalt,2025-11,59,649,5533.43,6345.525,708,11878.955,0,0,0,1019.0,415.0,1434.0
Sachsen-Anhalt,2025-12,245,551,36737.14,6029.974,796,42767.114,0,0,0,1019.0,415.0,1434.0
Schleswig-Holstein,2015-01,9,88,107.87,518.415,97,626.285,0,0,0,5413.0,1168.0,6581.0
Schleswig-Holstein,2015-02,12,60,260.545,369.8,72,630.345,0,0,0,5413.0,1168.0,6581.0
Schleswig-Holstein,2015-03,9,104,212.9,646.68,113,859.5799999999999,0,0,0,5413.0,1168.0,6581.0
Schleswig-Holstein,2015-04,17,103,620.78,577.445,120,1198.225,0,0,0,5413.0,1168.0,6581.0
Schleswig-Holstein,2015-05,12,88,340.485,634.29,100,974.775,0,0,0,5413.0,1168.0,6581.0
Schleswig-Holstein,2015-06,16,104,481.61,658.3,120,1139.9099999999999,0,0,0,5413.0,1168.0,6581.0
Schleswig-Holstein,2015-07,10,115,248.55,1014.547,125,1263.097,0,0,0,5413.0,1168.0,6581.0
Schleswig-Holstein,2015-08,8,113,162.82,823.181,121,986.001,0,0,0,5413.0,1168.0,6581.0
Schleswig-Holstein,2015-09,18,87,524.15,523.145,105,1047.295,0,0,0,5413.0,1168.0,6581.0
Schleswig-Holstein,2015-10,16,84,251.23,489.535,100,740.765,0,0,0,5413.0,1168.0,6581.0
Schleswig-Holstein,2015-11,8,91,345.45,571.042,99,916.492,0,0,0,5413.0,1168.0,6581.0
Schleswig-Holstein,2015-12,14,78,1094.925,577.556,92,1672.481,0,0,0,5413.0,1168.0,6581.0
Schleswig-Holstein,2016-01,7,78,696.4000000000001,448.303,85,1144.703,0,0,0,6835.0,1134.0,7969.0
Schleswig-Holstein,2016-02,11,76,203.07,446.894,87,649.9639999999999,0,0,0,6835.0,1134.0,7969.0
Schleswig-Holstein,2016-03,9,96,770.12,638.4110000000001,105,1408.531,0,0,0,6835.0,1134.0,7969.0
Schleswig-Holstein,2016-04,14,95,162.724,602.295,109,765.019,0,0,0,6835.0,1134.0,7969.0
Schleswig-Holstein,2016-05,16,110,386.144,799.69,126,1185.834,0,0,0,6835.0,1134.0,7969.0
Schleswig-Holstein,2016-06,15,125,479.21,885.251,140,1364.461,0,0,0,6835.0,1134.0,7969.0
Schleswig-Holstein,2016-07,15,100,260.36,569.438,115,829.798,0,0,0,6835.0,1134.0,7969.0
Schleswig-Holstein,2016-08,16,106,877.29,607.868,122,1485.158,0,0,0,6835.0,1134.0,7969.0
Schleswig-Holstein,2016-09,20,101,336.38,599.756,121,936.136,0,0,0,6835.0,1134.0,7969.0
Schleswig-Holstein,2016-10,17,92,1046.95,623.4,109,1670.35,0,0,0,6835.0,1134.0,7969.0
Schleswig-Holstein,2016-11,14,83,333.26,493.39,97,826.65,0,0,0,6835.0,1134.0,7969.0
Schleswig-Holstein,2016-12,13,76,1081.1,453.875,89,1534.975,0,0,0,6835.0,1134.0,7969.0
Schleswig-Holstein,2017-01,17,79,252.03,593.4,96,845.43,0,0,0,6037.0,1011.0,7048.0
Schleswig-Holstein,2017-02,15,100,337.03,892.729,115,1229.759,0,0,0,6037.0,1011.0,7048.0
Schleswig-Holstein,2017-03,21,100,621.23,636.75,121,1257.98,0,0,0,6037.0,1011.0,7048.0
Schleswig-Holstein,2017-04,15,103,1076.48,790.416,118,1866.8960000000002,0,0,0,6037.0,1011.0,7048.0
Schleswig-Holstein,2017-05,16,119,703.463,723.9879999999999,135,1427.451,0,0,0,6037.0,1011.0,7048.0
Schleswig-Holstein,2017-06,20,139,893.605,957.718,159,1851.3229999999999,0,0,0,6037.0,1011.0,7048.0
Schleswig-Holstein,2017-07,19,142,524.7850000000001,936.633,161,1461.4180000000001,0,0,0,6037.0,1011.0,7048.0
Schleswig-Holstein,2017-08,28,127,1605.075,987.74,155,2592.815,0,0,0,6037.0,1011.0,7048.0
Schleswig-Holstein,2017-09,19,121,478.69,944.885,140,1423.575,0,0,0,6037.0,1011.0,7048.0
Schleswig-Holstein,2017-10,15,117,435.84,758.0,132,1193.84,0,0,0,6037.0,1011.0,7048.0
Schleswig-Holstein,2017-11,29,122,519.035,1178.241,151,1697.2759999999998,0,0,0,6037.0,1011.0,7048.0
Schleswig-Holstein,2017-12,8,89,222.34000000000003,556.16,97,778.5,0,0,0,6037.0,1011.0,7048.0
Schleswig-Holstein,2018-01,15,116,794.1,1558.135,131,2352.235,0,0,0,5253.0,898.0,6151.0
Schleswig-Holstein,2018-02,14,99,318.23,614.81,113,933.04,0,0,0,5253.0,898.0,6151.0
Schleswig-Holstein,2018-03,16,121,402.17,861.09,137,1263.26,0,0,0,5253.0,898.0,6151.0
Schleswig-Holstein,2018-04,19,125,343.07,1158.69,144,1501.76,0,0,0,5253.0,898.0,6151.0
Schleswig-Holstein,2018-05,21,149,1210.27,1293.118,170,2503.388,0,0,0,5253.0,898.0,6151.0
Schleswig-Holstein,2018-06,21,151,1624.27,1479.465,172,3103.7349999999997,0,0,0,5253.0,898.0,6151.0
Schleswig-Holstein,2018-07,28,144,1675.596,1862.8600000000001,172,3538.456,0,0,0,5253.0,898.0,6151.0
Schleswig-Holstein,2018-08,29,128,1303.32,1154.774,157,2458.094,0,0,0,5253.0,898.0,6151.0
Schleswig-Holstein,2018-09,15,129,810.92,1048.965,144,1859.8849999999998,0,0,0,5253.0,898.0,6151.0
Schleswig-Holstein,2018-10,23,118,1553.865,1119.04,141,2672.9049999999997,0,0,0,5253.0,898.0,6151.0
Schleswig-Holstein,2018-11,18,126,712.08,1846.165,144,2558.245,0,0,0,5253.0,898.0,6151.0
Schleswig-Holstein,2018-12,29,90,2393.07,1155.115,119,3548.1850000000004,0,0,0,5253.0,898.0,6151.0
Schleswig-Holstein,2019-01,79,181,9854.745,7225.678,260,17080.423000000003,0,0,0,5485.0,913.0,6398.0
Schleswig-Holstein,2019-02,25,137,2534.68,1985.843,162,4520.523,0,0,0,5485.0,913.0,6398.0
Schleswig-Holstein,2019-03,34,164,2371.585,2940.675,198,5312.26,0,0,0,5485.0,913.0,6398.0
Schleswig-Holstein,2019-04,34,187,2123.72,2474.455,221,4598.174999999999,0,0,0,5485.0,913.0,6398.0
Schleswig-Holstein,2019-05,35,158,1498.02,1557.255,193,3055.275,0,0,0,5485.0,913.0,6398.0
Schleswig-Holstein,2019-06,40,198,1536.37,2422.585,238,3958.955,0,0,0,5485.0,913.0,6398.0
Schleswig-Holstein,2019-07,37,228,1666.8700000000001,2154.485,265,3821.3550000000005,0,0,0,5485.0,913.0,6398.0
Schleswig-Holstein,2019-08,36,199,1202.32,2390.32,235,3592.6400000000003,0,0,0,5485.0,913.0,6398.0
Schleswig-Holstein,2019-09,41,197,3368.23,1976.135,238,5344.365,0,0,0,5485.0,913.0,6398.0
Schleswig-Holstein,2019-10,28,219,2015.97,1729.845,247,3745.815,0,0,0,5485.0,913.0,6398.0
Schleswig-Holstein,2019-11,32,185,2097.637,1384.89,217,3482.527,0,0,0,5485.0,913.0,6398.0
Schleswig-Holstein,2019-12,18,114,1180.06,758.784,132,1938.844,0,0,0,5485.0,913.0,6398.0
Schleswig-Holstein,2020-01,36,243,2286.2,3428.02,279,5714.219999999999,0,0,0,5974.0,943.0,6917.0
Schleswig-Holstein,2020-02,32,225,1844.02,1960.259,257,3804.279,0,0,0,5974.0,943.0,6917.0
Schleswig-Holstein,2020-03,35,294,1420.195,2536.54,329,3956.7349999999997,0,0,0,5974.0,943.0,6917.0
Schleswig-Holstein,2020-04,39,358,3111.77,3592.553,397,6704.323,0,0,0,5974.0,943.0,6917.0
Schleswig-Holstein,2020-05,35,351,1128.805,4182.68,386,5311.485000000001,0,0,0,5974.0,943.0,6917.0
Schleswig-Holstein,2020-06,43,352,1529.09,2998.144,395,4527.2339999999995,0,0,0,5974.0,943.0,6917.0
Schleswig-Holstein,2020-07,52,351,3184.955,3127.56,403,6312.514999999999,0,0,0,5974.0,943.0,6917.0
Schleswig-Holstein,2020-08,36,403,955.56,2825.327,439,3780.887,0,0,0,5974.0,943.0,6917.0
Schleswig-Holstein,2020-09,64,470,4480.795,4030.56,534,8511.355,0,0,0,5974.0,943.0,6917.0
Schleswig-Holstein,2020-10,46,407,2640.19,3608.262,453,6248.452,0,0,0,5974.0,943.0,6917.0
Schleswig-Holstein,2020-11,40,408,1837.81,4699.137,448,6536.947,0,0,0,5974.0,943.0,6917.0
Schleswig-Holstein,2020-12,40,308,3021.116,2545.16,348,5566.276,0,0,0,5974.0,943.0,6917.0
Schleswig-Holstein,2021-01,39,353,1909.43,3268.137,392,5177.567,0,0,0,5459.0,810.0,6269.0
Schleswig-Holstein,2021-02,37,300,2009.135,2421.705,337,4430.84,0,0,0,5459.0,810.0,6269.0
Schleswig-Holstein,2021-03,49,487,3883.135,4374.285,536,8257.42,0,0,0,5459.0,810.0,6269.0
Schleswig-Holstein,2021-04,50,477,1972.235,4949.76,527,6921.995,0,0,0,5459.0,810.0,6269.0
Schleswig-Holstein,2021-05,37,484,1797.04,4336.43,521,6133.47,0,0,0,5459.0,810.0,6269.0
Schleswig-Holstein,2021-06,55,577,1517.3899999999999,5020.753,632,6538.143,0,0,0,5459.0,810.0,6269.0
Schleswig-Holstein,2021-07,51,456,3461.92,4357.698,507,7819.618,0,0,0,5459.0,810.0,6269.0
Schleswig-Holstein,2021-08,52,532,2330.745,4648.6630000000005,584,6979.408,0,0,0,5459.0,810.0,6269.0
Schleswig-Holstein,2021-09,52,587,1932.125,5942.627,639,7874.752,0,0,0,5459.0,810.0,6269.0
Schleswig-Holstein,2021-10,54,524,1926.87,4411.765,578,6338.635,0,0,0,5459.0,810.0,6269.0
Schleswig-Holstein,2021-11,35,548,1459.785,4397.415,583,5857.2,0,0,0,5459.0,810.0,6269.0
Schleswig-Holstein,2021-12,45,384,1680.875,3244.491,429,4925.366,0,0,0,5459.0,810.0,6269.0
Schleswig-Holstein,2022-01,43,573,2660.425,5622.195,616,8282.619999999999,0,0,0,5143.0,870.0,6013.0
Schleswig-Holstein,2022-02,53,600,1684.1299999999999,5089.481,653,6773.611,0,0,0,5143.0,870.0,6013.0
Schleswig-Holstein,2022-03,62,795,2396.305,6724.289,857,9120.594,0,0,0,5143.0,870.0,6013.0
Schleswig-Holstein,2022-04,39,753,2327.925,6634.565,792,8962.49,0,0,0,5143.0,870.0,6013.0
Schleswig-Holstein,2022-05,59,898,2208.225,6984.923,957,9193.148,0,0,0,5143.0,870.0,6013.0
Schleswig-Holstein,2022-06,63,882,2767.38,7246.734,945,10014.114000000001,0,0,0,5143.0,870.0,6013.0
Schleswig-Holstein,2022-07,50,834,2463.99,6143.899,884,8607.889,0,0,0,5143.0,870.0,6013.0
Schleswig-Holstein,2022-08,68,1246,2194.837,9888.044,1314,12082.881,0,0,0,5143.0,870.0,6013.0
Schleswig-Holstein,2022-09,74,1160,2774.285,9313.482,1234,12087.767,0,0,0,5143.0,870.0,6013.0
Schleswig-Holstein,2022-10,54,935,1464.21,6855.033,989,8319.243,0,0,0,5143.0,870.0,6013.0
Schleswig-Holstein,2022-11,69,948,3672.435,7275.28,1017,10947.715,0,0,0,5143.0,870.0,6013.0
Schleswig-Holstein,2022-12,41,561,1529.2,4492.437,602,6021.637,0,0,0,5143.0,870.0,6013.0
Schleswig-Holstein,2023-01,107,2106,2867.76,18624.763,2213,21492.523,1,0,1,4922.0,782.0,5704.0
Schleswig-Holstein,2023-02,87,1954,2752.73,15631.111,2041,18383.841,1,0,1,4922.0,782.0,5704.0
Schleswig-Holstein,2023-03,124,2537,4397.26,21119.501,2661,25516.761,1,0,1,4922.0,782.0,5704.0
Schleswig-Holstein,2023-04,91,2191,5145.954,17682.44,2282,22828.394,1,0,1,4922.0,782.0,5704.0
Schleswig-Holstein,2023-05,108,2588,5818.625,22242.07,2696,28060.695,1,0,1,4922.0,782.0,5704.0
Schleswig-Holstein,2023-06,135,2922,4718.869,26278.75,3057,30997.619,1,0,1,4922.0,782.0,5704.0
Schleswig-Holstein,2023-07,125,2762,5873.762,23382.446,2887,29256.208,1,0,1,4922.0,782.0,5704.0
Schleswig-Holstein,2023-08,113,2833,5298.53,25084.827,2946,30383.357,1,0,1,4922.0,782.0,5704.0
Schleswig-Holstein,2023-09,135,2557,3219.675,23130.255,2692,26349.93,1,0,1,4922.0,782.0,5704.0
Schleswig-Holstein,2023-10,103,1978,3657.56,17341.523,2081,20999.083000000002,1,0,1,4922.0,782.0,5704.0
Schleswig-Holstein,2023-11,120,2417,6967.92,21149.862,2537,28117.782,1,0,1,4922.0,782.0,5704.0
Schleswig-Holstein,2023-12,115,1650,6269.584,14725.314,1765,20994.898,1,0,1,4922.0,782.0,5704.0
Schleswig-Holstein,2024-01,146,2061,6994.005,21619.292,2207,28613.297000000002,1,0,1,3538.0,838.0,4376.0
Schleswig-Holstein,2024-02,95,1837,3381.366,15721.815,1932,19103.181,1,0,1,3538.0,838.0,4376.0
Schleswig-Holstein,2024-03,143,2115,6879.015,19210.902,2258,26089.916999999998,1,0,1,3538.0,838.0,4376.0
Schleswig-Holstein,2024-04,133,2115,9698.697,18956.192,2248,28654.889,1,0,1,3538.0,838.0,4376.0
Schleswig-Holstein,2024-05,110,1972,6237.524,17374.792,2082,23612.316000000003,1,0,1,3538.0,838.0,4376.0
Schleswig-Holstein,2024-06,146,2019,11470.415,18678.17,2165,30148.585,1,0,1,3538.0,838.0,4376.0
Schleswig-Holstein,2024-07,147,2101,9986.125,20223.827,2248,30209.952,1,0,1,3538.0,838.0,4376.0
Schleswig-Holstein,2024-08,117,1737,4898.905,15684.315,1854,20583.22,1,0,1,3538.0,838.0,4376.0
Schleswig-Holstein,2024-09,118,1743,5435.34,16248.872,1861,21684.212,1,0,1,3538.0,838.0,4376.0
Schleswig-Holstein,2024-10,118,1782,5722.125,17303.267,1900,23025.392,1,0,1,3538.0,838.0,4376.0
Schleswig-Holstein,2024-11,141,1644,6069.2,15909.178,1785,21978.378,1,0,1,3538.0,838.0,4376.0
Schleswig-Holstein,2024-12,124,1508,10374.071,16273.992,1632,26648.063000000002,1,0,1,3538.0,838.0,4376.0
Schleswig-Holstein,2025-01,148,1512,13224.97,19862.934,1660,33087.904,1,0,1,2888.0,726.0,3614.0
Schleswig-Holstein,2025-02,130,1286,7246.475,12325.549,1416,19572.024,1,0,1,2888.0,726.0,3614.0
Schleswig-Holstein,2025-03,90,1222,7025.246,10989.943,1312,18015.189,1,0,1,2888.0,726.0,3614.0
Schleswig-Holstein,2025-04,75,1222,4203.32,11237.745,1297,15441.065,1,0,1,2888.0,726.0,3614.0
Schleswig-Holstein,2025-05,76,1425,6769.1449999999995,14465.177,1501,21234.322,1,0,1,2888.0,726.0,3614.0
Schleswig-Holstein,2025-06,96,1404,3533.945,12891.254,1500,16425.199,1,0,1,2888.0,726.0,3614.0
Schleswig-Holstein,2025-07,134,1669,8763.605,15905.323,1803,24668.928,1,0,1,2888.0,726.0,3614.0
Schleswig-Holstein,2025-08,117,1188,3993.535,11129.789999999999,1305,15123.324999999999,1,0,1,2888.0,726.0,3614.0
Schleswig-Holstein,2025-09,108,1308,3823.613,12482.083,1416,16305.696,1,0,1,2888.0,726.0,3614.0
Schleswig-Holstein,2025-10,89,1085,5453.593,10055.981,1174,15509.574,1,0,1,2888.0,726.0,3614.0
Schleswig-Holstein,2025-11,103,1192,5309.81,11553.511,1295,16863.321,1,0,1,2888.0,726.0,3614.0
Schleswig-Holstein,2025-12,97,993,9101.67,10533.625,1090,19635.295,1,0,1,2888.0,726.0,3614.0
Thüringen,2015-01,22,64,749.715,567.237,86,1316.952,0,0,0,1883.0,696.0,2579.0
Thüringen,2015-02,7,49,509.4,283.79200000000003,56,793.192,0,0,0,1883.0,696.0,2579.0
Thüringen,2015-03,9,95,724.1,625.01,104,1349.1100000000001,0,0,0,1883.0,696.0,2579.0
Thüringen,2015-04,9,76,185.815,578.339,85,764.154,0,0,0,1883.0,696.0,2579.0
Thüringen,2015-05,22,77,645.345,555.6,99,1200.9450000000002,0,0,0,1883.0,696.0,2579.0
Thüringen,2015-06,16,106,296.865,644.78,122,941.645,0,0,0,1883.0,696.0,2579.0
Thüringen,2015-07,23,115,740.34,1079.295,138,1819.6350000000002,0,0,0,1883.0,696.0,2579.0
Thüringen,2015-08,18,93,851.251,490.014,111,1341.2649999999999,0,0,0,1883.0,696.0,2579.0
Thüringen,2015-09,21,92,486.055,1004.915,113,1490.97,0,0,0,1883.0,696.0,2579.0
Thüringen,2015-10,15,121,375.43,1296.15,136,1671.5800000000002,0,0,0,1883.0,696.0,2579.0
Thüringen,2015-11,15,81,1478.23,1263.661,96,2741.891,0,0,0,1883.0,696.0,2579.0
Thüringen,2015-12,23,74,2856.919,1338.771,97,4195.69,0,0,0,1883.0,696.0,2579.0
Thüringen,2016-01,8,53,959.72,340.947,61,1300.667,0,0,0,1965.0,647.0,2612.0
Thüringen,2016-02,13,64,1017.955,383.65,77,1401.605,0,0,0,1965.0,647.0,2612.0
Thüringen,2016-03,10,65,272.38,440.375,75,712.755,0,0,0,1965.0,647.0,2612.0
Thüringen,2016-04,16,93,710.17,533.664,109,1243.8339999999998,0,0,0,1965.0,647.0,2612.0
Thüringen,2016-05,5,102,311.40000000000003,580.688,107,892.088,0,0,0,1965.0,647.0,2612.0
Thüringen,2016-06,13,126,1710.64,622.972,139,2333.612,0,0,0,1965.0,647.0,2612.0
Thüringen,2016-07,10,102,1238.815,673.065,112,1911.88,0,0,0,1965.0,647.0,2612.0
Thüringen,2016-08,15,113,968.413,601.543,128,1569.9560000000001,0,0,0,1965.0,647.0,2612.0
Thüringen,2016-09,25,113,2915.6,1339.71,138,4255.3099999999995,0,0,0,1965.0,647.0,2612.0
Thüringen,2016-10,21,99,3421.74,553.984,120,3975.7239999999997,0,0,0,1965.0,647.0,2612.0
Thüringen,2016-11,22,114,4560.165,1431.267,136,5991.432,0,0,0,1965.0,647.0,2612.0
Thüringen,2016-12,34,88,17912.125,2312.568,122,20224.693,0,0,0,1965.0,647.0,2612.0
Thüringen,2017-01,5,62,710.4,400.605,67,1111.005,0,0,0,1889.0,683.0,2572.0
Thüringen,2017-02,10,78,824.44,595.255,88,1419.6950000000002,0,0,0,1889.0,683.0,2572.0
Thüringen,2017-03,18,123,1136.33,644.657,141,1780.987,0,0,0,1889.0,683.0,2572.0
Thüringen,2017-04,23,105,2282.84,689.322,128,2972.1620000000003,0,0,0,1889.0,683.0,2572.0
Thüringen,2017-05,20,154,2485.465,898.863,174,3384.3280000000004,0,0,0,1889.0,683.0,2572.0
Thüringen,2017-06,14,124,981.59,1067.555,138,2049.145,0,0,0,1889.0,683.0,2572.0
Thüringen,2017-07,20,145,4251.745,1527.92,165,5779.665,0,0,0,1889.0,683.0,2572.0
Thüringen,2017-08,23,144,1568.4299999999998,788.915,167,2357.345,0,0,0,1889.0,683.0,2572.0
Thüringen,2017-09,22,138,1973.3200000000002,1542.3,160,3515.62,0,0,0,1889.0,683.0,2572.0
Thüringen,2017-10,25,159,1939.56,889.495,184,2829.055,0,0,0,1889.0,683.0,2572.0
Thüringen,2017-11,16,167,1465.1000000000001,1522.242,183,2987.342,0,0,0,1889.0,683.0,2572.0
Thüringen,2017-12,12,79,2028.96,1054.955,91,3083.915,0,0,0,1889.0,683.0,2572.0
Thüringen,2018-01,32,129,8071.855,3099.149,161,11171.003999999999,0,0,0,1950.0,689.0,2639.0
Thüringen,2018-02,17,82,3999.36,1363.06,99,5362.42,0,0,0,1950.0,689.0,2639.0
Thüringen,2018-03,11,117,845.88,2112.518,128,2958.398,0,0,0,1950.0,689.0,2639.0
Thüringen,2018-04,31,121,3752.895,2423.875,152,6176.77,0,0,0,1950.0,689.0,2639.0
Thüringen,2018-05,25,136,5114.745,1810.5349999999999,161,6925.28,0,0,0,1950.0,689.0,2639.0
Thüringen,2018-06,33,146,4772.67,1882.068,179,6654.738,0,0,0,1950.0,689.0,2639.0
Thüringen,2018-07,33,153,10231.619999999999,2155.051,186,12386.670999999998,0,0,0,1950.0,689.0,2639.0
Thüringen,2018-08,32,187,5615.035,2120.7019999999998,219,7735.736999999999,0,0,0,1950.0,689.0,2639.0
Thüringen,2018-09,34,142,2704.092,1914.762,176,4618.854,0,0,0,1950.0,689.0,2639.0
Thüringen,2018-10,27,139,7134.375,1382.461,166,8516.836,0,0,0,1950.0,689.0,2639.0
Thüringen,2018-11,38,121,9363.795,1229.22,159,10593.015,0,0,0,1950.0,689.0,2639.0
Thüringen,2018-12,26,81,5028.959,2406.86,107,7435.8189999999995,0,0,0,1950.0,689.0,2639.0
Thüringen,2019-01,128,128,36156.825,5749.686,256,41906.511,0,0,0,1836.0,672.0,2508.0
Thüringen,2019-02,44,124,10542.275,3170.59,168,13712.865,0,0,0,1836.0,672.0,2508.0
Thüringen,2019-03,37,124,8283.39,3282.9700000000003,161,11566.36,0,0,0,1836.0,672.0,2508.0
Thüringen,2019-04,38,159,5338.614,1772.612,197,7111.226,0,0,0,1836.0,672.0,2508.0
Thüringen,2019-05,27,132,5855.72,1569.683,159,7425.403,0,0,0,1836.0,672.0,2508.0
Thüringen,2019-06,28,158,7357.42,1148.491,186,8505.911,0,0,0,1836.0,672.0,2508.0
Thüringen,2019-07,37,174,8611.695,1582.66,211,10194.355,0,0,0,1836.0,672.0,2508.0
Thüringen,2019-08,42,186,6287.4,3940.295,228,10227.695,0,0,0,1836.0,672.0,2508.0
Thüringen,2019-09,28,155,4920.23,1991.53,183,6911.759999999999,0,0,0,1836.0,672.0,2508.0
Thüringen,2019-10,39,181,5289.545,1497.355,220,6786.9,0,0,0,1836.0,672.0,2508.0
Thüringen,2019-11,28,167,4293.72,1808.8400000000001,195,6102.56,0,0,0,1836.0,672.0,2508.0
Thüringen,2019-12,20,98,2532.7000000000003,1909.045,118,4441.745000000001,0,0,0,1836.0,672.0,2508.0
Thüringen,2020-01,72,236,13781.2,3244.639,308,17025.839,0,0,0,2141.0,784.0,2925.0
Thüringen,2020-02,39,160,6053.985,1757.9470000000001,199,7811.932,0,0,0,2141.0,784.0,2925.0
Thüringen,2020-03,45,183,8039.73,2898.03,228,10937.76,0,0,0,2141.0,784.0,2925.0
Thüringen,2020-04,44,202,8250.615,2943.535,246,11194.15,0,0,0,2141.0,784.0,2925.0
Thüringen,2020-05,42,211,6887.9,3436.4449999999997,253,10324.345,0,0,0,2141.0,784.0,2925.0
Thüringen,2020-06,36,232,8660.68,3150.424,268,11811.104,0,0,0,2141.0,784.0,2925.0
Thüringen,2020-07,40,263,6454.21,4057.6800000000003,303,10511.89,0,0,0,2141.0,784.0,2925.0
Thüringen,2020-08,32,252,4023.27,2669.0460000000003,284,6692.316000000001,0,0,0,2141.0,784.0,2925.0
Thüringen,2020-09,42,271,7804.68,2381.197,313,10185.877,0,0,0,2141.0,784.0,2925.0
Thüringen,2020-10,45,300,8459.52,3047.06,345,11506.58,0,0,0,2141.0,784.0,2925.0
Thüringen,2020-11,37,305,4834.085,5438.68,342,10272.765,0,0,0,2141.0,784.0,2925.0
Thüringen,2020-12,38,259,5409.84,2897.765,297,8307.605,0,0,0,2141.0,784.0,2925.0
Thüringen,2021-01,41,226,7327.42,3767.33,267,11094.75,0,0,0,1734.0,699.0,2433.0
Thüringen,2021-02,23,179,3026.315,1311.938,202,4338.253000000001,0,0,0,1734.0,699.0,2433.0
Thüringen,2021-03,42,320,10257.915,4712.437,362,14970.352,0,0,0,1734.0,699.0,2433.0
Thüringen,2021-04,32,297,1377.45,2123.795,329,3501.245,0,0,0,1734.0,699.0,2433.0
Thüringen,2021-05,26,313,1530.7,2429.955,339,3960.6549999999997,0,0,0,1734.0,699.0,2433.0
Thüringen,2021-06,37,422,1942.79,4094.115,459,6036.905,0,0,0,1734.0,699.0,2433.0
Thüringen,2021-07,34,422,1937.0249999999999,3419.265,456,5356.29,0,0,0,1734.0,699.0,2433.0
Thüringen,2021-08,25,358,928.015,2759.392,383,3687.4069999999997,0,0,0,1734.0,699.0,2433.0
Thüringen,2021-09,26,402,1145.715,2839.11,428,3984.825,0,0,0,1734.0,699.0,2433.0
Thüringen,2021-10,41,442,1955.64,3669.585,483,5625.225,0,0,0,1734.0,699.0,2433.0
Thüringen,2021-11,28,379,2071.98,3019.3,407,5091.280000000001,0,0,0,1734.0,699.0,2433.0
Thüringen,2021-12,19,273,1140.465,2349.164,292,3489.629,0,0,0,1734.0,699.0,2433.0
Thüringen,2022-01,44,354,2851.975,2617.111,398,5469.085999999999,0,0,0,1788.0,749.0,2537.0
Thüringen,2022-02,29,373,2087.29,2859.895,402,4947.1849999999995,0,0,0,1788.0,749.0,2537.0
Thüringen,2022-03,43,431,7223.360000000001,3031.605,474,10254.965,0,0,0,1788.0,749.0,2537.0
Thüringen,2022-04,33,415,1535.945,3658.955,448,5194.9,0,0,0,1788.0,749.0,2537.0
Thüringen,2022-05,40,452,1940.305,3255.8360000000002,492,5196.1410000000005,0,0,0,1788.0,749.0,2537.0
Thüringen,2022-06,36,505,4139.22,3678.05,541,7817.27,0,0,0,1788.0,749.0,2537.0
Thüringen,2022-07,30,507,1148.1,3515.564,537,4663.664,0,0,0,1788.0,749.0,2537.0
Thüringen,2022-08,43,691,2138.985,4987.516,734,7126.501,0,0,0,1788.0,749.0,2537.0
Thüringen,2022-09,37,732,3111.985,5875.905,769,8987.89,0,0,0,1788.0,749.0,2537.0
Thüringen,2022-10,42,660,6857.64,4781.662,702,11639.302,0,0,0,1788.0,749.0,2537.0
Thüringen,2022-11,43,699,3536.52,5230.262,742,8766.782,0,0,0,1788.0,749.0,2537.0
Thüringen,2022-12,37,419,1840.2649999999999,2891.97,456,4732.235,0,0,0,1788.0,749.0,2537.0
Thüringen,2023-01,50,1205,2335.69,9438.344,1255,11774.034,0,0,0,1540.0,666.0,2206.0
Thüringen,2023-02,43,1106,1929.385,8763.742,1149,10693.127,0,0,0,1540.0,666.0,2206.0
Thüringen,2023-03,63,1369,5785.355,10898.136,1432,16683.491,0,0,0,1540.0,666.0,2206.0
Thüringen,2023-04,64,1158,5277.046,8880.046,1222,14157.092,0,0,0,1540.0,666.0,2206.0
Thüringen,2023-05,68,1513,4682.305,13045.064,1581,17727.369,0,0,0,1540.0,666.0,2206.0
Thüringen,2023-06,83,1882,6858.146,14763.184,1965,21621.329999999998,0,0,0,1540.0,666.0,2206.0
Thüringen,2023-07,80,1713,6139.19,13716.619,1793,19855.809,0,0,0,1540.0,666.0,2206.0
Thüringen,2023-08,92,1576,6747.945,13270.496,1668,20018.441,0,0,0,1540.0,666.0,2206.0
Thüringen,2023-09,76,1608,5612.6,13307.808,1684,18920.408000000003,0,0,0,1540.0,666.0,2206.0
Thüringen,2023-10,72,1473,5716.0199999999995,11890.719000000001,1545,17606.739,0,0,0,1540.0,666.0,2206.0
Thüringen,2023-11,83,1427,7684.055,11833.144,1510,19517.199,0,0,0,1540.0,666.0,2206.0
Thüringen,2023-12,76,1005,8473.5,9968.603,1081,18442.103,0,0,0,1540.0,666.0,2206.0
Thüringen,2024-01,112,1302,12623.817,13200.83,1414,25824.646999999997,0,0,0,1193.0,692.0,1885.0
Thüringen,2024-02,74,1082,6729.139999999999,8607.884,1156,15337.024,0,0,0,1193.0,692.0,1885.0
Thüringen,2024-03,58,1357,10060.82,11186.82,1415,21247.64,0,0,0,1193.0,692.0,1885.0
Thüringen,2024-04,68,1549,4797.795,12572.284,1617,17370.078999999998,0,0,0,1193.0,692.0,1885.0
Thüringen,2024-05,81,1394,7758.0599999999995,12026.637,1475,19784.697,0,0,0,1193.0,692.0,1885.0
Thüringen,2024-06,93,1434,7653.23,11730.485,1527,19383.715,0,0,0,1193.0,692.0,1885.0
Thüringen,2024-07,105,1491,8298.305,15809.223,1596,24107.528,0,0,0,1193.0,692.0,1885.0
Thüringen,2024-08,98,1214,8090.95,9892.104,1312,17983.054,0,0,0,1193.0,692.0,1885.0
Thüringen,2024-09,64,1134,8758.455,9901.828,1198,18660.283,0,0,0,1193.0,692.0,1885.0
Thüringen,2024-10,69,1008,9921.79,9399.47,1077,19321.260000000002,0,0,0,1193.0,692.0,1885.0
Thüringen,2024-11,91,1019,7413.35,9325.429,1110,16738.779000000002,0,0,0,1193.0,692.0,1885.0
Thüringen,2024-12,93,864,23345.367000000002,8947.73,957,32293.097,0,0,0,1193.0,692.0,1885.0
Thüringen,2025-01,121,897,17773.755,10008.997,1018,27782.752,0,0,0,660.0,585.0,1245.0
Thüringen,2025-02,82,661,5673.445,6220.661,743,11894.106,0,0,0,660.0,585.0,1245.0
Thüringen,2025-03,42,693,3884.475,6473.673,735,10358.148,0,0,0,660.0,585.0,1245.0
Thüringen,2025-04,67,817,10316.22,6664.562,884,16980.782,0,0,0,660.0,585.0,1245.0
Thüringen,2025-05,56,857,4413.53,7754.45,913,12167.98,0,0,0,660.0,585.0,1245.0
Thüringen,2025-06,59,849,2500.45,7683.07,908,10183.52,0,0,0,660.0,585.0,1245.0
Thüringen,2025-07,70,895,8057.57,8424.986,965,16482.556,0,0,0,660.0,585.0,1245.0
Thüringen,2025-08,65,757,6846.23,7083.625,822,13929.855,0,0,0,660.0,585.0,1245.0
Thüringen,2025-09,73,737,7012.715,6683.425,810,13696.14,0,0,0,660.0,585.0,1245.0
Thüringen,2025-10,54,664,4642.79,6847.979,718,11490.769,0,0,0,660.0,585.0,1245.0
Thüringen,2025-11,56,660,4544.48,5688.1230000000005,716,10232.603,0,0,0,660.0,585.0,1245.0
Thüringen,2025-12,72,563,9567.315,6367.528,635,15934.843,0,0,0,660.0,585.0,1245.0
